user,action,camera,gt,n_cameras,beta_n_frames,angle_deg,n_frames,conf_thresh,stature_mm,joint_variant,err_smooth_all_mm,err_smooth_conf_mm,err_placed_all_mm,err_placed_conf_mm,err_smooth_all_pct_stature,err_smooth_conf_pct_stature,err_placed_all_pct_stature,err_placed_conf_pct_stature,pa_mpjpe_mm,n_mpjpe_mm,beta_00,beta_01,beta_02,beta_03,beta_04,beta_05,beta_06,beta_07,beta_08,beta_09,errj_Hip_mm,errj_RHip_mm,errj_RKnee_mm,errj_RAnkle_mm,errj_LHip_mm,errj_LKnee_mm,errj_LAnkle_mm,errj_Spine_mm,errj_Thorax_mm,errj_Nose_mm,errj_Head_mm,errj_LShoulder_mm,errj_LElbow_mm,errj_LWrist_mm,errj_RShoulder_mm,errj_RElbow_mm,errj_RWrist_mm,bone_r_thigh_ratio,bone_r_shank_ratio,bone_l_thigh_ratio,bone_l_shank_ratio,bone_l_upperarm_ratio,bone_l_forearm_ratio,bone_r_upperarm_ratio,bone_r_forearm_ratio,bone_hip_width_ratio,bone_shoulder_width_ratio
B010,B010_GMS_1_1,2,triangulated,3,150,221.18,205,0.3,1020.0,smooth_all,106.071,101.121,111.019,105.75,10.399,9.914,10.884,10.368,40.541,52.881,-0.41136,-0.10793,-0.01292,0.01276,0.01662,-0.03386,0.00357,-0.00977,-0.09446,-0.01074,111.334,112.836,105.083,94.47,118.833,82.022,88.021,,106.133,,,103.806,122.047,141.156,101.009,93.257,81.866,1.4176,1.0554,1.3061,1.1053,1.0966,0.9992,1.0366,1.0406,1.366,0.7987
B010,B010_GMS_1_1,1,triangulated,3,195,265.93,205,0.3,1020.0,smooth_all,81.107,81.107,88.058,88.058,7.952,7.952,8.633,8.633,38.425,53.005,-0.15039,-0.10731,0.02177,0.01387,0.01619,-0.0348,0.00359,-0.00491,-0.06138,-0.00291,78.088,82.935,76.014,75.943,78.846,76.2,88.762,,91.536,,,97.122,79.623,82.897,80.964,53.551,73.224,1.3763,1.0919,1.2958,1.0965,1.1288,1.0338,1.0637,1.039,1.2121,0.7625
B010,B010_GMS_1_1,3,triangulated,3,106,313.07,205,0.3,1020.0,smooth_all,98.431,93.456,103.771,99.193,9.65,9.162,10.174,9.725,46.197,54.175,-0.34284,-0.03092,0.03398,0.0394,0.01537,-0.03941,-0.03231,-0.00813,-0.00362,0.00309,87.425,95.392,96.629,91.93,97.318,65.026,76.985,,84.666,,,108.842,100.41,130.481,77.889,113.996,152.349,1.2933,1.0031,1.3371,1.1091,1.1278,1.0216,1.1131,1.0309,1.3127,0.8021
B010,B010_GMS_1_3,2,triangulated,3,102,223.58,113,0.3,1020.0,smooth_all,80.937,81.02,87.56,87.398,7.935,7.943,8.584,8.568,41.421,52.436,-0.35046,-0.0753,0.00917,0.00515,0.0168,-0.03623,0.00365,-0.00883,-0.06461,-0.0112,86.07,101.881,49.409,55.573,82.354,70.463,72.642,,90.388,,,92.272,96.581,92.068,89.206,81.906,72.299,1.2016,1.1587,1.3121,1.0995,1.0967,0.9999,1.0638,0.9981,1.3225,0.8061
B010,B010_GMS_1_3,1,triangulated,3,113,268.06,113,0.3,1020.0,smooth_all,113.417,113.417,114.381,114.381,11.119,11.119,11.214,11.214,38.694,52.473,-0.10177,-0.0463,0.0319,0.03822,0.01935,-0.03085,-0.00636,-0.00959,-0.00296,0.017,115.025,122.229,93.125,57.926,111.843,102.83,64.923,,161.283,,,151.402,124.857,105.87,144.901,112.124,121.021,1.2121,1.1234,1.3557,1.1102,1.0809,1.0323,1.0961,0.9695,1.1669,0.7681
B010,B010_GMS_1_3,3,triangulated,3,113,313.89,113,0.3,1020.0,smooth_all,74.996,74.996,76.781,76.781,7.353,7.353,7.528,7.528,45.591,56.17,-0.32295,0.01925,-0.01074,0.0203,0.00013,-0.04164,0.01093,-0.00718,-0.0665,0.00362,72.528,90.236,35.69,28.059,80.823,59.465,58.317,,84.225,,,64.551,68.849,67.528,83.649,75.337,179.265,1.2288,1.0859,1.3363,1.1273,1.0858,1.0894,1.1189,0.9302,1.305,0.7956
B010,B010_GMS_1_4,2,triangulated,3,94,222.24,138,0.3,1020.0,smooth_all,76.264,76.264,78.844,78.844,7.477,7.477,7.73,7.73,38.84,49.118,-0.43537,-0.06832,-0.02552,-0.00981,0.00973,-0.03289,0.0042,-0.00621,-0.08962,-0.01267,82.361,89.412,84.519,73.111,90.289,49.49,61.851,,69.47,,,64.703,67.165,81.307,76.966,91.634,96.153,1.315,1.1629,1.2713,1.0564,1.1357,0.963,1.0811,0.9782,1.3496,0.8128
B010,B010_GMS_1_4,1,triangulated,3,106,266.88,138,0.3,1020.0,smooth_all,74.259,74.259,77.042,77.042,7.28,7.28,7.553,7.553,44.956,60.351,-0.21929,-0.04388,-0.00326,0.01004,0.0162,-0.01697,-0.01354,-0.01243,-0.01704,0.01066,57.762,60.675,102.463,112.757,59.633,58.867,64.781,,76.963,,,87.0,72.832,87.878,57.351,54.033,94.767,1.3466,1.1036,1.2741,1.0964,1.1609,1.0122,1.0799,1.0096,1.1727,0.7402
B010,B010_GMS_1_4,3,triangulated,3,62,313.43,138,0.3,1020.0,smooth_all,63.656,63.07,73.037,72.944,6.241,6.183,7.16,7.151,46.019,55.943,-0.37326,-0.01403,0.04097,0.05496,0.01253,-0.01975,-0.05551,-0.01071,0.03727,0.02274,49.335,63.297,53.986,57.982,61.081,60.727,57.104,,56.169,,,52.773,79.321,113.871,50.962,48.56,87.361,1.2283,0.9401,1.2913,1.1009,1.1983,0.9683,1.097,0.9636,1.319,0.7964
B010,B010_GMS_1_5,2,triangulated,3,113,220.01,132,0.3,1020.0,smooth_all,81.802,80.691,88.385,86.793,8.02,7.911,8.665,8.509,40.303,50.954,-0.36345,-0.05884,0.04444,0.06598,0.02648,-0.01752,-0.02049,-0.0079,-0.0124,-0.00219,89.584,98.534,69.029,93.444,87.95,61.431,82.773,,76.717,,,76.649,86.168,90.871,78.481,74.708,77.47,1.2288,1.1394,1.2844,1.0952,1.113,0.9989,1.0974,1.0561,1.3154,0.7929
B010,B010_GMS_1_5,1,triangulated,3,132,266.39,132,0.3,1020.0,smooth_all,97.244,97.244,96.5,96.5,9.534,9.534,9.461,9.461,43.5,50.541,-0.30108,-0.06119,0.03478,0.0447,0.00716,-0.02809,-0.02274,-0.01583,-0.02448,0.00599,112.092,109.142,82.966,75.25,111.008,97.585,79.085,,92.645,,,107.998,135.899,123.21,87.736,61.739,67.63,1.199,1.1259,1.2515,1.1006,1.1191,1.0118,1.0776,0.9877,1.2366,0.7655
B010,B010_GMS_1_5,3,triangulated,3,112,315.1,132,0.3,1020.0,smooth_all,80.129,77.646,79.769,77.264,7.856,7.612,7.82,7.575,40.197,49.127,-0.34579,-0.0697,0.00329,0.05204,-0.00494,-0.03375,0.00644,-0.01393,-0.07218,0.00363,70.806,77.094,66.151,67.5,87.681,59.449,79.444,,75.077,,,74.744,75.168,97.584,75.327,93.98,122.911,1.236,1.0934,1.3043,1.1182,1.1054,1.0879,1.0906,0.9569,1.3104,0.7908
B010,B010_GMS_1_6,2,triangulated,3,125,222.14,172,0.3,1020.0,smooth_all,66.865,64.715,68.253,66.051,6.555,6.345,6.691,6.476,44.385,55.849,-0.25293,0.04281,0.08039,0.13574,0.03951,0.00886,-0.05682,-0.01098,0.09189,0.02862,58.418,59.708,87.529,134.684,64.879,37.324,61.198,,65.483,,,64.801,52.994,73.422,48.856,65.071,65.991,1.2435,1.1485,1.2947,1.0579,1.1188,0.9951,1.1175,1.0672,1.2723,0.8
B010,B010_GMS_1_6,1,triangulated,3,134,266.34,172,0.3,1020.0,smooth_all,131.04,131.04,130.37,130.37,12.847,12.847,12.781,12.781,41.722,60.893,-0.21696,0.01979,0.05904,0.10601,0.01817,-0.00593,-0.05047,-0.0097,0.08233,0.04121,117.654,127.363,121.594,125.93,111.692,164.539,118.825,,173.293,,,163.276,115.47,85.952,158.178,124.862,115.474,1.1909,1.0664,1.2632,1.0806,1.075,1.0026,1.0905,0.9608,1.2078,0.7959
B010,B010_GMS_1_6,3,triangulated,3,131,312.67,172,0.3,1020.0,smooth_all,122.697,122.697,124.628,124.628,12.029,12.029,12.218,12.218,60.561,82.102,-0.26546,-0.01334,0.02931,0.07989,0.01429,-0.02083,-0.04334,-0.01173,0.04273,0.0402,112.277,105.288,125.217,153.864,133.768,96.526,61.277,,139.908,,,146.127,119.384,118.823,130.621,120.846,154.38,1.1836,1.0114,1.2814,1.1046,1.0938,0.9962,1.0904,0.9466,1.2715,0.8141
B010,B010_GMS_1_7,2,triangulated,3,208,224.38,208,0.3,1020.0,smooth_all,122.788,120.356,127.437,125.153,12.038,11.8,12.494,12.27,46.036,63.711,-0.36343,-0.08432,0.05275,0.04896,0.02144,-0.03121,-0.03167,-0.00972,-0.00753,0.0083,114.801,124.573,116.87,82.896,116.969,118.71,148.252,,138.334,,,137.434,127.509,158.898,121.855,63.737,82.713,1.2931,1.0845,1.2392,0.9994,1.1462,0.9808,1.1481,0.9666,1.3078,0.8503
B010,B010_GMS_1_7,1,triangulated,3,208,268.72,208,0.3,1020.0,smooth_all,160.846,160.846,159.011,159.011,15.769,15.769,15.589,15.589,40.246,70.025,-0.09958,-0.09089,0.02601,0.00098,0.00851,-0.019,-0.01171,-0.00772,-0.04106,0.00279,151.134,151.678,124.782,104.073,153.317,105.577,101.395,,221.565,,,208.47,194.73,152.94,203.198,244.638,227.1,1.2401,1.1158,1.2883,1.0388,1.1103,1.0236,1.1804,0.9662,1.2154,0.8059
B010,B010_GMS_1_7,3,triangulated,3,57,314.11,208,0.3,1020.0,smooth_all,138.155,115.011,141.983,119.173,13.545,11.276,13.92,11.684,71.335,84.478,-0.25641,-0.06779,-0.02564,-0.027,-0.0102,-0.03708,0.03995,-0.00787,-0.10539,-0.01041,135.137,141.663,83.196,73.56,137.819,125.935,98.172,,105.114,,,107.308,120.961,107.497,100.843,212.578,376.88,1.2953,1.1156,1.2571,1.0432,1.1434,1.0606,1.0731,1.0106,1.2645,0.832
B010,B010_GMS_2_1,2,triangulated,3,35,221.77,260,0.3,1020.0,smooth_all,96.259,86.564,108.524,99.439,9.437,8.487,10.64,9.749,53.488,62.837,-0.33186,-0.07775,0.01019,0.01588,0.01294,-0.03308,0.01464,-0.00125,-0.11041,-0.00453,82.297,101.698,91.023,76.941,71.536,62.656,73.976,,97.434,,,101.388,151.808,175.886,65.358,61.96,128.828,1.1902,1.0654,1.2459,1.0004,1.1265,1.0171,1.0993,1.0004,1.3533,0.8247
B010,B010_GMS_2_1,1,triangulated,3,243,267.69,260,0.3,1020.0,smooth_all,80.591,79.765,80.458,79.366,7.901,7.82,7.888,7.781,43.418,52.177,-0.16231,-0.09408,0.07195,0.07423,0.04762,-0.02231,-0.01548,-0.01723,-0.01057,0.00806,73.257,73.601,67.436,55.584,81.476,85.203,82.938,,81.251,,,79.987,126.326,97.523,82.647,82.924,104.849,1.2013,1.1019,1.2913,1.0595,1.0077,1.0546,1.078,0.9495,1.2312,0.8004
B010,B010_GMS_2_1,3,triangulated,3,165,315.2,260,0.3,1020.0,smooth_all,78.752,70.352,91.751,83.356,7.721,6.897,8.995,8.172,49.715,62.739,-0.29844,-0.06535,0.03409,0.06991,0.02222,-0.0385,-0.00199,-0.01041,-0.03751,0.00644,64.789,71.615,54.373,50.442,79.438,58.202,83.117,,71.565,,,74.19,53.053,29.836,62.759,119.839,174.781,1.1962,1.0767,1.2985,1.0984,1.0769,1.0792,1.089,1.0225,1.3529,0.7996
B010,B010_GMS_2_2,2,triangulated,3,166,220.91,255,0.3,1020.0,smooth_all,79.56,75.924,85.014,81.39,7.8,7.444,8.335,7.979,44.166,53.475,-0.45519,-0.06926,-0.02599,0.0162,0.0066,-0.02973,-0.00673,-0.00488,-0.09548,-0.01484,85.66,87.653,77.339,49.46,92.68,41.896,53.8,,87.268,,,73.625,90.852,127.234,94.244,77.651,69.316,1.4034,0.9518,1.1907,1.0952,1.1299,0.9276,1.1368,1.01,1.3109,0.8083
B010,B010_GMS_2_2,1,triangulated,3,255,267.78,255,0.3,1020.0,smooth_all,86.701,86.701,87.152,87.152,8.5,8.5,8.544,8.544,47.149,62.791,-0.15921,-0.06093,0.03139,0.03588,0.01888,-0.02147,-0.01926,-0.00891,-0.01824,0.00587,76.305,78.955,126.471,133.886,79.551,52.914,73.055,,75.72,,,84.222,69.256,76.16,72.302,91.766,118.492,1.345,1.0462,1.184,1.0946,1.1164,0.9924,1.1006,0.9935,1.2113,0.7653
B010,B010_GMS_2_2,3,triangulated,3,157,316.25,255,0.3,1020.0,smooth_all,110.802,105.653,119.381,114.142,10.863,10.358,11.704,11.19,55.922,65.588,-0.33522,-0.06864,-0.01313,0.00608,0.00404,-0.04213,0.003,-0.01259,-0.08375,-0.01759,103.706,112.779,96.85,79.954,109.861,88.897,68.473,,130.537,,,101.933,100.08,147.418,124.347,118.604,178.781,1.2397,0.9743,1.2139,1.0674,1.1678,1.0,1.1402,0.9708,1.3029,0.81
B010,B010_GMS_2_3,2,triangulated,3,109,217.19,156,0.3,1020.0,smooth_all,92.217,88.729,102.519,99.164,9.041,8.699,10.051,9.722,38.479,48.971,-0.30019,-0.03436,0.06313,0.08448,0.03103,-0.00778,-0.02682,-0.01504,0.01611,0.0014,94.561,106.166,77.358,50.608,89.023,77.638,81.479,,109.199,,,115.282,106.902,123.017,83.408,94.564,79.078,1.2412,1.1445,1.2605,1.0844,1.0901,0.999,1.1133,1.0045,1.3042,0.7953
B010,B010_GMS_2_3,1,triangulated,3,156,265.75,156,0.3,1020.0,smooth_all,120.91,120.91,125.344,125.344,11.854,11.854,12.289,12.289,37.522,53.88,-0.11236,-0.04416,0.02665,0.00121,0.02092,-0.03448,-0.01329,-0.00888,-0.02369,0.0144,117.631,131.283,112.667,64.049,102.702,133.219,78.761,,178.093,,,167.753,128.35,91.783,156.263,120.067,97.612,1.263,1.1195,1.2238,1.139,1.0436,1.0497,1.0663,0.9617,1.2141,0.7781
B010,B010_GMS_2_3,3,triangulated,3,117,317.29,156,0.3,1020.0,smooth_all,110.964,109.227,104.215,102.415,10.879,10.709,10.217,10.041,41.6,50.262,-0.31762,-0.08658,-0.01758,-0.02912,-0.01641,-0.04459,0.00941,-0.01494,-0.12795,-0.02494,109.567,125.7,119.964,80.187,108.539,92.796,47.806,,139.108,,,106.015,108.681,92.935,140.188,121.53,151.81,1.2456,1.0813,1.2028,1.1304,1.0828,1.065,1.0807,1.0023,1.3629,0.7904
B010,B010_GMS_2_4,2,triangulated,3,120,213.26,196,0.3,1020.0,smooth_all,88.602,86.078,93.249,90.318,8.686,8.439,9.142,8.855,47.427,54.561,-0.36656,-0.10052,0.01096,0.03505,0.01729,-0.0246,0.0192,-0.00268,-0.09123,-0.00687,83.202,96.671,77.95,55.331,82.653,81.719,90.182,,89.87,,,96.643,94.701,120.821,71.188,100.78,107.74,1.1959,1.0916,1.2853,1.0028,1.1052,0.9629,1.1102,0.9681,1.3468,0.7828
B010,B010_GMS_2_4,1,triangulated,3,150,265.13,196,0.3,1020.0,smooth_all,135.226,131.502,138.444,135.449,13.257,12.892,13.573,13.279,51.317,67.554,-0.31214,-0.07516,0.01722,0.03508,0.02219,-0.03529,-0.00088,-0.01079,-0.03125,0.00391,153.415,144.088,134.252,105.033,152.248,126.577,102.754,,157.2,,,160.955,163.423,101.099,138.827,130.635,114.174,1.2543,1.1139,1.3736,1.0416,1.1303,1.0115,1.086,0.9915,1.2136,0.7725
B010,B010_GMS_2_4,3,triangulated,3,130,320.94,196,0.3,1020.0,smooth_all,71.402,70.214,81.353,80.414,7.0,6.884,7.976,7.884,47.613,51.496,-0.41383,-0.08019,0.00099,0.0173,-0.00771,-0.04561,0.01387,-0.00918,-0.10935,-0.01806,68.894,74.876,66.142,48.102,85.492,80.428,104.186,,54.994,,,50.999,65.997,78.391,49.748,58.519,117.688,1.2152,1.0812,1.4386,0.9622,1.1299,1.0478,1.0837,0.9119,1.3616,0.8011
B010,B010_GMS_2_5,2,triangulated,3,151,222.29,193,0.3,1020.0,smooth_all,88.717,85.018,104.953,101.361,8.698,8.335,10.29,9.937,44.235,53.249,-0.4616,-0.03208,-0.01135,0.04014,0.01893,-0.02619,-0.01117,-0.00558,-0.04254,0.00084,91.747,95.525,70.434,61.818,97.273,62.104,69.886,,79.54,,,75.244,115.847,141.587,85.267,120.558,128.444,1.3059,1.0962,1.2778,1.0788,1.1018,1.0415,1.0996,1.0343,1.3232,0.8054
B010,B010_GMS_2_5,1,triangulated,3,193,266.8,193,0.3,1020.0,smooth_all,123.553,123.553,140.121,140.121,12.113,12.113,13.737,13.737,38.082,52.552,-0.18117,-0.0471,0.02103,0.04662,0.01426,-0.02853,-0.01903,-0.00948,0.00334,0.01626,133.712,132.892,115.249,113.74,135.351,81.405,95.326,,134.139,,,135.715,87.241,107.486,141.683,214.818,161.1,1.2964,1.0906,1.3215,1.0732,1.0964,1.0084,1.1104,1.0393,1.2357,0.7613
B010,B010_GMS_2_5,3,triangulated,3,121,313.25,193,0.3,1020.0,smooth_all,92.09,84.701,108.002,100.685,9.028,8.304,10.588,9.871,50.292,57.412,-0.38503,-0.07447,-0.01187,0.00652,-0.00675,-0.04622,0.01393,-0.01347,-0.10432,-0.01872,76.845,81.802,84.958,84.359,88.546,56.993,68.448,,85.549,,,85.406,98.798,102.812,88.729,117.746,173.811,1.2652,0.9669,1.2295,1.0881,1.1315,1.0323,1.089,0.9427,1.3343,0.8216
B010,B010_GMS_4_1,2,triangulated,3,83,223.77,87,0.3,1020.0,smooth_all,82.121,82.121,82.53,82.53,8.051,8.051,8.091,8.091,56.594,62.809,-0.38196,0.01586,0.00527,0.03826,0.02626,-0.01316,-0.02371,-0.00617,0.02435,0.00978,75.225,86.599,62.123,36.328,83.751,69.882,68.061,,64.388,,,78.216,83.337,276.2,35.565,50.255,73.696,1.1524,1.2069,1.284,1.1358,1.17,0.871,1.1873,0.9872,1.2706,0.7611
B010,B010_GMS_4_1,1,triangulated,3,87,267.55,87,0.3,1020.0,smooth_all,252.468,252.468,251.714,251.714,24.752,24.752,24.678,24.678,37.335,58.776,-0.171,-0.03104,-0.02174,-0.02672,0.01335,-0.03437,-0.00183,-0.00251,-0.07281,-0.00231,241.167,236.5,213.611,130.302,247.21,244.267,155.209,,316.987,,,320.24,292.589,336.123,292.114,281.042,256.806,1.1953,1.1236,1.2547,1.1141,1.1001,0.9709,1.2074,1.0012,1.1528,0.7535
B010,B010_GMS_4_1,3,triangulated,3,86,312.86,87,0.3,1020.0,smooth_all,156.653,156.653,159.672,159.672,15.358,15.358,15.654,15.654,52.178,73.784,-0.37055,-0.0324,-0.05034,0.02124,-0.0023,-0.03286,0.00716,0.00041,-0.07289,-0.00431,152.505,189.719,172.523,96.893,135.742,134.242,56.41,,217.862,,,164.273,87.994,60.135,231.084,186.182,283.451,1.2673,1.1297,1.2157,1.0413,1.211,0.9742,1.1783,0.9213,1.4663,0.7678
B010,B010_GMS_4_2,2,triangulated,3,148,223.44,161,0.3,1020.0,smooth_all,94.848,94.944,97.152,97.123,9.299,9.308,9.525,9.522,36.952,47.71,-0.30534,0.03752,0.01703,0.03421,0.01794,-0.01364,-0.03425,-0.00737,0.03989,0.01066,101.902,109.995,75.63,48.95,101.451,73.457,59.888,,123.005,,,129.954,100.555,129.228,88.717,99.483,86.428,1.2165,1.2257,1.2966,1.0992,1.1339,0.9409,1.1175,0.9933,1.2991,0.8118
B010,B010_GMS_4_2,1,triangulated,3,161,267.56,161,0.3,1020.0,smooth_all,112.148,112.148,115.712,115.712,10.995,10.995,11.344,11.344,38.082,51.455,-0.15099,-0.00561,-0.00711,-0.03195,-1e-05,-0.03719,-0.01146,-0.00306,-0.02622,0.01059,111.714,110.951,86.069,74.823,116.409,100.601,80.792,,136.163,,,135.616,123.178,122.835,133.401,117.508,123.149,1.2276,1.1498,1.3054,1.1242,1.1058,0.9968,1.0804,0.982,1.2073,0.7903
B010,B010_GMS_4_2,3,triangulated,3,161,313.25,161,0.3,1020.0,smooth_all,120.034,120.034,119.469,119.469,11.768,11.768,11.713,11.713,38.274,51.351,-0.27961,-0.03855,0.00504,0.004,0.00194,-0.03567,-0.01316,-0.00429,-0.04766,-0.00466,139.535,157.627,126.163,62.278,124.824,97.645,40.808,,162.586,,,134.081,134.898,100.142,161.118,122.633,126.509,1.2609,1.1535,1.3064,1.1023,1.1371,0.9874,1.0867,0.9675,1.3349,0.8185
B010,B010_GMS_4_3,2,triangulated,3,97,222.32,103,0.3,1020.0,smooth_all,84.162,83.8,88.998,88.619,8.251,8.216,8.725,8.688,42.503,45.813,-0.35948,0.0737,0.00103,0.08286,0.00507,-0.00568,-0.04556,-0.01071,0.0662,0.02907,77.479,86.905,85.206,56.115,79.493,76.909,85.87,,94.43,,,94.068,68.542,61.28,78.251,105.072,128.166,1.1955,1.1482,1.2613,1.1017,1.1004,0.8855,1.1545,0.9748,1.3188,0.8538
B010,B010_GMS_4_3,1,triangulated,3,103,266.65,103,0.3,1020.0,smooth_all,148.495,148.495,148.821,148.821,14.558,14.558,14.59,14.59,39.352,49.807,-0.32233,0.06489,-0.04523,0.01105,-0.02052,-0.02591,-0.04152,-0.01292,0.02965,0.02693,140.394,131.414,100.46,124.196,150.074,95.207,132.121,,185.995,,,190.563,154.634,174.361,190.745,148.506,158.638,1.2547,1.0981,1.2872,1.1219,1.0919,0.9211,1.0781,0.9516,1.2092,0.7934
B010,B010_GMS_4_3,3,triangulated,3,103,312.97,103,0.3,1020.0,smooth_all,62.332,62.332,60.062,60.062,6.111,6.111,5.888,5.888,47.404,53.435,-0.42867,-0.0004,-0.03409,0.08961,-0.008,-0.01895,-0.03509,-0.01579,0.00289,0.00736,52.139,60.758,95.997,68.165,69.71,88.935,91.114,,44.401,,,37.255,46.908,64.632,34.965,41.583,76.08,1.2245,1.0496,1.3243,1.0833,1.1679,0.9846,1.0655,0.931,1.3589,0.8591
B010,B010_GMS_4_4,2,triangulated,3,79,221.91,131,0.3,1020.0,smooth_all,106.064,104.973,109.456,107.928,10.398,10.291,10.731,10.581,42.155,48.89,-0.28839,-0.00279,0.03371,0.09581,0.01128,-0.00583,-0.01801,-0.01334,-0.00022,0.00174,103.751,111.796,83.804,41.323,102.748,103.576,85.322,,128.233,,,131.562,114.573,132.72,105.336,126.183,116.697,1.1765,1.2188,1.2897,1.0891,1.1231,0.9292,1.1327,0.9804,1.304,0.8204
B010,B010_GMS_4_4,1,triangulated,3,117,266.45,131,0.3,1020.0,smooth_all,62.002,62.002,61.569,61.569,6.079,6.079,6.036,6.036,41.254,46.121,-0.27964,0.00807,0.01204,0.06429,-0.01533,-0.02186,-0.01704,-0.01735,-0.011,0.0223,62.922,70.837,43.79,47.41,63.751,87.863,58.31,,70.443,,,58.566,28.875,61.904,73.079,68.848,72.864,1.2138,1.166,1.2912,1.1262,1.1041,0.9804,1.0807,0.9882,1.1872,0.802
B010,B010_GMS_4_4,3,triangulated,3,98,313.1,131,0.3,1020.0,smooth_all,100.801,96.579,94.143,90.213,9.882,9.469,9.23,8.844,48.952,51.527,-0.38449,-0.01072,0.00043,0.01741,-0.0236,-0.03164,-0.03829,-0.00965,-0.00744,0.00893,108.383,125.73,106.781,69.554,116.525,95.446,70.63,,110.5,,,98.294,76.407,91.306,112.33,108.067,118.179,1.2902,1.1505,1.3186,1.0767,1.166,0.9708,1.1234,0.9208,1.3979,0.8116
B010,B010_GMS_4_5,2,triangulated,3,125,221.62,144,0.3,1020.0,smooth_all,122.083,122.474,122.811,122.732,11.969,12.007,12.04,12.033,40.434,52.181,-0.32942,0.02981,0.01078,0.04296,0.00775,-0.01771,-0.03456,-0.00739,0.01515,0.01219,133.0,139.661,96.966,34.193,133.719,118.701,93.127,,158.242,,,169.235,127.151,160.128,122.033,115.801,94.976,1.2533,1.1866,1.3198,1.1069,1.0791,0.9314,1.0908,1.0258,1.2999,0.7988
B010,B010_GMS_4_5,1,triangulated,3,144,266.75,144,0.3,1020.0,smooth_all,149.787,149.688,148.989,148.91,14.685,14.675,14.607,14.599,40.502,61.772,-0.16414,-0.03046,-0.00439,-0.0273,-0.01158,-0.03326,-0.02385,-0.0087,-0.0275,0.01135,158.677,159.106,118.485,66.423,157.733,127.165,86.663,,207.062,,,203.899,180.814,165.938,194.983,134.112,131.185,1.2511,1.1567,1.2965,1.1218,1.0779,0.9935,1.0535,1.0166,1.1976,0.7675
B010,B010_GMS_4_5,3,triangulated,3,116,313.89,144,0.3,1020.0,smooth_all,100.029,99.208,102.521,101.838,9.807,9.726,10.051,9.984,50.463,54.871,-0.336,-0.08247,-0.00112,0.00937,-0.01781,-0.03426,-0.01083,-0.01474,-0.08196,-0.01066,100.151,120.585,161.878,109.746,99.215,90.605,57.202,,102.548,,,73.703,87.933,85.303,104.015,86.611,113.915,1.2584,1.1172,1.2477,1.1106,1.0843,0.9672,1.0694,0.9927,1.3738,0.8305
B010,B010_GMS_4_6,2,triangulated,3,113,222.94,137,0.3,1020.0,smooth_all,104.31,104.31,103.084,103.084,10.226,10.226,10.106,10.106,36.394,46.423,-0.26617,0.03441,0.02289,0.03888,0.01222,-0.01322,-0.03817,-0.00849,0.02936,0.00916,110.012,121.9,96.467,48.16,106.4,99.243,72.888,,134.709,,,146.951,116.44,115.272,94.359,112.069,92.314,1.1809,1.2272,1.2997,1.1183,1.0977,0.9802,1.1044,1.0345,1.3357,0.7864
B010,B010_GMS_4_6,1,triangulated,3,120,267.28,137,0.3,1020.0,smooth_all,69.837,69.837,73.306,73.306,6.847,6.847,7.187,7.187,38.823,47.487,-0.20936,0.04346,-0.00325,-0.01008,-0.00626,-0.02805,-0.02973,-0.00465,0.00282,0.00993,75.098,80.331,69.055,31.942,83.222,77.473,45.746,,91.449,,,88.983,77.901,58.22,79.666,72.158,46.205,1.293,1.155,1.3347,1.1344,1.0319,1.057,1.0774,0.9896,1.2205,0.7608
B010,B010_GMS_4_6,3,triangulated,3,120,313.31,137,0.3,1020.0,smooth_all,75.0,75.0,66.273,66.273,7.353,7.353,6.497,6.497,43.442,46.527,-0.38104,0.03072,0.00025,0.04221,-0.01138,-0.03094,-0.02637,-0.00695,-0.00999,0.01547,73.192,88.166,119.627,109.97,81.93,77.782,52.032,,53.674,,,42.296,91.546,80.986,59.791,40.077,81.764,1.1385,1.1281,1.2857,1.1384,1.0857,0.9252,1.0265,0.8978,1.3564,0.8386
B010,B010_GMS_4_7,2,triangulated,3,100,221.53,100,0.3,1020.0,smooth_all,45.109,45.109,47.17,47.17,4.422,4.422,4.624,4.624,32.347,33.912,-0.33709,0.02818,0.03152,0.05625,0.01637,-0.01757,-0.04051,-0.00781,0.04833,0.02139,51.796,67.841,42.463,30.521,53.476,34.267,44.06,,57.336,,,70.182,33.639,31.44,26.418,47.317,40.163,1.1891,1.1571,1.2301,1.131,1.104,0.8878,1.129,0.9631,1.3151,0.7844
B010,B010_GMS_4_7,1,triangulated,3,100,267.04,100,0.3,1020.0,smooth_all,118.798,118.798,116.036,116.036,11.647,11.647,11.376,11.376,34.034,46.853,-0.15743,-0.00077,-0.02104,-0.03842,-0.00439,-0.03945,-0.00303,0.00026,-0.04245,0.00796,98.04,107.016,100.295,83.975,121.731,103.003,91.659,,136.572,,,144.011,141.583,132.804,131.669,133.983,139.839,1.2374,1.1124,1.2539,1.1404,1.1203,0.9529,1.067,1.0121,1.2246,0.7382
B010,B010_GMS_4_7,3,triangulated,3,94,314.46,100,0.3,1020.0,smooth_all,98.926,98.926,104.371,104.371,9.699,9.699,10.232,10.232,35.432,43.964,-0.25822,-0.04369,0.00051,0.01461,0.00122,-0.03797,-0.00806,-0.00465,-0.06061,-0.00744,101.588,120.092,106.687,52.165,102.213,86.64,45.862,,109.867,,,83.122,116.607,120.136,112.129,91.388,136.462,1.2522,1.0524,1.231,1.1768,1.131,0.8905,1.123,0.9099,1.3815,0.8122
B011,B011_GMS_1_1,3,triangulated,3,250,231.97,342,0.3,1020.0,smooth_all,207.763,204.951,208.376,205.652,20.369,20.093,20.429,20.162,39.553,50.67,-0.2852,-0.03387,-0.00243,0.03273,0.0169,-0.02346,-0.02675,-0.00485,-0.00927,0.00056,205.816,202.5,164.503,213.477,214.549,199.089,207.333,,224.824,,,229.513,250.046,251.015,227.33,183.397,136.583,1.3783,1.1409,1.2503,1.1461,1.0394,1.0531,1.0342,1.0595,1.388,0.8457
B011,B011_GMS_1_1,1,triangulated,3,342,270.36,342,0.3,1020.0,smooth_all,357.566,358.058,360.212,360.723,35.055,35.104,35.315,35.365,33.171,64.221,-0.17685,0.02245,-0.04321,0.03044,-0.00191,-0.02722,-0.00615,0.00264,0.00233,0.02231,362.509,350.324,288.133,285.911,383.716,318.668,276.715,,440.351,,,432.652,348.797,340.419,449.793,383.959,339.787,1.3489,1.1124,1.2507,1.1464,1.0296,1.0641,1.0227,1.0299,1.278,0.8047
B011,B011_GMS_1_1,2,triangulated,3,340,307.88,342,0.3,1020.0,smooth_all,105.327,105.327,109.296,109.296,10.326,10.326,10.715,10.715,36.437,41.31,-0.2523,-0.01301,0.01344,0.07106,0.01882,-0.02452,-0.01672,-0.00553,-0.05195,-0.00829,103.564,106.661,72.641,102.209,113.987,106.052,103.553,,122.185,,,114.334,86.182,97.071,123.296,114.031,106.373,1.3118,1.045,1.206,1.1881,1.0542,1.0662,1.0263,1.0206,1.3302,0.8292
B011,B011_GMS_1_3,3,triangulated,3,96,232.59,122,0.3,1020.0,smooth_all,111.887,107.451,111.53,106.093,10.969,10.534,10.934,10.401,44.681,51.634,-0.37666,-0.02976,0.06258,0.13488,0.0416,-0.01615,-0.04045,-0.00275,0.0634,0.01623,100.48,121.716,141.445,106.177,82.987,83.242,60.59,,112.378,,,111.38,103.717,149.596,101.124,121.342,143.812,1.1822,1.196,1.323,1.1586,0.9886,1.0352,1.0959,0.8227,1.3531,0.8461
B011,B011_GMS_1_3,1,triangulated,3,122,271.88,122,0.3,1020.0,smooth_all,56.868,56.868,58.45,58.45,5.575,5.575,5.73,5.73,34.894,45.364,-0.11558,-0.02368,-0.00086,-0.03057,0.0119,-0.01961,0.01658,-0.00131,-0.0408,0.00731,52.802,63.01,61.91,47.105,56.272,38.7,74.051,,45.969,,,43.147,35.816,34.28,72.876,81.702,92.189,1.2095,1.2072,1.2705,1.2376,0.9686,1.0727,1.028,0.8254,1.2172,0.8033
B011,B011_GMS_1_3,2,triangulated,3,121,310.17,122,0.3,1020.0,smooth_all,127.087,127.087,126.064,126.064,12.46,12.46,12.359,12.359,39.725,51.425,-0.3133,-0.03183,0.03742,0.04545,0.01222,-0.03223,-0.01459,0.00209,-0.04113,0.00169,124.224,141.207,108.755,52.5,118.029,135.76,75.331,,157.295,,,125.452,147.141,137.176,170.718,134.387,146.729,1.2412,1.1418,1.167,1.2391,1.0361,1.1207,0.995,0.8221,1.3648,0.8297
B011,B011_GMS_2_1,3,triangulated,3,295,231.75,324,0.3,1020.0,smooth_all,90.44,90.437,83.827,83.827,8.867,8.866,8.218,8.218,38.933,44.924,-0.29692,-0.05213,0.0269,0.0633,0.02156,-0.02019,-0.00989,-0.01156,-0.0251,0.00198,95.167,100.818,65.326,65.708,98.157,109.962,110.669,,94.475,,,94.377,88.577,74.315,90.131,93.219,83.831,1.2231,1.1862,1.3291,1.0689,1.0245,1.0652,1.0764,1.0475,1.3361,0.8492
B011,B011_GMS_2_1,1,triangulated,3,324,271.39,324,0.3,1020.0,smooth_all,116.138,116.138,112.106,112.106,11.386,11.386,10.991,10.991,37.358,49.814,-0.17283,-0.034,0.01121,0.03046,0.00508,-0.03115,-0.01822,-0.01005,0.00189,0.01865,114.125,122.753,114.955,93.257,109.7,96.126,124.285,,153.026,,,143.302,105.448,89.273,150.039,114.111,94.494,1.245,1.1811,1.3166,1.1053,1.0094,1.0922,1.023,1.0713,1.2528,0.8143
B011,B011_GMS_2_1,2,triangulated,3,216,310.04,324,0.3,1020.0,smooth_all,84.86,84.048,77.169,76.255,8.32,8.24,7.566,7.476,42.314,50.186,-0.29366,-0.09289,0.00244,0.02911,-0.019,-0.04371,0.01339,-0.01199,-0.10846,-0.02378,82.166,90.802,91.628,63.764,87.286,78.942,85.965,,96.737,,,71.526,68.499,75.106,95.549,74.511,122.242,1.2676,1.1212,1.3025,1.1356,1.0599,1.0844,1.0544,1.0176,1.3268,0.8319
B011,B011_GMS_2_10,3,triangulated,3,102,228.34,131,0.3,1020.0,smooth_all,112.464,112.464,103.563,103.563,11.026,11.026,10.153,10.153,38.615,51.906,-0.27402,-0.09135,0.03252,0.05441,0.01768,-0.01714,-0.02646,-0.01177,-0.01636,0.0002,111.64,124.858,86.19,76.205,109.94,113.164,71.703,,153.789,,,155.789,126.535,111.223,116.321,101.385,97.632,1.2075,1.2747,1.2812,1.0962,1.0107,1.0639,1.1252,1.0932,1.3152,0.8093
B011,B011_GMS_2_10,1,triangulated,3,131,270.76,131,0.3,1020.0,smooth_all,129.294,129.294,130.047,130.047,12.676,12.676,12.75,12.75,40.997,53.772,-0.18138,-0.03566,0.0128,0.02727,0.00769,-0.02459,-0.03198,-0.01017,0.01768,0.0178,153.514,165.879,149.036,66.071,131.778,130.389,118.181,,160.057,,,134.913,106.947,86.52,150.848,130.904,120.687,1.2101,1.251,1.3079,1.1003,1.0192,1.1305,1.038,1.1196,1.2269,0.7817
B011,B011_GMS_2_10,2,triangulated,3,30,312.1,131,0.3,1020.0,smooth_all,88.352,86.143,87.317,85.242,8.662,8.445,8.56,8.357,48.665,54.781,-0.34091,-0.04023,-0.04766,-0.01387,-0.01424,-0.04147,0.02048,-0.00869,-0.1042,-0.01451,94.015,97.485,129.409,51.79,101.6,90.843,91.38,,70.771,,,50.848,69.505,99.221,70.143,68.116,136.486,1.2229,1.1677,1.3139,1.1277,1.0428,1.1058,1.0571,1.0351,1.2541,0.8067
B011,B011_GMS_2_2,3,triangulated,3,166,232.33,166,0.3,1020.0,smooth_all,82.193,82.193,95.374,95.374,8.058,8.058,9.35,9.35,36.438,48.4,-0.29376,-0.07277,0.02125,0.04417,0.01086,-0.03077,-0.01404,-0.00918,-0.05523,-0.0056,88.941,97.54,64.361,92.08,95.291,63.583,63.506,,105.188,,,110.697,101.759,88.759,79.921,37.959,39.216,1.371,1.1983,1.2554,1.1097,1.0269,1.0731,1.0326,1.1168,1.3675,0.8437
B011,B011_GMS_2_2,1,triangulated,3,165,270.42,166,0.3,1020.0,smooth_all,89.398,87.823,100.188,98.794,8.765,8.61,9.822,9.686,39.432,54.398,-0.24253,-0.02852,-0.01204,0.02779,-0.00145,-0.037,-0.00799,-0.00627,-0.02256,0.01567,84.497,101.484,78.547,118.83,74.433,64.881,91.924,,92.185,,,107.336,81.317,86.688,101.539,102.284,65.73,1.3263,1.1222,1.2662,1.1315,1.0135,1.1002,1.0082,1.13,1.2798,0.8086
B011,B011_GMS_2_2,2,triangulated,3,129,307.65,166,0.3,1020.0,smooth_all,74.934,72.861,79.607,77.734,7.346,7.143,7.805,7.621,40.237,44.368,-0.28295,-0.07677,-0.02798,0.00014,-0.00989,-0.0386,0.01905,-0.01386,-0.14387,-0.03066,78.924,81.406,53.85,45.59,85.149,70.28,55.003,,83.682,,,62.474,72.824,66.576,81.32,72.295,130.24,1.325,1.1341,1.2829,1.1127,1.0555,1.1114,1.0128,1.106,1.3199,0.8305
B011,B011_GMS_2_3,3,triangulated,3,159,232.12,191,0.3,1020.0,smooth_all,85.602,83.284,79.523,77.21,8.392,8.165,7.796,7.57,41.09,51.937,-0.18154,-0.08708,0.07449,0.06514,0.04515,-0.02364,-0.02814,-0.01082,-0.0007,-0.00039,91.547,97.699,46.315,77.808,94.568,64.589,37.53,,92.494,,,88.003,95.021,172.074,62.691,83.96,87.539,1.4565,1.245,1.2054,1.0454,1.0782,0.9435,1.1688,1.1751,1.3577,0.8301
B011,B011_GMS_2_3,1,triangulated,3,191,270.23,191,0.3,1020.0,smooth_all,80.23,80.23,94.557,94.557,7.866,7.866,9.27,9.27,41.38,51.427,-0.14862,-0.02895,0.03923,0.038,0.02522,-0.02563,-0.02279,-0.00688,-0.01808,0.00349,65.936,78.522,60.836,78.869,61.179,62.284,85.425,,83.825,,,88.505,77.743,96.327,93.73,99.841,93.282,1.368,1.1078,1.2092,1.1279,1.1075,0.9688,1.0608,1.1499,1.2302,0.7869
B011,B011_GMS_2_3,2,triangulated,3,149,307.48,191,0.3,1020.0,smooth_all,64.99,63.791,75.99,74.984,6.372,6.254,7.45,7.351,41.902,48.021,-0.28673,-0.02425,0.02051,0.05982,0.01889,-0.02494,-0.00598,-0.00683,-0.03903,-0.01612,62.886,67.097,66.133,62.408,71.306,52.811,58.114,,63.889,,,56.096,63.344,87.165,50.18,62.246,84.489,1.3296,1.1474,1.2531,1.1223,1.1714,1.0039,1.0746,1.0813,1.2785,0.8274
B011,B011_GMS_2_4,3,triangulated,3,121,232.91,131,0.3,1020.0,smooth_all,49.237,49.237,54.841,54.841,4.827,4.827,5.377,5.377,33.135,40.874,-0.27744,-0.07481,0.03314,0.06386,0.02569,-0.03645,0.01084,-0.00965,-0.07426,-0.01055,52.894,61.799,29.801,60.262,53.767,39.136,55.859,,48.273,,,47.47,50.765,42.3,48.705,49.653,49.322,1.2485,1.1942,1.2769,1.1383,1.0731,1.0998,1.0637,1.0954,1.3205,0.8349
B011,B011_GMS_2_4,1,triangulated,3,131,271.31,131,0.3,1020.0,smooth_all,69.2,69.2,73.478,73.478,6.784,6.784,7.204,7.204,33.35,47.891,-0.15548,-0.02227,0.01079,0.00108,0.01966,-0.04265,0.01519,-0.00523,-0.03793,0.01808,67.146,74.398,41.399,65.802,67.655,44.339,88.305,,107.259,,,97.881,45.643,66.204,101.459,55.209,46.611,1.2547,1.1911,1.2968,1.1472,1.0218,1.1097,1.0139,1.0923,1.2723,0.8075
B011,B011_GMS_2_4,2,triangulated,3,131,308.81,131,0.3,1020.0,smooth_all,64.492,64.492,64.317,64.317,6.323,6.323,6.306,6.306,35.308,47.245,-0.28434,-0.06047,-0.03824,-0.02026,-0.0038,-0.05605,0.03696,-0.00796,-0.14915,-0.02324,57.507,70.596,29.329,61.897,58.737,51.212,56.27,,94.25,,,66.448,52.107,54.213,92.099,59.288,96.457,1.2511,1.1259,1.2342,1.271,1.0868,1.0986,1.0319,1.0691,1.3293,0.8146
B011,B011_GMS_2_5,3,triangulated,3,222,232.49,233,0.3,1020.0,smooth_all,97.125,97.125,103.617,103.617,9.522,9.522,10.159,10.159,35.158,51.329,-0.31268,-0.05164,0.02383,0.06178,0.02066,-0.02988,-0.01595,-0.01129,-0.03444,0.00607,96.773,104.223,63.381,80.929,97.685,72.182,94.027,,123.086,,,127.905,113.526,122.677,104.49,81.76,68.09,1.3165,1.2049,1.2798,1.1314,1.0098,1.0804,1.0521,1.0457,1.3503,0.8417
B011,B011_GMS_2_5,1,triangulated,3,233,271.05,233,0.3,1020.0,smooth_all,120.055,119.831,115.383,115.167,11.77,11.748,11.312,11.291,33.405,45.194,-0.17293,-0.01465,-0.00236,0.02328,0.00694,-0.03266,-0.0108,-0.00695,-0.01867,0.01503,119.088,127.443,88.022,109.187,116.122,98.717,114.476,,151.56,,,150.464,119.677,113.896,154.136,114.914,98.232,1.3448,1.149,1.2869,1.1509,1.0177,1.0754,1.0587,1.0474,1.2712,0.7823
B011,B011_GMS_2_5,2,triangulated,3,187,308.69,233,0.3,1020.0,smooth_all,64.634,63.578,68.15,66.975,6.337,6.233,6.681,6.566,37.962,42.758,-0.23727,-0.0333,-0.03599,0.0215,-0.0062,-0.03838,0.00779,-0.00927,-0.08121,-0.00903,67.123,72.106,57.507,53.32,73.558,63.213,56.358,,76.043,,,54.917,54.469,52.463,76.148,54.734,89.001,1.3295,1.1778,1.2792,1.1947,1.0303,1.0845,1.0482,1.0345,1.3078,0.8246
B011,B011_GMS_2_7,3,triangulated,3,150,234.91,175,0.3,1020.0,smooth_all,47.521,47.421,50.933,50.743,4.659,4.649,4.993,4.975,36.832,40.723,-0.32928,-0.06037,0.00318,0.042,0.02717,-0.02987,0.00161,-0.00551,-0.03689,-0.00705,56.628,68.094,31.876,54.535,54.221,37.02,53.82,,38.6,,,38.359,41.075,48.204,30.706,49.01,63.243,1.2406,1.1863,1.3089,1.1561,1.0486,1.06,1.078,1.0577,1.3294,0.8506
B011,B011_GMS_2_7,1,triangulated,3,175,272.43,175,0.3,1020.0,smooth_all,166.18,166.18,174.834,174.834,16.292,16.292,17.141,17.141,36.646,55.737,-0.20475,-0.04439,0.00112,0.01938,0.01854,-0.03273,0.01393,-0.00299,-0.06879,-0.00228,174.237,176.258,138.729,102.689,172.57,118.209,114.037,,227.836,,,219.856,197.512,154.35,219.655,166.821,138.89,1.2132,1.2036,1.2934,1.1403,1.0424,1.0877,1.0178,1.0759,1.26,0.827
B011,B011_GMS_2_7,2,triangulated,3,175,309.07,175,0.3,1020.0,smooth_all,63.642,63.642,67.003,67.003,6.239,6.239,6.569,6.569,39.959,45.926,-0.09302,-0.05325,-0.02298,-0.01731,-0.00476,-0.04295,0.03449,-0.00191,-0.09809,-0.00039,62.289,76.554,45.711,89.033,60.935,57.068,61.529,,60.266,,,53.261,51.027,51.822,46.975,59.912,112.469,1.1978,1.2361,1.3291,1.1407,1.0939,1.0929,1.0203,1.0307,1.3557,0.8585
B011,B011_GMS_2_8,3,triangulated,3,316,232.24,326,0.3,1020.0,smooth_all,67.325,67.325,78.126,78.126,6.6,6.6,7.659,7.659,37.541,45.092,-0.21516,-0.07978,0.02591,0.0301,0.01341,-0.02601,-0.01721,-0.01229,-0.05146,-0.0054,72.314,80.407,70.397,57.179,73.479,61.648,67.146,,66.507,,,63.979,61.565,92.487,56.39,54.671,60.551,1.3214,1.1471,1.2497,1.0917,1.0499,1.0496,1.0554,1.0546,1.3164,0.846
B011,B011_GMS_2_8,1,triangulated,3,326,270.37,326,0.3,1020.0,smooth_all,105.537,105.508,116.423,116.399,10.347,10.344,11.414,11.412,39.517,51.253,-0.19888,-0.02873,0.00287,0.01973,0.00638,-0.03597,-0.01747,-0.00752,-0.02073,0.00771,110.6,116.165,88.985,74.125,109.485,91.257,94.431,,126.395,,,121.696,103.863,88.548,127.828,114.529,107.64,1.2666,1.1823,1.2748,1.1332,1.0301,1.1003,1.021,1.0584,1.255,0.8055
B011,B011_GMS_2_8,2,triangulated,3,218,307.64,326,0.3,1020.0,smooth_all,78.763,76.68,84.479,82.741,7.722,7.518,8.282,8.112,40.426,45.717,-0.31382,-0.03229,-0.03516,0.00817,-0.00962,-0.0393,0.01359,-0.01072,-0.09166,-0.01156,86.957,89.741,95.865,54.888,93.202,67.292,56.059,,91.731,,,63.962,69.194,59.325,91.439,67.671,109.828,1.2496,1.2006,1.2848,1.1498,1.0492,1.1166,1.0259,1.0497,1.3032,0.8232
B011,B011_GMS_2_9,3,triangulated,3,243,232.27,293,0.3,1020.0,smooth_all,72.616,71.76,81.319,80.434,7.119,7.035,7.972,7.886,35.626,44.37,-0.32902,-0.05592,0.01447,0.05705,0.01305,-0.02624,-0.01376,-0.00915,-0.03751,2e-05,76.18,85.062,58.861,66.282,75.422,60.893,78.347,,75.999,,,71.824,65.057,76.83,77.782,73.195,74.96,1.2728,1.1684,1.2517,1.1606,1.0705,1.064,1.0596,1.0498,1.3317,0.8449
B011,B011_GMS_2_9,1,triangulated,3,289,270.85,293,0.3,1020.0,smooth_all,95.446,95.413,107.691,107.666,9.357,9.354,10.558,10.555,37.783,54.19,-0.25924,-0.04,-0.003,0.01891,0.01362,-0.03731,0.00158,-0.00946,-0.06078,0.00404,101.743,105.515,85.291,74.617,102.525,78.475,97.097,,116.121,,,106.114,82.225,84.734,120.256,97.028,83.355,1.2956,1.1449,1.2908,1.1338,1.0812,1.0836,1.0381,1.0583,1.2986,0.793
B011,B011_GMS_2_9,2,triangulated,3,193,308.54,293,0.3,1020.0,smooth_all,74.874,71.93,92.461,89.247,7.341,7.052,9.065,8.75,42.604,51.263,-0.18076,-0.04572,-0.04193,-0.00994,-0.00579,-0.04283,0.02198,-0.00538,-0.10543,-0.00031,76.429,80.696,66.046,58.943,83.387,56.863,65.928,,76.511,,,73.788,69.113,82.1,71.224,82.737,102.29,1.297,1.1116,1.2933,1.1397,1.1111,1.0866,1.0631,1.0598,1.3074,0.8417
B011,B011_GMS_3_1,3,triangulated,3,60,229.63,222,0.3,1020.0,smooth_all,176.415,168.044,138.878,121.436,17.296,16.475,13.616,11.906,48.642,64.579,-0.29077,-0.02892,0.00837,0.06937,0.01617,-0.02685,-0.01033,-0.01386,-0.01278,0.01767,149.136,147.196,172.235,226.941,156.194,175.839,210.435,,149.136,,,157.712,219.952,271.334,151.041,147.892,147.822,1.3214,1.1857,1.286,1.0949,1.0374,1.0801,1.0074,1.0638,1.2907,0.8094
B011,B011_GMS_3_1,1,triangulated,3,205,272.39,222,0.3,1020.0,smooth_all,188.567,188.567,182.869,182.869,18.487,18.487,17.928,17.928,32.718,49.754,-0.18199,-0.06296,-0.00558,0.03244,0.0003,-0.03439,0.00982,-0.01488,-0.04171,0.02651,209.171,211.187,159.115,141.052,209.764,158.605,139.901,,176.416,,,186.816,283.138,192.293,217.932,206.009,190.403,1.294,1.1487,1.2836,1.1013,1.0699,1.0681,1.0899,1.0432,1.2243,0.7881
B011,B011_GMS_3_1,2,triangulated,3,121,313.79,222,0.3,1020.0,smooth_all,153.797,153.553,99.591,99.178,15.078,15.054,9.764,9.723,35.775,40.268,-0.2909,-0.06647,-0.00793,0.02109,-0.0043,-0.04449,0.03121,-0.01253,-0.11841,-0.01462,159.634,165.395,143.099,135.003,161.165,137.923,128.108,,168.371,,,161.322,226.073,157.655,159.523,150.208,143.006,1.285,1.1216,1.2701,1.177,1.1199,1.1292,1.1118,0.9926,1.3135,0.8145
B011,B011_GMS_3_10,3,triangulated,3,10,227.77,111,0.3,1020.0,smooth_all,91.026,90.917,93.392,93.241,8.924,8.913,9.156,9.141,35.419,36.686,-0.35131,-0.02873,0.05318,0.12868,0.02351,-0.02031,-0.01495,-0.02297,0.00519,0.02439,107.919,120.914,101.179,75.87,99.552,89.813,62.52,,92.01,,,93.186,77.773,74.269,83.409,91.594,88.877,1.2416,1.1259,1.216,1.1033,1.1234,1.0343,1.1646,1.0751,1.3078,0.8237
B011,B011_GMS_3_10,1,triangulated,3,100,270.79,111,0.3,1020.0,smooth_all,184.714,184.714,190.641,190.641,18.109,18.109,18.69,18.69,32.964,44.055,-0.16361,-0.04562,0.02286,0.03992,0.02334,-0.03253,-0.00184,-0.01309,-0.01706,0.02675,204.468,205.991,165.525,150.937,204.984,171.749,159.313,,133.213,,,149.226,327.635,188.493,200.592,198.801,193.886,1.2838,1.1522,1.2884,1.0981,1.0772,0.9927,1.1089,1.0541,1.2094,0.7953
B011,B011_GMS_3_10,2,triangulated,3,64,312.69,111,0.3,1020.0,smooth_all,104.012,104.038,100.221,100.142,10.197,10.2,9.826,9.818,34.726,39.46,-0.30966,-0.08529,0.00996,0.01373,0.01298,-0.04907,0.02721,-0.01195,-0.11955,-0.02805,109.429,117.19,101.834,82.616,110.33,98.542,80.588,,119.542,,,104.087,167.378,123.47,113.282,98.789,90.02,1.2549,1.0996,1.23,1.2083,1.1052,1.0667,1.1429,0.9845,1.3101,0.8071
B011,B011_GMS_3_2,3,triangulated,3,10,225.68,113,0.3,1020.0,smooth_all,129.246,129.009,132.554,132.112,12.671,12.648,12.995,12.952,35.358,38.953,-0.291,0.03026,-0.01403,0.04464,0.03227,-0.02086,-0.01444,-0.00494,-0.01219,-0.00034,139.007,130.201,116.702,178.558,151.355,139.335,240.658,,108.886,,,105.035,125.25,104.299,140.021,116.832,117.792,1.2611,1.1177,1.2073,1.2066,0.9825,1.128,1.0392,1.0261,1.3112,0.8054
B011,B011_GMS_3_2,1,triangulated,3,90,268.38,113,0.3,1020.0,smooth_all,401.081,401.081,398.816,398.816,39.322,39.322,39.1,39.1,27.798,41.514,-0.17485,-0.05392,-0.04423,0.00099,-0.00658,-0.04034,0.02755,-0.01257,-0.08299,0.00786,433.144,415.043,389.662,359.656,442.903,352.081,359.466,,425.178,,,433.263,187.281,355.756,458.425,418.19,378.33,1.3449,1.0923,1.4197,1.1228,1.0166,1.1409,1.0171,0.9976,1.2331,0.8233
B011,B011_GMS_3_2,2,triangulated,3,44,310.41,113,0.3,1020.0,smooth_all,171.831,171.332,213.421,210.887,16.846,16.797,20.924,20.675,46.12,59.389,-0.04869,-0.0771,-0.03421,0.03551,-0.00742,-0.03298,0.0245,-0.00798,-0.0826,0.01884,185.118,191.717,173.732,158.19,183.17,149.699,136.571,,167.524,,,177.835,143.977,153.635,172.315,190.649,218.537,1.2193,1.1248,1.3109,1.2005,1.0586,1.1136,1.0112,0.9873,1.3605,0.8228
B011,B011_GMS_3_3,3,triangulated,3,100,229.94,227,0.3,1020.0,smooth_all,131.027,130.038,131.451,130.451,12.846,12.749,12.887,12.789,34.616,42.542,-0.30489,-0.03059,-0.03614,0.06555,0.00586,-0.02908,0.00826,-0.01638,-0.04419,0.01987,145.548,155.368,143.142,110.35,141.916,151.607,115.622,,126.169,,,132.708,114.533,109.028,124.91,124.105,122.056,1.2108,1.1925,1.2642,1.0904,1.0026,1.0418,1.0408,1.0662,1.3134,0.7824
B011,B011_GMS_3_3,1,triangulated,3,139,273.06,227,0.3,1020.0,smooth_all,131.066,131.066,129.752,129.752,12.85,12.85,12.721,12.721,31.173,72.861,-0.07179,-0.04034,-0.00086,0.05352,-0.00191,-0.03185,0.00646,-0.01094,-0.06693,0.01275,164.015,163.552,46.769,62.072,166.124,41.173,58.942,,181.477,,,199.317,165.208,117.778,192.798,167.755,107.948,1.2627,1.1789,1.2859,1.1667,1.0565,1.0985,0.9846,1.0602,1.2188,0.7797
B011,B011_GMS_3_3,2,triangulated,3,37,314.66,227,0.3,1020.0,smooth_all,84.049,84.095,81.52,81.556,8.24,8.245,7.992,7.996,35.812,39.092,-0.25285,-0.07041,-0.0099,0.02652,-0.00849,-0.05092,0.02077,-0.01178,-0.12207,-0.02574,100.032,98.681,70.268,92.939,114.833,72.148,70.992,,76.647,,,82.597,76.093,76.19,83.687,75.139,85.871,1.2556,1.1482,1.2556,1.1658,1.1087,1.117,0.9826,1.0642,1.2854,0.8031
B011,B011_GMS_3_5,3,triangulated,3,97,233.0,177,0.3,1020.0,smooth_all,184.302,184.302,186.46,186.46,18.069,18.069,18.28,18.28,32.238,35.506,-0.1383,-0.05316,0.04161,0.08285,0.01029,-0.02265,-0.011,-0.01935,0.00366,0.0238,203.49,211.564,155.553,219.258,201.33,159.997,187.782,,179.794,,,185.693,178.173,141.026,222.053,185.802,148.817,1.3035,1.2527,1.2752,1.0926,0.9719,1.1186,1.0005,1.1188,1.3907,0.8182
B011,B011_GMS_3_5,1,triangulated,3,102,271.26,177,0.3,1020.0,smooth_all,194.689,194.689,194.86,194.86,19.087,19.087,19.104,19.104,31.317,42.837,-0.16722,-0.06657,0.02986,0.05565,0.00843,-0.03577,-0.00249,-0.01539,-0.0271,0.0216,207.941,211.809,168.014,228.419,208.534,165.92,181.148,,197.511,,,223.849,183.902,171.825,210.642,237.556,141.761,1.3175,1.2377,1.2738,1.1539,0.9979,1.1861,0.9778,1.1267,1.2601,0.8006
B011,B011_GMS_3_5,2,triangulated,3,78,308.62,177,0.3,1020.0,smooth_all,79.729,79.729,83.16,83.16,7.817,7.817,8.153,8.153,40.488,42.906,-0.29957,0.01277,-0.02293,0.04889,-0.00033,-0.03298,0.01404,-0.01064,-0.07926,-0.01263,101.295,103.707,84.764,170.85,110.977,47.366,86.393,,56.196,,,88.339,65.146,61.189,46.112,63.494,30.373,1.2742,1.34,1.264,1.2056,1.0652,1.1591,0.9837,1.096,1.2992,0.8064
B011,B011_GMS_3_6,3,triangulated,3,48,229.42,110,0.3,1020.0,smooth_all,70.469,67.545,76.185,72.825,6.909,6.622,7.469,7.14,35.849,41.418,-0.29117,0.01314,0.03647,0.09194,0.00485,-0.00774,-0.0291,-0.01446,0.01703,0.01725,73.951,81.635,71.205,63.515,70.783,46.681,75.376,,66.857,,,70.894,77.466,110.414,57.63,55.086,64.864,1.2654,1.1607,1.2925,1.1313,1.0211,1.1249,1.0365,1.0561,1.2912,0.8242
B011,B011_GMS_3_6,1,triangulated,3,63,269.57,110,0.3,1020.0,smooth_all,151.403,151.403,159.415,159.415,14.843,14.843,15.629,15.629,30.849,53.972,-0.21551,-0.01249,0.00128,0.02675,-0.00654,-0.03077,-0.02158,-0.01242,-0.00167,0.0211,168.054,178.401,122.94,73.678,161.17,98.573,52.971,,220.489,,,207.06,162.86,138.433,219.334,177.443,138.191,1.2814,1.184,1.2883,1.1496,1.0177,1.1393,1.0279,1.0795,1.3287,0.7842
B011,B011_GMS_3_6,2,triangulated,3,56,308.87,110,0.3,1020.0,smooth_all,108.879,108.879,112.557,112.557,10.674,10.674,11.035,11.035,31.741,35.427,-0.32016,-0.00911,-0.05771,0.01195,-0.02487,-0.03375,0.01298,-0.00581,-0.07433,-0.00507,120.679,123.064,102.815,87.702,125.039,103.76,78.523,,116.21,,,113.156,110.515,103.213,117.296,116.731,105.607,1.2757,1.13,1.2735,1.1728,1.0799,1.1235,1.0165,1.039,1.2817,0.8354
B011,B011_GMS_3_7,3,triangulated,3,114,231.87,178,0.3,1020.0,smooth_all,86.186,83.535,85.645,83.1,8.45,8.19,8.397,8.147,33.363,42.012,-0.29333,-0.02526,0.0426,0.09873,0.02654,-0.0147,-0.03127,-0.01485,0.00849,0.01764,93.371,99.459,71.476,53.373,92.089,71.156,58.256,,97.08,,,102.614,99.827,114.238,79.236,79.917,93.631,1.2753,1.1646,1.2846,1.0657,1.0325,1.0715,1.0353,1.129,1.2463,0.8337
B011,B011_GMS_3_7,1,triangulated,3,117,270.42,178,0.3,1020.0,smooth_all,122.323,122.323,123.955,123.955,11.992,11.992,12.152,12.152,30.644,47.686,-0.1102,-0.07538,-0.00219,0.03846,0.01216,-0.03339,-0.00038,-0.01495,-0.04463,0.02372,132.38,133.178,83.142,74.689,135.925,84.445,91.362,,151.597,,,152.883,134.333,142.187,155.867,132.348,108.336,1.3001,1.1512,1.2984,1.12,1.0294,1.0954,0.9957,1.1282,1.2282,0.8045
B011,B011_GMS_3_7,2,triangulated,3,112,308.1,178,0.3,1020.0,smooth_all,96.084,96.084,96.132,96.132,9.42,9.42,9.425,9.425,40.71,43.702,-0.29114,-0.08132,-0.01361,0.02835,-0.01721,-0.03991,0.01904,-0.01282,-0.1207,-0.02676,97.048,101.768,103.255,80.358,102.18,89.068,78.963,,95.929,,,86.44,89.206,100.105,97.671,82.834,138.983,1.2888,1.1233,1.3108,1.1432,1.0946,1.0863,0.9941,1.1058,1.2807,0.8372
B011,B011_GMS_3_8,3,triangulated,3,67,231.65,145,0.3,1020.0,smooth_all,67.774,64.607,66.923,63.782,6.644,6.334,6.561,6.253,38.671,41.663,-0.38068,-0.00499,0.00336,0.0578,0.00646,-0.02296,-0.03377,-0.01152,0.0146,0.02396,72.216,78.713,80.03,64.589,76.002,59.637,51.847,,66.181,,,64.692,61.431,80.602,65.366,60.556,66.236,1.3046,1.2108,1.311,1.1066,1.0291,0.964,1.0253,0.9935,1.3682,0.8451
B011,B011_GMS_3_8,1,triangulated,3,73,271.93,145,0.3,1020.0,smooth_all,87.745,87.745,95.165,95.165,8.602,8.602,9.33,9.33,33.396,52.749,-0.25323,-0.00518,-0.02549,-0.00403,-0.00736,-0.03322,-0.01669,-0.00725,-0.00872,0.01382,85.051,88.89,65.062,69.589,89.919,57.999,68.799,,105.61,,,115.59,102.002,110.836,100.702,83.39,84.985,1.367,1.179,1.3777,1.1881,1.0574,1.0838,1.0167,1.0732,1.3572,0.789
B011,B011_GMS_3_8,2,triangulated,3,53,311.13,145,0.3,1020.0,smooth_all,63.728,62.373,66.118,64.857,6.248,6.115,6.482,6.359,38.905,42.765,-0.28901,0.00137,-0.01529,0.05703,-0.02469,-0.02006,-0.01209,-0.01081,-0.05412,-0.00617,73.299,71.795,51.34,84.265,85.046,51.903,54.303,,51.766,,,81.469,56.44,58.83,54.922,54.664,59.303,1.3486,1.0782,1.3784,1.1924,1.035,1.1254,1.0087,1.0229,1.365,0.8347
B011,B011_GMS_4_1,3,triangulated,3,270,231.92,358,0.3,1020.0,smooth_all,166.532,164.779,168.173,166.264,16.327,16.155,16.488,16.3,46.627,53.186,-0.19974,-0.02429,0.01086,0.02484,0.00606,-0.02931,-0.01516,-0.01129,-0.0349,0.00919,139.386,154.675,102.532,154.661,146.348,112.984,151.587,,156.539,,,165.879,233.411,248.547,171.321,171.22,176.245,1.2401,1.2071,1.2608,1.1217,1.0562,1.0021,1.1221,1.0632,1.3416,0.8931
B011,B011_GMS_4_1,1,triangulated,3,283,271.85,358,0.3,1020.0,smooth_all,165.099,164.91,166.237,166.082,16.186,16.168,16.298,16.283,46.06,62.103,-0.26142,-0.01059,0.0001,0.0165,-0.00455,-0.0309,-0.0071,-0.00801,-0.03753,0.01315,148.393,165.407,89.656,105.696,145.411,136.453,133.069,,193.432,,,195.61,195.248,183.689,193.879,209.81,225.066,1.1758,1.2477,1.2337,1.1479,1.0786,1.0038,1.0671,0.9376,1.2478,0.8316
B011,B011_GMS_4_1,2,triangulated,3,190,310.72,358,0.3,1020.0,smooth_all,88.632,87.601,89.45,88.313,8.689,8.588,8.77,8.658,42.913,51.292,-0.32535,-0.04522,-0.01652,0.01207,-0.0016,-0.03559,0.02139,-0.0104,-0.11156,-0.02275,92.222,90.056,58.943,54.859,107.863,73.913,60.58,,107.608,,,87.527,107.847,105.56,112.625,64.065,117.49,1.1856,1.2033,1.1965,1.1399,1.0495,1.0199,1.1218,1.0137,1.344,0.8446
B011,B011_GMS_4_10,3,triangulated,3,181,231.89,268,0.3,1020.0,smooth_all,178.355,177.476,178.917,179.79,17.486,17.4,17.541,17.626,46.094,52.606,-0.1702,-0.01301,0.03275,0.034,0.01332,-0.0282,-0.01852,-0.00975,-0.01249,0.00688,152.518,171.852,110.427,181.485,156.943,125.234,170.324,,160.362,,,170.037,234.722,249.046,178.534,191.489,187.814,1.2146,1.2188,1.2553,1.1335,1.0666,1.014,1.1004,1.0511,1.3426,0.8977
B011,B011_GMS_4_10,1,triangulated,3,193,271.93,268,0.3,1020.0,smooth_all,69.569,69.456,66.353,66.254,6.82,6.809,6.505,6.495,38.695,49.596,-0.27399,-0.00976,0.00518,0.02616,0.0035,-0.03133,-0.0051,-0.00652,-0.03851,0.01051,57.153,67.708,33.423,68.981,57.601,60.408,50.546,,81.327,,,85.664,89.937,78.663,71.174,83.878,95.219,1.1608,1.2579,1.2223,1.145,1.0368,1.023,1.1458,0.9876,1.2618,0.8236
B011,B011_GMS_4_10,2,triangulated,3,104,310.9,268,0.3,1020.0,smooth_all,89.406,88.654,91.352,90.375,8.765,8.692,8.956,8.86,40.408,49.26,-0.30655,-0.03569,-0.00535,0.00743,0.0014,-0.02982,0.0001,-0.00986,-0.08398,-0.02107,94.128,92.345,55.599,49.275,108.719,77.691,57.356,,112.451,,,89.93,115.308,105.547,117.342,64.926,112.236,1.1815,1.2057,1.1886,1.1478,1.0657,1.0431,1.1424,1.0367,1.3423,0.8453
B011,B011_GMS_4_2,3,triangulated,3,66,230.04,104,0.3,1020.0,smooth_all,132.462,131.301,141.884,140.506,12.986,12.873,13.91,13.775,41.697,50.61,-0.29518,0.00048,-0.00397,0.05832,0.0028,-0.01866,-0.02783,-0.00898,0.00446,0.01279,109.665,115.081,95.741,115.791,118.849,126.454,149.543,,151.86,,,152.717,174.04,178.455,169.89,96.471,79.401,1.2763,1.1977,1.2399,1.0851,1.0682,0.9725,1.0291,1.1141,1.3848,0.856
B011,B011_GMS_4_2,1,triangulated,3,104,271.11,104,0.3,1020.0,smooth_all,128.788,128.788,130.375,130.375,12.626,12.626,12.782,12.782,37.019,42.438,-0.19246,-0.02458,-0.01166,0.00666,-0.01661,-0.0313,-0.01423,-0.01251,-0.03718,0.0071,102.298,118.626,114.847,161.112,101.868,84.222,116.516,,135.071,,,143.839,119.54,109.279,146.917,178.53,169.944,1.3122,1.1688,1.2476,1.1584,1.0971,1.0001,1.0217,1.1009,1.22,0.7744
B011,B011_GMS_4_2,2,triangulated,3,98,311.12,104,0.3,1020.0,smooth_all,56.436,56.436,61.766,61.766,5.533,5.533,6.056,6.056,40.622,42.574,-0.24038,-0.08754,-0.05601,-0.02753,-0.03174,-0.03125,0.04133,-0.0097,-0.19517,-0.04172,69.889,71.739,38.644,99.873,86.539,32.849,60.621,,42.6,,,60.839,48.428,62.335,40.254,45.084,39.643,1.2641,1.2353,1.2962,1.2497,1.0504,0.9594,1.0276,1.001,1.3851,0.8308
B011,B011_GMS_4_3,3,triangulated,3,41,231.18,64,0.3,1020.0,smooth_all,92.286,92.286,89.239,89.239,9.048,9.048,8.749,8.749,35.992,50.307,-0.25928,-0.01078,0.02818,0.04856,0.01965,-0.02376,-0.03774,-0.00665,0.01551,0.00524,99.865,102.736,82.076,35.216,108.756,84.735,33.893,,152.197,,,158.128,125.609,91.078,111.871,69.134,36.71,1.1821,1.2763,1.2558,1.1604,1.1068,0.9858,1.0961,1.0484,1.3922,0.8175
B011,B011_GMS_4_3,1,triangulated,3,54,271.22,64,0.3,1020.0,smooth_all,90.623,90.623,90.987,90.987,8.885,8.885,8.92,8.92,44.063,59.603,-0.16316,-0.05149,0.02061,0.00974,-0.00361,-0.02978,-0.03067,-0.01168,-0.00028,0.00549,65.147,82.662,56.794,70.479,71.506,69.412,51.194,,123.835,,,122.012,90.22,128.297,113.442,110.053,111.795,1.2093,1.2482,1.2168,1.1361,1.1331,1.0481,1.0446,1.0248,1.2327,0.7711
B011,B011_GMS_4_3,2,triangulated,3,40,310.25,64,0.3,1020.0,smooth_all,117.451,117.451,118.006,118.006,11.515,11.515,11.569,11.569,35.492,46.766,-0.19043,-0.09093,0.00169,-0.01693,-0.01439,-0.03197,0.01762,-0.01067,-0.14759,-0.03419,120.804,140.901,98.627,31.039,115.233,103.939,52.587,,158.368,,,120.401,145.772,125.16,169.806,108.003,153.68,1.2353,1.2215,1.152,1.1637,1.1335,1.0262,1.1084,0.9994,1.3228,0.8067
B011,B011_GMS_4_5,3,triangulated,3,65,232.57,65,0.3,1020.0,smooth_all,51.988,51.988,55.985,55.985,5.097,5.097,5.489,5.489,39.34,42.279,-0.28582,-0.01518,0.02158,0.05578,0.01463,-0.02608,-0.01623,-0.01046,0.00033,0.00573,70.122,87.598,26.412,38.973,60.223,49.648,33.042,,37.326,,,23.44,77.941,100.126,52.712,22.062,48.2,1.1499,1.1952,1.1579,1.1188,1.1277,0.8826,1.0755,0.9872,1.2213,0.8265
B011,B011_GMS_4_5,1,triangulated,3,65,271.48,65,0.3,1020.0,smooth_all,117.513,117.513,116.561,116.561,11.521,11.521,11.428,11.428,40.12,52.974,-0.1836,-0.02068,-0.03229,-0.04678,-0.01444,-0.03505,0.0202,-0.00152,-0.08122,-0.01615,138.952,154.122,72.612,88.588,125.403,71.177,74.78,,136.304,,,126.134,95.325,106.542,154.511,149.655,152.13,1.1711,1.2014,1.1734,1.1589,1.179,0.9425,1.1256,0.9846,1.2216,0.7788
B011,B011_GMS_4_5,2,triangulated,3,64,309.44,65,0.3,1020.0,smooth_all,73.621,73.621,82.472,82.472,7.218,7.218,8.085,8.085,40.736,45.485,-0.27323,-0.06013,-0.01054,-0.0143,0.00031,-0.04562,0.03094,-0.01106,-0.15214,-0.0296,69.052,71.942,41.657,66.416,81.162,42.484,37.695,,79.735,,,85.103,50.204,49.408,89.296,128.092,146.564,1.2778,1.1192,1.3092,1.0689,1.1334,0.9392,1.0785,0.9324,1.349,0.8754
B011,B011_GMS_4_6,3,triangulated,3,220,232.16,220,0.3,1020.0,smooth_all,57.844,57.844,57.187,57.187,5.671,5.671,5.607,5.607,35.633,43.962,-0.19486,-0.03239,0.03655,0.05247,0.02374,-0.02407,-0.01346,-0.009,-0.02002,0.00201,58.392,65.662,29.265,73.911,73.212,47.099,52.48,,64.823,,,63.57,56.919,53.809,63.958,50.842,52.653,1.2245,1.1998,1.254,1.1336,1.0273,0.9941,1.0514,1.159,1.4036,0.8922
B011,B011_GMS_4_6,1,triangulated,3,220,271.6,220,0.3,1020.0,smooth_all,69.709,69.709,71.051,71.051,6.834,6.834,6.966,6.966,33.75,42.132,-0.19195,-0.0196,-0.01804,-0.01314,0.00241,-0.03078,0.00672,-0.00515,-0.05391,-0.00665,71.628,82.07,51.323,64.515,66.09,54.733,64.936,,70.478,,,72.338,68.335,66.686,72.55,112.735,106.477,1.2016,1.2163,1.1854,1.2061,1.0804,0.9857,1.0779,1.0698,1.2297,0.8348
B011,B011_GMS_4_6,2,triangulated,3,92,310.05,220,0.3,1020.0,smooth_all,90.436,90.338,93.18,93.075,8.866,8.857,9.135,9.125,37.403,48.309,-0.2832,-0.02042,0.00331,0.03077,0.01231,-0.03095,0.01169,-0.00944,-0.09551,-0.01576,92.535,96.699,59.378,40.27,101.297,76.135,55.112,,109.742,,,90.865,127.396,126.288,117.238,59.466,105.394,1.2215,1.1971,1.1792,1.2067,1.1244,0.9545,1.0735,1.0164,1.328,0.8591
B011,B011_GMS_4_7,3,triangulated,3,128,232.28,183,0.3,1020.0,smooth_all,96.124,95.612,93.179,92.857,9.424,9.374,9.135,9.104,42.148,45.726,-0.23502,-0.00208,0.03497,0.07523,0.01647,-0.02214,-0.03722,-0.01092,0.03219,0.01544,89.169,95.411,56.526,75.105,92.672,81.354,79.93,,97.073,,,97.18,141.306,151.967,103.618,88.343,92.507,1.2599,1.2724,1.2388,1.1343,1.0715,0.9332,1.1134,1.1345,1.3003,0.873
B011,B011_GMS_4_7,1,triangulated,3,177,271.55,183,0.3,1020.0,smooth_all,106.824,104.604,109.276,107.245,10.473,10.255,10.713,10.514,40.961,51.282,-0.22409,-0.02992,-0.01927,-0.02314,-0.00681,-0.03546,0.008,0.00078,-0.06095,0.00154,99.323,114.126,68.836,94.074,88.555,56.853,92.274,,111.064,,,112.796,67.088,90.998,134.49,175.027,201.049,1.2187,1.2203,1.2141,1.2076,1.0754,1.0039,1.0944,1.032,1.2474,0.7965
B011,B011_GMS_4_7,2,triangulated,3,154,309.83,183,0.3,1020.0,smooth_all,68.552,68.552,69.854,69.854,6.721,6.721,6.848,6.848,37.526,42.464,-0.24704,-0.03857,-0.02658,0.02963,0.01038,-0.03559,0.03292,-0.00858,-0.1299,-0.01934,72.508,81.535,55.144,39.328,79.247,68.312,41.972,,73.999,,,56.491,97.905,94.282,80.789,50.686,64.865,1.1937,1.2473,1.2144,1.2083,1.1424,1.0549,1.0658,0.9487,1.3137,0.8391
B011,B011_GMS_4_9,3,triangulated,3,160,231.76,162,0.3,1020.0,smooth_all,89.87,89.87,90.224,90.224,8.811,8.811,8.845,8.845,45.695,53.31,-0.21008,0.01292,-0.04435,-0.02827,-0.01878,-0.02942,-0.0124,0.00621,-0.03534,-0.00203,79.39,88.295,52.548,70.024,80.91,51.801,74.946,,93.069,,,88.559,167.794,174.733,96.721,53.296,86.101,1.207,1.2516,1.2439,1.1491,0.9738,0.9401,1.0582,0.9351,1.3665,0.8746
B011,B011_GMS_4_9,1,triangulated,3,162,271.79,162,0.3,1020.0,smooth_all,77.897,77.897,78.487,78.487,7.637,7.637,7.695,7.695,40.296,48.496,-0.14649,0.02077,-0.06685,-0.10988,-0.03328,-0.03694,0.02281,0.0139,-0.10133,-0.03145,66.219,80.555,50.028,70.041,57.063,47.815,67.343,,88.7,,,78.947,69.363,73.246,103.209,119.48,125.114,1.1895,1.2322,1.1956,1.1628,0.9638,0.9638,1.0551,0.9588,1.2374,0.8214
B011,B011_GMS_4_9,2,triangulated,3,150,310.77,162,0.3,1020.0,smooth_all,96.808,96.808,97.22,97.22,9.491,9.491,9.531,9.531,41.991,47.159,-0.28115,0.0164,0.00798,0.04718,0.02094,-0.02801,-0.00723,-0.00123,-0.04044,-0.0099,110.145,113.671,80.182,21.738,115.085,112.518,76.301,,121.907,,,107.508,158.537,129.429,125.936,44.894,44.531,1.188,1.1622,1.1841,1.1419,0.9779,0.9347,1.0042,0.9238,1.3269,0.876
B023,B023_GMS_1_1,3,triangulated,3,185,224.28,185,0.3,1020.0,smooth_all,58.334,58.334,59.8,59.8,5.719,5.719,5.863,5.863,44.607,52.055,-0.46383,0.01633,-0.04663,0.01213,0.01234,-0.02741,0.00372,0.00737,-0.01729,-0.00425,53.159,67.992,37.223,53.101,58.675,45.625,43.429,,40.336,,,38.723,45.859,119.985,73.828,85.385,53.358,1.2721,1.1103,1.1664,1.1577,1.1188,1.0922,1.2779,1.1238,1.3885,0.6759
B023,B023_GMS_1_1,1,triangulated,3,185,270.58,185,0.3,1020.0,smooth_all,151.6,151.6,155.691,155.691,14.863,14.863,15.264,15.264,39.387,77.406,-0.13347,-0.08508,-0.04807,-0.01863,0.00995,-0.04096,0.03072,-0.00489,-0.07842,-0.00598,130.275,136.606,101.317,61.326,123.062,109.161,41.315,,225.231,,,221.694,203.689,247.863,204.715,140.692,167.767,1.2169,1.052,1.1799,1.1156,1.0955,1.1718,1.2426,1.0905,1.2264,0.661
B023,B023_GMS_1_1,2,triangulated,3,183,314.19,185,0.3,1020.0,smooth_all,96.998,96.998,99.41,99.41,9.51,9.51,9.746,9.746,43.038,57.329,-0.38411,-0.0539,-0.06086,-0.05646,0.01115,-0.0401,0.03969,0.00206,-0.11961,-0.03371,81.694,97.82,80.408,51.718,94.327,83.771,47.257,,114.769,,,73.035,80.732,95.432,139.718,112.417,204.87,1.1901,1.1024,1.1762,1.1681,1.1308,1.1254,1.2264,1.039,1.4013,0.688
B023,B023_GMS_1_2,3,triangulated,3,134,224.4,174,0.3,1020.0,smooth_all,77.142,74.741,73.763,71.948,7.563,7.328,7.232,7.054,46.91,53.644,-0.43987,0.04131,0.01158,0.04356,0.03401,-0.01932,0.00596,0.00473,-0.00275,-0.00147,67.476,80.054,66.06,59.372,65.504,76.908,93.801,,68.994,,,57.977,87.246,143.817,77.191,81.667,73.861,1.1881,1.0683,1.2152,1.1114,1.1889,0.9728,1.2783,0.9758,1.3649,0.7362
B023,B023_GMS_1_2,1,triangulated,3,174,270.79,174,0.3,1020.0,smooth_all,92.076,92.076,95.908,95.908,9.027,9.027,9.403,9.403,47.146,59.32,-0.51158,-0.01607,-0.00605,0.05316,0.01541,-0.02296,-0.02471,-0.00503,0.03309,0.01854,69.651,75.519,67.197,64.4,78.547,93.512,112.159,,92.998,,,103.858,141.824,146.895,99.117,109.21,80.57,1.1737,1.0403,1.2815,1.1294,1.1787,1.0889,1.1974,0.9748,1.3223,0.709
B023,B023_GMS_1_2,2,triangulated,3,167,314.35,174,0.3,1020.0,smooth_all,95.884,92.61,94.564,91.351,9.4,9.079,9.271,8.956,49.445,60.545,-0.20765,0.00396,-0.04847,0.0346,0.00345,-0.02916,0.01142,-0.00893,-0.04089,0.01418,63.877,92.804,91.896,74.598,61.343,107.916,95.56,,97.603,,,72.479,110.74,129.939,105.766,73.549,173.117,1.1196,1.0209,1.2928,1.1452,1.1478,1.0366,1.1684,0.9416,1.418,0.7447
B023,B023_GMS_1_5,3,triangulated,3,175,223.13,177,0.3,1020.0,smooth_all,64.236,63.978,70.736,70.483,6.298,6.272,6.935,6.91,42.638,48.699,-0.43281,0.05057,-0.02889,0.02668,0.0114,-0.01946,-0.00456,0.00994,0.00541,0.00515,68.263,79.206,47.233,70.526,70.587,43.284,62.381,,51.899,,,49.098,54.145,98.726,63.725,71.636,68.325,1.2814,1.1224,1.2543,1.1135,1.137,1.0367,1.0872,1.0503,1.3498,0.7108
B023,B023_GMS_1_5,1,triangulated,3,177,269.24,177,0.3,1020.0,smooth_all,131.895,131.895,138.399,138.399,12.931,12.931,13.568,13.568,43.062,63.159,-0.1521,-0.06402,-0.00518,-0.01396,0.02668,-0.03709,0.00955,-0.00637,-0.04659,-0.0056,124.023,133.117,115.673,95.794,124.739,116.318,78.427,,176.277,,,184.52,144.843,180.425,154.523,105.727,114.447,1.2927,1.1014,1.248,1.1344,1.0847,1.0376,1.0316,1.027,1.2551,0.68
B023,B023_GMS_1_5,2,triangulated,3,111,313.61,177,0.3,1020.0,smooth_all,148.18,147.448,148.731,147.99,14.527,14.456,14.581,14.509,48.992,76.886,-0.31201,-0.02686,-0.00213,0.02846,0.00567,-0.04055,-0.01307,-0.00362,-0.04277,-0.00228,124.618,141.67,187.621,163.992,128.313,163.54,127.334,,145.392,,,137.795,144.243,136.001,157.867,114.165,199.34,1.2531,1.0378,1.2385,1.1175,1.1233,1.0621,1.0795,1.0032,1.3939,0.7212
B023,B023_GMS_1_6,3,triangulated,3,398,223.91,398,0.3,1020.0,smooth_all,98.274,98.274,107.921,107.921,9.635,9.635,10.58,10.58,44.898,61.866,-0.43538,-0.01706,0.01799,0.06862,0.01875,-0.02306,-0.03848,-0.00386,0.01779,0.01158,83.857,92.173,86.596,82.204,94.566,98.921,97.045,,84.68,,,99.077,105.159,153.097,85.225,115.771,104.628,1.1917,1.1762,1.252,1.0713,1.209,1.0128,1.1824,1.0979,1.4158,0.7248
B023,B023_GMS_1_6,1,triangulated,3,394,270.08,398,0.3,1020.0,smooth_all,113.095,113.095,122.42,122.42,11.088,11.088,12.002,12.002,42.112,63.056,-0.26907,-0.01763,-0.02329,-0.00722,-0.00633,-0.03059,-0.00715,-0.00478,-0.01483,0.01024,106.137,117.268,91.413,55.759,100.261,87.475,96.952,,156.679,,,143.379,109.501,121.749,155.47,112.055,134.299,1.1966,1.1622,1.2627,1.1057,1.1999,1.0608,1.1018,1.0747,1.2435,0.6948
B023,B023_GMS_1_6,2,triangulated,3,292,313.9,398,0.3,1020.0,smooth_all,104.273,101.11,110.031,107.011,10.223,9.913,10.787,10.491,49.581,65.226,-0.51982,0.01397,-0.04551,0.01046,-0.00714,-0.03353,0.00674,-0.00426,-0.03887,0.00246,100.726,109.867,65.808,67.35,115.176,68.373,74.625,,102.174,,,103.195,109.471,105.373,114.352,120.725,203.285,1.2239,1.1545,1.2758,1.1283,1.2057,1.0752,1.1127,1.0486,1.3629,0.7262
B023,B023_GMS_1_7,3,triangulated,3,118,223.37,190,0.3,1020.0,smooth_all,108.59,107.939,123.807,121.418,10.646,10.582,12.138,11.904,49.295,57.501,-0.48184,0.02303,-0.04535,-0.03163,0.00978,-0.02614,0.00542,0.00681,-0.02902,-0.00844,114.823,111.048,128.189,152.355,127.914,86.114,89.847,,99.603,,,85.858,92.72,122.128,99.772,93.861,118.924,1.2204,1.057,1.2326,1.1078,1.1753,1.0114,1.2041,0.9859,1.3445,0.7832
B023,B023_GMS_1_7,1,triangulated,3,190,270.48,190,0.3,1020.0,smooth_all,70.94,70.94,74.569,74.569,6.955,6.955,7.311,7.311,39.147,51.924,-0.37125,0.00257,-0.03165,0.00478,0.01384,-0.02313,-0.0132,-0.00593,-0.00308,0.00662,70.062,74.97,68.962,82.205,69.819,44.018,53.467,,81.884,,,84.394,74.517,94.478,77.575,59.025,60.626,1.2003,1.0609,1.205,1.1236,1.1624,1.0138,1.1926,1.0023,1.2804,0.7575
B023,B023_GMS_1_7,2,triangulated,3,179,315.09,190,0.3,1020.0,smooth_all,131.554,129.473,133.475,131.355,12.897,12.693,13.086,12.878,54.514,68.235,-0.23703,-0.04911,0.00039,0.03613,0.00509,-0.02566,-0.01283,-0.00943,-0.0226,0.00498,123.655,134.668,109.16,73.208,122.478,119.052,75.999,,168.963,,,141.35,126.135,147.07,174.365,139.192,191.478,1.1803,1.0428,1.1492,1.1262,1.12,1.0188,1.1757,1.04,1.3657,0.7751
B023,B023_GMS_1_8,3,triangulated,3,140,223.48,143,0.3,1020.0,smooth_all,52.014,51.845,54.677,54.511,5.099,5.083,5.36,5.344,35.82,41.759,-0.41745,0.05939,-0.02524,0.01181,0.03048,-0.02153,0.0062,0.0072,0.01774,0.00796,57.546,61.351,38.89,60.17,62.695,36.342,51.203,,40.87,,,45.997,43.696,84.392,43.282,51.749,61.062,1.1956,1.0937,1.2148,1.1179,1.1647,1.0335,1.1782,1.0494,1.3487,0.7279
B023,B023_GMS_1_8,1,triangulated,3,143,269.61,143,0.3,1020.0,smooth_all,94.953,94.953,103.944,103.944,9.309,9.309,10.191,10.191,42.002,55.258,-0.31246,0.00175,-0.01622,0.02103,0.01862,-0.02925,-0.01302,0.00091,0.00209,0.0177,90.067,90.726,93.475,114.429,95.395,64.138,66.386,,104.066,,,108.601,108.022,112.046,99.829,89.315,106.33,1.2039,1.0662,1.1915,1.1349,1.0869,1.0454,1.0981,1.0232,1.2988,0.7129
B023,B023_GMS_1_8,2,triangulated,3,137,313.73,143,0.3,1020.0,smooth_all,140.578,135.92,131.513,127.051,13.782,13.325,12.893,12.456,47.704,66.427,-0.15048,-0.05935,0.01713,0.02064,0.0251,-0.02832,-0.01192,-0.00857,-0.044,-0.0026,131.037,146.418,102.718,58.69,125.941,130.719,82.577,,168.119,,,145.528,141.559,175.572,174.534,143.723,244.086,1.1451,1.0314,1.1252,1.1737,1.2395,1.0829,1.125,0.972,1.3906,0.7267
B023,B023_GMS_1_9,3,triangulated,3,144,223.52,145,0.3,1020.0,smooth_all,61.138,61.008,62.08,61.946,5.994,5.981,6.086,6.073,45.667,52.257,-0.37875,-0.02093,-0.03582,0.00076,-0.00072,-0.02742,0.00032,-0.00469,-0.05906,-0.00385,54.931,63.788,31.842,58.108,59.671,37.674,66.534,,53.099,,,38.959,55.088,109.114,76.265,80.718,70.021,1.2376,1.1589,1.2802,1.0988,1.1765,1.0229,1.1157,1.0334,1.375,0.7311
B023,B023_GMS_1_9,1,triangulated,3,145,269.84,145,0.3,1020.0,smooth_all,125.408,125.408,131.736,131.736,12.295,12.295,12.915,12.915,47.294,69.242,-0.20973,-0.03623,-0.01876,-0.02069,-0.00308,-0.03765,-0.00068,-0.00347,-0.03515,0.00562,119.302,141.204,101.97,42.321,108.086,89.078,101.575,,183.965,,,180.877,148.458,179.78,165.554,92.504,102.136,1.2256,1.1358,1.2599,1.1085,1.1654,1.0663,1.1011,1.036,1.2529,0.7176
B023,B023_GMS_1_9,2,triangulated,3,144,314.0,145,0.3,1020.0,smooth_all,91.645,91.645,100.948,100.948,8.985,8.985,9.897,9.897,48.248,69.336,-0.44616,-0.01371,-0.04849,-0.01734,-0.02563,-0.03402,0.00527,-0.00072,-0.05128,0.00872,76.672,111.198,63.864,31.828,79.101,60.731,114.263,,118.331,,,88.34,83.178,96.449,130.025,85.41,143.018,1.2731,1.1392,1.3151,1.1625,1.1328,1.0601,1.1584,1.022,1.3878,0.7346
B023,B023_GMS_2_1,3,triangulated,3,70,224.09,132,0.3,1020.0,smooth_all,85.668,76.044,87.747,77.926,8.399,7.455,8.603,7.64,45.99,53.798,-0.44927,0.00746,-0.01008,0.03827,0.01873,-0.01367,-0.02616,-0.00156,-0.02309,0.00038,86.976,78.877,65.046,38.798,101.216,66.808,70.241,,76.81,,,61.255,127.375,178.634,91.046,81.414,72.558,1.354,1.0174,1.2433,1.1342,1.1195,1.0809,1.1345,1.1261,1.3873,0.7639
B023,B023_GMS_2_1,1,triangulated,3,132,269.93,132,0.3,1020.0,smooth_all,83.005,83.005,85.131,85.131,8.138,8.138,8.346,8.346,37.975,45.361,-0.2262,-0.00677,0.02069,0.04231,0.02061,-0.02458,-0.02033,-0.00351,-0.0009,0.01154,82.286,80.577,78.128,62.915,90.509,66.57,113.053,,88.899,,,91.417,72.754,41.188,93.883,78.526,81.07,1.2859,1.0108,1.2449,1.0787,1.076,1.136,1.1142,1.1066,1.2892,0.7203
B023,B023_GMS_2_1,2,triangulated,3,132,313.48,132,0.3,1020.0,smooth_all,57.159,57.159,62.105,62.105,5.604,5.604,6.089,6.089,39.371,43.763,-0.23366,-0.05806,0.02396,0.05119,0.0031,-0.02686,-0.01871,-0.00494,-0.02064,0.00613,46.771,59.162,58.515,44.907,53.018,57.282,44.333,,52.46,,,39.967,32.631,69.27,48.106,44.027,137.396,1.2692,0.9928,1.2335,1.1061,1.0449,1.2076,1.1355,1.0329,1.4026,0.7746
B023,B023_GMS_2_2,3,triangulated,3,44,223.79,105,0.3,1020.0,smooth_all,82.252,81.67,90.957,90.706,8.064,8.007,8.917,8.893,38.393,44.498,-0.35414,-0.00573,0.0098,0.0484,0.01985,-0.00972,-0.01566,-0.00529,0.00163,0.00278,78.365,73.162,54.127,59.81,90.139,86.578,91.419,,78.661,,,71.548,94.738,103.641,97.58,92.665,85.903,1.2699,1.1414,1.3293,1.1047,1.132,1.0569,1.1174,1.0888,1.3657,0.7522
B023,B023_GMS_2_2,1,triangulated,3,95,270.67,105,0.3,1020.0,smooth_all,113.272,113.206,121.426,121.308,11.105,11.099,11.904,11.893,42.139,57.441,-0.25833,-0.02813,0.0048,0.01163,0.00274,-0.03384,-0.00582,-0.00456,-0.04029,0.00943,119.994,134.865,100.95,62.691,111.289,94.557,73.627,,161.39,,,155.185,138.455,127.149,149.429,99.18,87.914,1.2636,1.0777,1.328,1.0695,1.0456,1.0798,1.0744,1.0875,1.2623,0.7204
B023,B023_GMS_2_2,2,triangulated,3,105,314.88,105,0.3,1020.0,smooth_all,75.748,75.748,74.469,74.469,7.426,7.426,7.301,7.301,36.403,47.245,-0.29776,-0.02768,-0.05076,0.00819,-0.01467,-0.04217,0.01644,-0.00323,-0.09017,0.00172,72.23,85.989,55.468,46.941,79.595,76.069,45.25,,100.873,,,87.79,21.748,24.644,103.364,73.273,125.926,1.2876,1.0446,1.2556,1.1781,1.0544,1.1598,1.0902,1.0343,1.4065,0.7766
B023,B023_GMS_2_5,3,triangulated,3,73,222.79,132,0.3,1020.0,smooth_all,90.842,90.189,91.211,90.609,8.906,8.842,8.942,8.883,55.635,63.851,-0.36469,0.02227,-0.03939,-0.0412,-0.00454,-0.02196,-0.00035,-0.00166,-0.04925,0.00249,102.792,110.625,96.491,147.128,102.293,49.163,47.805,,83.195,,,45.087,55.167,85.792,115.2,123.799,103.242,1.3266,1.0733,1.2517,1.0745,1.2338,1.1018,1.0783,1.0928,1.2912,0.7226
B023,B023_GMS_2_5,1,triangulated,3,125,269.11,132,0.3,1020.0,smooth_all,81.121,81.121,86.887,86.887,7.953,7.953,8.518,8.518,37.732,67.376,-0.26323,-0.07311,0.01294,-0.00078,0.02915,-0.03725,0.00646,-0.0118,-0.0453,-0.01035,49.739,52.276,63.863,108.65,58.851,127.176,181.795,,47.358,,,50.363,60.209,126.3,75.779,77.195,47.297,1.2954,1.0378,1.1701,1.0522,1.1305,1.0927,1.0696,1.088,1.2018,0.7114
B023,B023_GMS_2_5,2,triangulated,3,123,313.81,132,0.3,1020.0,smooth_all,125.291,125.291,129.196,129.196,12.283,12.283,12.666,12.666,42.924,117.773,-0.23282,-0.11015,-0.00201,-0.02613,0.00264,-0.04462,0.00952,-0.0098,-0.11092,-0.01999,47.629,58.918,214.07,330.085,68.191,183.143,208.041,,80.615,,,123.099,104.219,72.949,49.4,53.084,152.586,1.1708,1.0552,1.1727,1.0844,1.1035,1.1984,1.0735,1.0223,1.3382,0.737
B023,B023_GMS_2_6,3,triangulated,3,70,223.04,122,0.3,1020.0,smooth_all,80.983,79.915,103.651,102.799,7.939,7.835,10.162,10.078,42.707,53.169,-0.49825,-0.00326,-0.0652,-0.03456,-0.00869,-0.02508,0.02249,0.00109,-0.09716,-0.01707,83.331,85.43,66.357,45.666,91.965,58.162,69.553,,80.308,,,71.883,73.654,74.753,103.243,113.843,115.048,1.2166,1.1371,1.2885,1.1079,1.1359,1.0126,1.0805,1.0603,1.3803,0.7455
B023,B023_GMS_2_6,1,triangulated,3,122,269.49,122,0.3,1020.0,smooth_all,93.763,93.763,102.893,102.893,9.192,9.192,10.088,10.088,40.278,52.483,-0.39375,-0.03232,-0.01153,-0.01286,0.01347,-0.03196,0.01453,-0.00709,-0.06012,-0.00936,86.018,84.155,79.911,68.944,96.601,59.273,50.628,,126.685,,,128.898,122.384,130.522,139.603,90.011,82.106,1.2513,1.0299,1.2326,1.0779,1.0831,1.0324,1.1279,1.0365,1.2796,0.7058
B023,B023_GMS_2_6,2,triangulated,3,121,314.07,122,0.3,1020.0,smooth_all,61.571,61.571,64.347,64.347,6.036,6.036,6.309,6.309,40.357,51.842,-0.36843,-0.06562,-0.03383,-0.03592,-0.00249,-0.04159,0.01524,-0.00475,-0.10381,-0.02615,55.046,69.92,83.551,63.46,67.441,70.708,40.523,,59.562,,,58.148,105.975,82.581,58.017,38.494,45.295,1.288,1.0703,1.2393,1.1243,1.1132,1.0883,1.1211,1.0367,1.3979,0.7651
B023,B023_GMS_3_2,3,triangulated,3,77,222.84,143,0.3,1020.0,smooth_all,70.237,66.483,77.269,73.666,6.886,6.518,7.575,7.222,44.934,51.437,-0.3835,0.0286,0.02362,0.06793,0.01096,-0.01477,-0.02535,-0.00977,0.00964,0.02363,74.877,81.282,44.989,40.631,75.415,49.461,70.159,,63.913,,,63.879,83.183,104.663,72.104,87.854,78.657,1.2963,1.1445,1.2782,1.1153,1.1278,1.1029,1.1027,1.0402,1.329,0.736
B023,B023_GMS_3_2,1,triangulated,3,143,271.1,143,0.3,1020.0,smooth_all,65.194,65.194,63.945,63.945,6.392,6.392,6.269,6.269,35.502,46.402,-0.26703,-0.04121,-0.01778,0.02229,-0.01277,-0.03255,-0.01712,-0.01217,-0.02274,0.01966,73.063,79.475,38.275,26.087,73.426,39.182,45.153,,74.193,,,77.847,87.482,98.963,91.719,81.456,52.772,1.3318,1.064,1.3259,1.1069,1.0579,1.0791,1.066,1.0649,1.314,0.6971
B023,B023_GMS_3_2,2,triangulated,3,98,316.54,143,0.3,1020.0,smooth_all,78.774,75.961,80.25,77.716,7.723,7.447,7.868,7.619,45.138,60.44,-0.34016,-0.04871,-0.0015,0.07183,-0.02133,-0.03274,-0.00434,-0.01305,-0.05366,-0.0022,58.902,74.818,103.874,63.71,76.73,97.595,80.655,,58.663,,,61.669,69.137,62.145,62.801,68.837,145.095,1.2661,1.0403,1.2763,1.1257,1.0988,1.1282,1.0626,1.0176,1.3863,0.7552
B023,B023_GMS_3_3,3,triangulated,3,86,217.67,118,0.3,1020.0,smooth_all,74.854,71.902,74.835,72.198,7.339,7.049,7.337,7.078,39.635,44.497,-0.41009,0.06675,0.02183,0.10482,0.02122,-0.01317,-0.0326,-0.00843,0.04057,0.01991,66.238,71.806,43.458,72.913,75.393,63.825,91.656,,57.081,,,54.836,89.756,105.63,85.25,87.644,84.963,1.2121,1.158,1.2072,1.0929,1.1554,1.1127,1.096,1.0445,1.2932,0.7376
B023,B023_GMS_3_3,1,triangulated,3,118,270.67,118,0.3,1020.0,smooth_all,91.98,91.98,85.293,85.293,9.018,9.018,8.362,8.362,41.573,60.524,-0.30049,-0.02212,-0.06787,0.02035,-0.02574,-0.03037,-0.01006,-0.01346,-0.03253,0.01799,68.427,77.826,98.402,81.166,70.656,112.535,87.587,,121.517,,,125.513,176.349,108.97,117.253,65.691,48.465,1.267,1.119,1.2395,1.1058,1.1094,1.1728,1.051,1.0915,1.2443,0.7153
B023,B023_GMS_3_3,2,triangulated,3,77,321.96,118,0.3,1020.0,smooth_all,68.618,68.536,73.081,72.857,6.727,6.719,7.165,7.143,44.104,54.243,-0.36257,0.00581,-0.00539,0.11544,-0.0,-0.02426,-0.00586,-0.01124,-0.06025,0.00428,65.762,73.359,68.851,44.336,83.329,63.659,36.529,,68.987,,,58.352,57.295,49.092,78.372,71.117,129.047,1.2933,1.1027,1.1999,1.1248,1.1577,1.2055,1.053,1.0116,1.3658,0.7394
B023,B023_GMS_3_4,3,triangulated,3,20,221.15,123,0.3,1020.0,smooth_all,86.029,77.541,88.19,79.641,8.434,7.602,8.646,7.808,45.269,60.348,-0.58138,0.06853,-0.02269,0.12014,0.00205,-0.02102,-0.03967,-0.01407,0.03269,0.01612,78.797,79.111,49.417,43.127,90.236,75.401,77.784,,67.703,,,72.035,120.273,174.133,82.745,93.888,99.866,1.2409,1.0981,1.2909,1.1034,1.1964,1.1258,1.0751,1.0726,1.361,0.7646
B023,B023_GMS_3_4,1,triangulated,3,116,271.15,123,0.3,1020.0,smooth_all,61.56,61.406,64.488,64.276,6.035,6.02,6.322,6.302,32.875,42.101,-0.35727,-0.016,-0.03956,0.03347,-0.0095,-0.03678,-0.01467,-0.01336,-0.02187,0.01996,59.146,63.051,49.144,56.885,62.352,55.188,71.394,,75.717,,,78.337,87.134,,72.152,53.32,41.12,1.2508,1.0666,1.3084,1.1079,1.0326,,1.0737,1.0733,1.2686,0.738
B023,B023_GMS_3_4,2,triangulated,3,113,318.52,123,0.3,1020.0,smooth_all,94.038,94.038,89.71,89.71,9.219,9.219,8.795,8.795,37.115,61.433,-0.36085,-0.0248,-0.01605,0.0595,-0.01882,-0.03032,-0.0096,-0.00794,-0.04555,0.00904,106.763,104.508,48.031,32.373,126.999,65.815,70.672,,124.873,,,167.06,,,114.745,111.096,55.517,1.2079,1.0044,1.29,1.0584,,,1.1416,1.0392,1.3422,0.7322
B023,B023_GMS_3_6,3,triangulated,3,78,217.97,123,0.3,1020.0,smooth_all,69.951,56.763,71.65,58.524,6.858,5.565,7.024,5.738,47.622,51.742,-0.31473,0.01568,0.02121,0.04459,0.01132,-0.02623,-0.00868,-0.01194,-0.01347,0.02052,61.635,58.51,29.212,41.385,74.724,66.53,75.838,,38.39,,,25.8,127.787,181.885,77.14,68.157,53.834,1.2951,1.1191,1.2823,1.0801,1.1635,1.0912,1.1112,1.0637,1.3592,0.7371
B023,B023_GMS_3_6,1,triangulated,3,123,271.73,123,0.3,1020.0,smooth_all,81.89,81.89,71.502,71.502,8.028,8.028,7.01,7.01,35.563,40.058,-0.23123,-0.03762,-0.02518,0.00848,-2e-05,-0.03677,-0.00465,-0.00894,-0.03051,0.01646,80.193,94.156,80.379,61.899,77.432,75.539,52.47,,102.034,,,104.423,106.55,75.307,105.075,75.711,68.561,1.3008,1.0563,1.3002,1.1061,1.1219,1.1839,1.1142,1.144,1.2304,0.6798
B023,B023_GMS_3_6,2,triangulated,3,120,322.85,123,0.3,1020.0,smooth_all,56.202,56.202,58.905,58.905,5.51,5.51,5.775,5.775,41.702,50.787,-0.32648,-0.01196,-0.01993,0.04678,-0.01754,-0.03244,-0.00132,-0.00768,-0.04832,-0.0061,57.695,68.643,44.57,37.112,77.044,48.511,43.458,,43.496,,,75.035,86.994,75.068,36.058,40.388,94.877,1.2587,1.0221,1.269,1.1319,1.0957,1.2145,1.0706,1.0414,1.4182,0.7426
B023,B023_GMS_4_4,3,triangulated,3,82,222.88,99,0.3,1020.0,smooth_all,53.792,53.164,60.156,59.364,5.274,5.212,5.898,5.82,33.023,35.79,-0.37912,0.07845,-0.0073,0.05068,0.0065,-0.01378,-0.02861,-0.00591,0.02748,0.01603,62.788,77.127,54.602,32.159,58.308,49.352,55.946,,54.705,,,65.875,51.59,61.068,36.486,40.503,49.775,1.2175,1.1171,1.2475,1.1118,1.1617,0.9805,1.117,1.0647,1.3575,0.7692
B023,B023_GMS_4_4,1,triangulated,3,99,271.51,99,0.3,1020.0,smooth_all,139.031,139.031,148.954,148.954,13.631,13.631,14.603,14.603,43.643,59.779,-0.31133,-0.00998,-0.0044,0.02613,0.00111,-0.02602,-0.02203,-0.01191,-0.02927,0.00846,118.847,110.073,102.388,87.191,131.885,108.995,113.542,,160.988,,,171.024,222.142,228.882,169.96,156.343,154.721,1.2375,1.0791,1.2169,1.1113,1.085,1.042,1.0137,0.9528,1.228,0.7411
B023,B023_GMS_4_4,2,triangulated,3,99,317.06,99,0.3,1020.0,smooth_all,112.359,112.359,125.612,125.612,11.016,11.016,12.315,12.315,44.914,54.301,-0.34761,-0.02381,-0.03008,0.01461,-0.01475,-0.02985,-0.013,-0.0126,-0.04171,0.00077,105.119,113.755,104.07,81.937,120.905,103.081,87.353,,114.503,,,133.187,83.667,74.507,116.545,139.287,149.939,1.225,1.0848,1.204,1.1393,1.0658,1.069,1.1386,0.9245,1.4045,0.7572
B024,B024_GMS_1_3,3,triangulated,3,105,222.35,106,0.3,1020.0,smooth_all,49.464,49.464,47.871,47.871,4.849,4.849,4.693,4.693,32.813,36.341,-0.43404,0.02962,-0.01669,0.07522,0.02299,-0.01482,-0.01869,0.00279,0.02176,0.00203,51.997,68.696,20.967,47.797,45.418,31.019,52.078,,48.195,,,44.076,47.382,74.103,29.412,52.548,78.805,1.2263,1.2,1.1832,1.1768,1.0805,1.0012,1.1528,1.1776,1.3372,0.8521
B024,B024_GMS_1_3,1,triangulated,3,106,273.58,106,0.3,1020.0,smooth_all,85.0,85.0,92.937,92.937,8.333,8.333,9.111,9.111,29.799,40.663,-0.26479,-0.02866,-0.04098,-0.01463,0.00618,-0.02773,0.02113,-0.00439,-0.0562,-0.0151,75.784,75.342,67.913,95.543,85.072,61.243,100.151,,76.783,,,83.941,120.178,132.687,80.174,65.859,70.732,1.2335,1.1397,1.2092,1.1666,1.0662,1.0563,1.1376,1.0744,1.2505,0.8147
B024,B024_GMS_1_3,2,triangulated,3,106,317.93,106,0.3,1020.0,smooth_all,49.0,49.0,51.907,51.907,4.804,4.804,5.089,5.089,31.106,40.007,-0.42338,-0.10059,-0.06027,-0.01624,0.00447,-0.03645,0.03515,-0.00305,-0.17458,-0.05379,49.493,65.897,17.188,49.208,50.804,20.901,57.452,,58.955,,,39.699,77.429,76.632,48.065,25.098,49.175,1.1872,1.1397,1.1615,1.1946,1.1256,1.189,1.1226,1.0264,1.3529,0.8665
B024,B024_GMS_2_2,3,triangulated,3,112,217.45,126,0.3,1020.0,smooth_all,61.226,61.375,64.345,64.407,6.003,6.017,6.308,6.314,39.866,44.456,-0.2685,-0.02967,0.00226,0.04863,0.00306,-0.02254,-0.00233,-0.01407,-0.065,-0.01079,60.176,69.259,49.452,48.14,61.888,70.288,89.839,,58.918,,,56.341,48.331,41.644,59.372,64.982,78.687,1.2657,1.1049,1.2164,1.1314,1.0253,1.0639,1.014,1.1097,1.364,0.863
B024,B024_GMS_2_2,1,triangulated,3,126,274.58,126,0.3,1020.0,smooth_all,77.393,77.393,97.916,97.916,7.588,7.588,9.6,9.6,37.476,63.734,-0.18735,-0.00122,-0.01255,-0.00803,0.00014,-0.03839,-0.00946,-0.00711,-0.04149,0.00595,46.459,60.801,70.675,122.389,41.965,64.171,110.079,,88.695,,,92.401,75.092,91.693,79.847,69.646,68.478,1.2457,1.1022,1.2936,1.1062,1.0234,1.1402,0.9971,1.138,1.257,0.8044
B024,B024_GMS_2_2,2,triangulated,3,124,322.95,126,0.3,1020.0,smooth_all,49.954,49.954,54.164,54.164,4.897,4.897,5.31,5.31,34.569,38.483,-0.25281,-0.05963,-0.04121,-0.03763,-0.02196,-0.03888,0.01373,-0.00953,-0.13389,-0.026,59.01,67.483,37.688,64.697,63.592,43.842,91.664,,44.937,,,39.162,31.223,29.415,34.374,36.119,56.004,1.2442,1.1081,1.3261,1.0542,1.0507,1.1431,1.0023,1.0865,1.3257,0.859
B024,B024_GMS_2_4,3,triangulated,3,89,217.12,108,0.3,1020.0,smooth_all,50.087,50.087,54.554,54.554,4.91,4.91,5.348,5.348,33.224,37.127,-0.39082,0.01561,-0.06139,-0.00422,-0.00299,-0.02035,0.02298,0.0031,-0.09469,-0.01574,60.151,63.493,25.706,57.774,66.0,38.961,60.868,,44.524,,,43.196,53.559,56.389,43.555,40.866,44.358,1.2607,1.1823,1.2726,1.1604,1.0251,1.1202,1.0062,1.2199,1.3971,0.8642
B024,B024_GMS_2_4,1,triangulated,3,108,272.31,108,0.3,1020.0,smooth_all,114.733,114.733,122.897,122.897,11.248,11.248,12.049,12.049,46.134,70.941,-0.39613,-0.02659,-0.04363,-0.00698,-0.00623,-0.0256,-0.00334,-0.00423,-0.04044,-0.00058,75.365,71.665,44.55,63.288,85.749,52.827,58.427,,148.835,,,167.817,206.056,212.019,146.834,136.622,136.566,1.2606,1.0568,1.1475,1.0835,1.0824,1.044,1.0176,1.0817,1.306,0.8229
B024,B024_GMS_2_4,2,triangulated,3,108,320.43,108,0.3,1020.0,smooth_all,67.967,67.967,75.201,75.201,6.663,6.663,7.373,7.373,41.333,48.761,-0.3786,-0.09937,-0.03437,-0.00997,-0.0207,-0.03559,0.01412,-0.01296,-0.14538,-0.03671,43.357,58.218,57.494,108.079,53.806,52.025,54.374,,77.911,,,84.753,86.608,96.551,66.52,67.315,59.794,1.1995,0.9743,1.2261,1.1254,1.1917,1.1062,1.0615,1.0132,1.4335,0.8728
B024,B024_GMS_2_5,3,triangulated,3,196,217.08,206,0.3,1020.0,smooth_all,55.746,55.746,60.882,60.882,5.465,5.465,5.969,5.969,37.153,44.491,-0.36468,-0.02792,0.02331,0.08213,0.01684,-0.03153,0.01386,-0.00878,-0.07147,-0.00444,50.552,65.438,45.459,59.076,52.505,46.2,51.962,,63.535,,,47.237,63.917,41.506,76.134,57.626,59.046,1.2399,1.1476,1.2391,1.1003,1.0972,1.1011,1.133,0.943,1.3842,0.8648
B024,B024_GMS_2_5,1,triangulated,3,206,269.72,206,0.3,1020.0,smooth_all,128.286,128.286,122.484,122.484,12.577,12.577,12.008,12.008,37.547,58.502,-0.32946,-0.00068,-0.00729,0.02615,0.01195,-0.03642,0.01621,-0.00738,-0.05931,0.00288,111.509,100.727,65.784,74.123,119.589,88.45,87.698,,166.3,,,175.349,172.897,136.214,173.082,156.671,168.443,1.1836,1.1105,1.3131,1.0605,1.0388,1.1435,1.2437,0.9264,1.2478,0.7882
B024,B024_GMS_2_5,2,triangulated,3,203,317.01,206,0.3,1020.0,smooth_all,58.525,58.525,61.041,61.041,5.738,5.738,5.984,5.984,37.547,39.901,-0.49276,-0.06199,-0.06728,-0.02673,-0.01831,-0.05666,0.06034,-0.01128,-0.18485,-0.03297,56.43,70.852,64.564,78.016,64.219,54.937,59.302,,47.842,,,45.851,67.316,50.956,43.889,53.018,64.595,1.22,1.0848,1.3306,1.0998,1.0466,1.2046,1.0433,0.9318,1.368,0.8743
B024,B024_GMS_4_1,3,triangulated,3,35,218.06,93,0.3,1020.0,smooth_all,131.228,132.951,138.744,140.682,12.866,13.034,13.602,13.792,34.604,43.154,-0.20047,0.06541,0.04606,0.09235,0.03744,-0.01005,-0.04521,-0.00565,0.06115,0.01274,141.647,160.549,134.109,98.405,125.447,88.138,70.222,,159.393,,,162.001,114.435,114.876,141.243,187.908,190.242,1.094,1.1911,1.1459,1.0896,1.024,1.0896,1.0617,0.8536,1.403,0.914
B024,B024_GMS_4_1,1,triangulated,3,93,273.21,93,0.3,1020.0,smooth_all,51.741,51.741,52.887,52.887,5.073,5.073,5.185,5.185,32.825,39.253,-0.19037,0.05037,-0.02447,-0.01372,-0.01007,-0.02919,-0.01184,0.0036,-0.02902,-0.001,48.604,46.78,15.439,26.784,62.774,20.096,47.417,,62.177,,,69.55,88.564,94.799,51.252,64.01,52.608,1.1659,1.1004,1.187,1.1285,1.1382,1.0465,0.9828,1.0944,1.2461,0.8786
B024,B024_GMS_4_1,2,triangulated,3,83,320.8,93,0.3,1020.0,smooth_all,73.04,73.321,68.452,68.146,7.161,7.188,6.711,6.681,35.581,40.557,-0.3068,0.03985,-0.04162,-0.00624,0.00472,-0.03348,0.00192,0.00402,-0.02402,0.00325,92.266,93.626,73.84,44.928,103.642,102.598,59.898,,79.136,,,91.09,,,68.877,20.278,46.299,1.1107,1.1092,1.1071,1.1544,,,1.0112,0.9042,1.4343,0.9061
B024,B024_GMS_4_2,3,triangulated,3,48,218.04,86,0.3,1020.0,smooth_all,91.796,91.796,96.724,96.724,9.0,9.0,9.483,9.483,29.555,34.225,-0.292,0.06373,0.03935,0.07081,0.02059,-0.01513,-0.04404,-0.00247,0.06082,0.01276,103.38,117.873,95.202,66.301,94.518,67.382,49.759,,105.896,,,113.688,53.847,75.96,83.758,131.63,125.945,1.1226,1.1939,1.1531,1.1239,1.1737,0.9266,1.0989,1.0464,1.3883,0.8656
B024,B024_GMS_4_2,1,triangulated,3,86,273.02,86,0.3,1020.0,smooth_all,57.522,57.522,59.339,59.339,5.639,5.639,5.818,5.818,33.516,42.421,-0.24711,0.05532,-0.02696,-0.06818,-0.01307,-0.03412,-0.00947,0.00875,-0.01086,0.00234,45.427,44.412,18.407,30.362,61.534,26.766,53.916,,56.451,,,74.055,149.276,167.86,41.207,48.928,50.704,1.1457,1.1088,1.181,1.1025,1.1415,0.927,1.1526,0.9954,1.25,0.8183
B024,B024_GMS_4_2,2,triangulated,3,84,320.58,86,0.3,1020.0,smooth_all,50.16,50.16,49.498,49.498,4.918,4.918,4.853,4.853,38.245,39.531,-0.34309,0.03215,-0.01783,-0.0002,0.00371,-0.0362,-0.00682,0.00205,-0.00833,0.00685,56.948,64.803,45.635,31.883,78.192,58.262,36.042,,37.266,,,19.092,81.543,57.53,27.815,56.351,50.882,1.1424,1.1307,1.1553,1.1449,1.1288,0.9987,1.0052,0.973,1.4175,0.9365
B024,B024_GMS_4_3,3,triangulated,3,45,217.58,88,0.3,1020.0,smooth_all,75.091,74.737,73.367,72.906,7.362,7.327,7.193,7.148,32.931,38.228,-0.37829,0.04598,0.01633,0.03203,0.01711,-0.02703,-0.02398,-0.00286,0.03271,0.00713,75.883,88.357,80.258,55.251,70.439,47.211,45.885,,85.771,,,92.528,59.877,80.178,53.86,100.196,115.706,1.0991,1.2067,1.1475,1.1715,1.1344,1.0092,1.1609,0.9939,1.3598,0.8091
B024,B024_GMS_4_3,1,triangulated,3,88,271.3,88,0.3,1020.0,smooth_all,46.918,46.918,52.315,52.315,4.6,4.6,5.129,5.129,30.209,35.507,-0.294,0.03971,-0.01568,-0.01673,-0.00757,-0.03093,-0.01634,0.009,0.00771,0.00135,41.685,51.877,40.769,45.827,41.518,30.538,55.04,,49.607,,,56.467,41.213,56.061,42.604,45.456,58.849,1.1445,1.1318,1.1669,1.1632,1.0733,1.0147,1.1366,0.982,1.2861,0.8076
B024,B024_GMS_4_3,2,triangulated,3,85,318.73,88,0.3,1020.0,smooth_all,75.976,75.976,75.685,75.685,7.449,7.449,7.42,7.42,34.542,40.401,-0.36618,0.01403,-0.02855,-0.02922,-0.00889,-0.03986,-0.00078,0.00386,-0.02052,0.00737,86.822,90.831,56.636,39.195,96.767,87.033,47.641,,78.975,,,66.345,97.693,95.012,85.465,67.081,89.958,1.1746,1.1383,1.1876,1.1643,1.2167,0.9889,1.0602,0.9261,1.4197,0.8426
B024,B024_GMS_4_4,3,triangulated,3,63,217.73,82,0.3,1020.0,smooth_all,81.818,80.961,78.196,77.31,8.021,7.937,7.666,7.579,33.935,36.97,-0.26125,0.06461,0.03289,0.05879,0.03305,-0.01418,-0.03534,-0.00358,0.05458,0.01547,83.693,102.308,88.915,73.016,69.358,62.461,58.892,,85.324,,,89.034,55.396,80.918,64.25,115.056,120.736,1.0955,1.2623,1.1035,1.208,1.17,1.042,1.1059,1.0685,1.339,0.8634
B024,B024_GMS_4_4,1,triangulated,3,82,271.41,82,0.3,1020.0,smooth_all,45.987,45.987,47.726,47.726,4.509,4.509,4.679,4.679,34.532,38.997,-0.32692,0.03544,-0.00492,-0.01229,0.0085,-0.02759,-0.01431,0.00649,-0.01002,0.00372,43.658,59.027,41.769,48.357,36.325,34.585,55.269,,31.04,,,35.873,63.495,66.213,30.264,51.586,54.838,1.1436,1.151,1.1333,1.2099,1.0341,0.9999,1.2118,1.0235,1.2722,0.7945
B024,B024_GMS_4_4,2,triangulated,3,82,318.75,82,0.3,1020.0,smooth_all,80.503,80.503,77.389,77.389,7.892,7.892,7.587,7.587,36.82,42.956,-0.29576,-0.02281,-0.00885,-0.02014,0.00472,-0.03564,-0.00683,0.00302,-0.04764,-0.00562,101.678,104.24,71.436,22.033,106.979,93.555,32.899,,92.758,,,81.769,129.906,105.71,79.776,43.019,65.404,1.1565,1.1484,1.1723,1.2008,1.1246,1.0694,1.1179,0.9578,1.3735,0.9172
B028,B028_GMS_1_1,2,triangulated,3,188,223.86,202,0.3,1020.0,smooth_all,113.92,113.92,124.529,124.529,11.169,11.169,12.209,12.209,45.836,57.111,-0.35012,-0.06661,0.00847,0.0312,0.02831,-0.03492,-0.00188,0.00333,-0.03754,-0.00205,106.896,100.822,88.567,44.458,121.975,161.139,107.824,,133.492,,,124.595,146.259,113.34,138.751,118.02,88.741,1.1287,1.1152,1.1957,0.9441,1.1193,1.0381,1.1461,1.0182,1.3249,0.8394
B028,B028_GMS_1_1,1,triangulated,3,202,268.95,202,0.3,1020.0,smooth_all,103.126,103.126,113.814,113.814,10.11,10.11,11.158,11.158,45.158,68.871,-0.12887,-0.02299,0.00913,0.05814,0.02303,-0.04062,0.01131,0.00391,-0.02536,0.02298,87.893,91.295,95.58,117.904,95.064,127.648,151.028,,113.059,,,106.987,98.972,99.079,106.773,80.87,70.825,1.1834,1.1407,1.29,1.0413,1.0656,1.0502,1.0467,1.0649,1.3233,0.8273
B028,B028_GMS_1_1,3,triangulated,3,202,312.18,202,0.3,1020.0,smooth_all,76.458,76.458,76.815,76.815,7.496,7.496,7.531,7.531,47.726,50.368,-0.39051,0.04479,-0.02978,0.04019,0.00405,-0.04456,0.00865,0.0051,-0.02652,0.00663,82.145,84.339,43.201,72.115,91.166,69.514,66.412,,69.505,,,67.185,67.361,51.452,70.004,65.23,166.685,1.1788,1.2319,1.3669,1.078,1.0978,1.0791,1.0552,0.9376,1.3309,0.8354
B028,B028_GMS_1_2,2,triangulated,3,155,223.8,195,0.3,1020.0,smooth_all,56.415,56.415,59.397,59.397,5.531,5.531,5.823,5.823,33.002,42.648,-0.34631,-0.00737,0.01788,0.0484,0.02539,-0.02455,-0.0138,-0.00276,-0.00469,-0.00074,57.14,74.901,37.39,54.082,55.218,30.64,36.546,,66.448,,,64.335,68.449,93.2,50.593,47.624,51.454,1.2328,1.22,1.2181,1.1307,1.0233,1.0548,1.1186,1.0538,1.5201,0.8632
B028,B028_GMS_1_2,1,triangulated,3,195,268.53,195,0.3,1020.0,smooth_all,82.291,82.291,89.792,89.792,8.068,8.068,8.803,8.803,32.437,43.617,-0.14712,-0.03291,0.00513,-0.00343,0.02642,-0.03434,-0.00033,0.00187,-0.00849,0.01095,79.052,94.556,91.618,40.079,74.452,71.424,46.933,,118.142,,,96.801,76.922,81.055,109.27,72.983,96.888,1.2412,1.2141,1.1692,1.2142,0.9979,1.0778,1.0587,1.0418,1.3801,0.868
B028,B028_GMS_1_2,3,triangulated,3,193,311.67,195,0.3,1020.0,smooth_all,79.127,79.184,84.573,84.803,7.758,7.763,8.291,8.314,43.85,47.841,-0.37247,0.01059,-0.00822,-0.03043,0.0192,-0.03502,-0.0149,0.00035,-0.01867,-0.00641,74.957,84.616,74.456,46.2,79.374,63.178,50.671,,86.93,,,77.759,74.082,72.125,79.183,70.484,161.527,1.1991,1.2123,1.1345,1.1463,1.083,1.0766,1.0784,0.9766,1.4582,0.843
B028,B028_GMS_1_3,2,triangulated,3,155,223.91,179,0.3,1020.0,smooth_all,93.691,93.328,95.116,94.672,9.185,9.15,9.325,9.282,38.52,56.232,-0.38822,-0.01467,-0.00988,0.01762,0.016,-0.03427,0.01284,0.00148,-0.04778,-0.01013,94.646,103.967,46.856,49.486,97.555,70.212,59.875,,118.872,,,108.92,96.355,93.638,119.199,135.559,117.855,1.264,1.1401,1.245,1.1228,1.0216,1.0528,1.1149,1.0759,1.3887,0.8881
B028,B028_GMS_1_3,1,triangulated,3,179,268.87,179,0.3,1020.0,smooth_all,80.788,80.788,82.916,82.916,7.92,7.92,8.129,8.129,32.671,44.249,-0.10505,0.02994,0.00044,0.02741,0.02856,-0.04318,0.0206,0.00444,-0.02198,0.0201,80.985,90.641,75.878,30.669,77.988,71.718,35.607,,132.215,,,119.782,93.357,83.44,114.446,61.149,58.846,1.2681,1.1999,1.2053,1.1869,1.0154,1.0852,1.0458,1.0477,1.3634,0.8434
B028,B028_GMS_1_3,3,triangulated,3,175,312.02,179,0.3,1020.0,smooth_all,92.395,92.566,91.825,92.097,9.058,9.075,9.002,9.029,38.919,43.913,-0.36924,0.00599,-0.0507,-0.02477,-0.00417,-0.05401,0.03436,0.00339,-0.08979,-0.01416,96.117,99.307,62.844,35.619,103.462,103.545,71.785,,119.085,,,92.063,93.781,71.139,113.688,80.628,147.909,1.1826,1.2049,1.2056,1.2336,1.0537,1.1171,1.0519,1.062,1.4145,0.8683
B028,B028_GMS_2_2,2,triangulated,3,143,223.14,208,0.3,1020.0,smooth_all,83.95,82.338,98.29,97.132,8.23,8.072,9.636,9.523,36.666,46.769,-0.34982,-0.00999,0.00692,0.0535,0.01215,-0.02297,-0.02499,-0.00441,0.00264,0.01061,82.54,89.394,57.2,73.93,85.828,75.344,100.7,,78.612,,,79.651,88.628,105.57,85.591,83.555,88.233,1.2402,1.2185,1.2375,1.1395,1.024,1.0368,1.0315,1.0838,1.4309,0.8467
B028,B028_GMS_2_2,1,triangulated,3,208,268.3,208,0.3,1020.0,smooth_all,84.321,84.321,91.413,91.413,8.267,8.267,8.962,8.962,36.362,48.799,-0.16445,-0.01751,0.02187,0.02337,0.00909,-0.03391,-0.01823,-0.00408,-0.0039,0.01476,85.491,95.194,59.493,78.309,85.624,66.138,75.437,,95.75,,,95.469,88.483,102.562,95.774,83.392,75.671,1.2588,1.1943,1.2559,1.2161,1.0222,1.031,1.0167,1.0552,1.3452,0.8327
B028,B028_GMS_2_2,3,triangulated,3,141,311.99,208,0.3,1020.0,smooth_all,92.365,92.276,94.315,94.039,9.055,9.047,9.247,9.22,41.618,50.51,-0.30836,-0.06808,-0.02312,-0.00942,-0.01456,-0.04524,0.0096,-0.008,-0.10691,-0.02111,94.816,95.746,62.603,60.205,104.655,81.831,67.444,,104.373,,,85.561,109.539,113.81,99.176,79.963,132.01,1.2762,1.1539,1.2979,1.1656,1.077,1.0514,1.0512,1.0595,1.4187,0.864
B028,B028_GMS_3_1,2,triangulated,3,77,221.92,77,0.3,1020.0,smooth_all,89.494,89.494,74.386,74.386,8.774,8.774,7.293,7.293,34.694,35.617,-0.43898,-0.00385,-0.0322,0.03402,-0.00621,-0.01973,-0.01017,-0.0114,-0.03977,-0.00068,93.304,83.836,53.681,98.067,108.79,89.543,134.81,,71.631,,,74.65,105.926,66.856,91.244,82.621,97.953,1.3171,1.2429,1.2682,1.2179,1.1489,0.9766,1.0347,1.1221,1.3953,0.8868
B028,B028_GMS_3_1,1,triangulated,3,76,267.01,77,0.3,1020.0,smooth_all,80.405,80.405,69.704,69.704,7.883,7.883,6.834,6.834,39.405,53.156,-0.36912,-0.00173,-0.04382,-0.02477,-0.02474,-0.04145,-0.01361,-0.00689,-0.02747,0.00939,77.469,86.828,59.347,51.002,80.598,42.15,83.237,,106.345,,,93.408,96.052,95.288,104.646,75.675,73.632,1.242,1.1987,1.2254,1.261,1.1338,1.0795,1.0161,1.0856,1.4725,0.8492
B028,B028_GMS_3_1,3,triangulated,3,52,311.45,77,0.3,1020.0,smooth_all,80.262,80.262,70.591,70.591,7.869,7.869,6.921,6.921,41.868,49.025,-0.32515,-0.08623,-0.01739,0.00167,-0.01467,-0.03945,0.02147,-0.01233,-0.12971,-0.03196,91.245,95.039,46.792,72.569,98.433,30.582,56.837,,98.58,,,107.61,69.833,85.249,92.298,113.469,65.138,1.2784,1.1038,1.266,1.1805,1.1803,1.1659,1.044,1.0589,1.3861,0.8822
B028,B028_GMS_3_2,2,triangulated,3,91,220.36,91,0.3,1020.0,smooth_all,94.694,94.694,90.105,90.105,9.284,9.284,8.834,8.834,36.669,40.627,-0.40361,0.03582,0.00379,0.03754,-0.0066,-0.02331,-0.0353,-0.00936,0.03561,0.02186,109.347,113.541,54.916,57.65,113.832,78.371,92.839,,95.696,,,89.983,124.353,84.321,112.583,100.4,97.883,1.1651,1.1733,1.2537,1.1409,1.0239,1.0296,1.0585,1.1102,1.3962,0.8521
B028,B028_GMS_3_2,1,triangulated,3,91,267.9,91,0.3,1020.0,smooth_all,89.232,89.232,98.6,98.6,8.748,8.748,9.667,9.667,40.327,51.488,-0.28337,-0.03531,-0.03611,-0.06703,-0.03955,-0.04135,-0.00353,-0.00067,-0.06542,-0.00502,84.989,91.437,94.793,63.853,85.54,82.555,58.757,,118.239,,,113.373,97.15,94.671,107.661,69.879,84.283,1.1632,1.208,1.2057,1.2447,1.083,1.1281,1.0179,1.0576,1.354,0.8149
B028,B028_GMS_3_2,3,triangulated,3,91,314.28,91,0.3,1020.0,smooth_all,73.607,73.607,89.766,89.766,7.216,7.216,8.801,8.801,41.03,44.316,-0.38752,-0.06544,-0.07558,-0.0483,-0.03486,-0.04379,0.03006,-0.00919,-0.14923,-0.02591,87.723,95.64,62.734,52.4,93.028,85.623,66.46,,71.841,,,59.366,65.382,69.243,67.598,58.519,96.111,1.298,1.2051,1.3448,1.221,1.0329,1.1101,1.0058,1.038,1.4247,0.8658
B028,B028_GMS_4_1,2,triangulated,3,108,223.37,145,0.3,1020.0,smooth_all,59.507,59.507,59.144,59.144,5.834,5.834,5.798,5.798,34.651,36.992,-0.29813,0.04215,0.0086,0.04928,0.01874,-0.01576,-0.0292,-0.00361,0.01815,0.01096,77.759,87.855,48.119,56.138,78.41,43.13,64.322,,54.614,,,53.979,46.716,51.861,48.135,50.496,71.938,1.283,1.2709,1.277,1.2227,1.1136,1.0383,1.0338,1.0976,1.4353,0.8702
B028,B028_GMS_4_1,1,triangulated,3,137,268.71,145,0.3,1020.0,smooth_all,131.947,131.947,122.269,122.269,12.936,12.936,11.987,11.987,30.778,49.918,-0.20637,-0.01874,-0.01442,0.00716,-0.00114,-0.02884,-0.00909,-0.00398,-0.04069,0.00113,103.435,113.134,91.675,94.809,136.618,104.377,99.929,,166.282,,,156.897,145.957,150.629,165.627,150.792,156.253,1.3272,1.1802,1.2798,1.2211,1.0228,1.1079,1.018,1.0625,1.3591,0.8182
B028,B028_GMS_4_1,3,triangulated,3,109,312.33,145,0.3,1020.0,smooth_all,126.06,127.873,121.466,122.723,12.359,12.537,11.908,12.032,43.332,50.125,-0.25425,-0.04067,-0.0414,-0.01176,-0.00537,-0.04122,0.00788,-0.00654,-0.09217,-0.01145,99.056,111.424,114.172,97.278,131.283,112.941,89.374,,139.593,,,134.251,135.066,139.103,137.982,119.886,201.142,1.2717,1.0934,1.2843,1.188,1.1278,1.1276,1.0793,1.0618,1.3901,0.9088
B028,B028_GMS_4_2,2,triangulated,3,137,223.34,161,0.3,1020.0,smooth_all,71.202,70.574,69.692,69.121,6.981,6.919,6.833,6.777,35.733,38.324,-0.36846,0.02676,0.00679,0.03693,0.00176,-0.01841,-0.02507,-0.00515,0.00132,0.0044,79.497,86.194,45.211,58.765,84.089,58.804,78.529,,65.903,,,59.108,87.489,80.583,74.663,64.008,73.486,1.2185,1.2156,1.2566,1.1788,1.1386,0.9823,1.1379,1.0823,1.3811,0.8201
B028,B028_GMS_4_2,1,triangulated,3,161,268.97,161,0.3,1020.0,smooth_all,139.229,139.229,141.548,141.548,13.65,13.65,13.877,13.877,43.182,55.037,-0.2881,0.00833,-0.01668,0.01047,-0.00495,-0.03864,-0.00873,-0.00219,-0.02081,0.01196,128.044,125.306,96.865,96.962,149.251,104.133,107.098,,167.434,,,175.094,162.516,179.256,168.215,138.242,148.454,1.2623,1.1976,1.2437,1.2036,1.0556,1.0471,1.0669,1.0573,1.348,0.8229
B028,B028_GMS_4_2,3,triangulated,3,155,312.73,161,0.3,1020.0,smooth_all,97.299,97.733,95.845,96.222,9.539,9.582,9.397,9.434,40.276,45.764,-0.30493,-0.04996,-0.04801,0.01171,-0.02356,-0.03543,0.00205,-0.01104,-0.09361,-0.01276,81.72,89.626,87.877,64.006,114.26,92.412,65.393,,111.236,,,97.998,121.566,127.499,106.613,94.501,124.229,1.2813,1.1783,1.2545,1.1627,1.1111,1.0351,1.0853,0.9984,1.3859,0.84
B028,B028_GMS_4_3,2,triangulated,3,100,223.33,149,0.3,1020.0,smooth_all,74.63,74.775,81.982,81.689,7.317,7.331,8.037,8.009,35.928,38.566,-0.32832,0.04649,-0.02481,0.02039,0.01689,-0.02051,-0.02559,0.00422,-0.00361,0.00641,80.22,81.532,62.952,65.92,88.191,59.166,85.801,,71.207,,,70.166,95.167,101.965,69.008,55.375,57.618,1.2497,1.2313,1.2816,1.1661,1.0569,1.0196,1.0482,1.0816,1.4462,0.8685
B028,B028_GMS_4_3,1,triangulated,3,140,268.52,149,0.3,1020.0,smooth_all,169.081,169.081,175.031,175.031,16.577,16.577,17.16,17.16,40.795,56.199,-0.2605,-0.02312,-0.06883,-0.06665,-0.02515,-0.03894,0.0052,0.00081,-0.08992,0.00477,138.604,147.825,146.111,117.942,181.939,127.852,146.114,,208.439,,,203.915,207.785,201.025,208.804,169.455,160.608,1.3142,1.1923,1.3173,1.2123,1.0287,1.0972,1.0265,1.1358,1.4082,0.8606
B028,B028_GMS_4_3,3,triangulated,3,120,312.12,149,0.3,1020.0,smooth_all,198.125,198.125,192.767,192.767,19.424,19.424,18.899,18.899,42.812,61.092,-0.30098,0.00239,-0.01013,0.04179,-0.01965,-0.02629,-0.01786,-0.00811,-0.01904,0.01345,162.008,170.4,166.934,144.719,210.858,151.345,139.805,,242.046,,,238.437,223.671,197.633,243.105,240.586,229.099,1.3315,1.138,1.3265,1.2161,1.0602,1.039,0.9861,1.0373,1.4205,0.8944
B028,B028_GMS_4_5,2,triangulated,3,138,222.76,178,0.3,1020.0,smooth_all,79.549,79.783,81.113,81.341,7.799,7.822,7.952,7.975,35.629,37.505,-0.20629,0.01835,0.0299,0.07273,0.0214,-0.01453,-0.01874,-0.00811,0.00085,0.00208,84.398,89.664,61.679,67.557,93.848,73.559,98.815,,73.959,,,70.788,77.538,77.215,81.43,73.81,90.332,1.238,1.1424,1.3238,1.09,1.0514,1.0543,1.0292,1.1549,1.4307,0.8366
B028,B028_GMS_4_5,1,triangulated,3,161,267.75,178,0.3,1020.0,smooth_all,102.998,102.456,103.817,103.309,10.098,10.045,10.178,10.128,37.538,56.742,-0.18545,-0.03303,-0.02373,-0.0132,-0.00412,-0.03551,0.00546,0.00427,-0.06748,-0.00343,100.574,92.873,80.689,70.143,115.856,67.766,69.14,,144.32,,,151.177,135.106,109.134,134.314,80.063,93.878,1.2173,1.1657,1.2407,1.2182,1.0748,1.0598,1.1037,1.0401,1.3098,0.8123
B028,B028_GMS_4_5,3,triangulated,3,150,311.61,178,0.3,1020.0,smooth_all,118.895,118.895,117.342,117.342,11.656,11.656,11.504,11.504,35.642,44.259,-0.31327,-0.0168,-0.0202,-0.00809,-0.00794,-0.04417,0.00217,-0.00044,-0.06033,-0.00606,125.114,134.12,88.447,41.652,128.363,131.271,83.188,,155.559,,,130.018,129.805,105.328,151.859,114.276,144.818,1.2422,1.1688,1.2087,1.2514,1.0336,1.1074,1.0365,1.0332,1.4718,0.85
B029,B029_GMS_1_3,2,triangulated,3,116,215.33,263,0.3,1020.0,smooth_all,83.731,74.218,90.991,81.631,8.209,7.276,8.921,8.003,54.236,67.139,-0.35223,-0.03035,0.05513,0.1317,0.05208,-0.00739,-0.02528,-0.00939,0.05979,0.02643,52.234,79.218,86.482,49.66,43.486,59.642,64.114,,56.695,,,51.139,100.554,223.551,68.61,106.011,117.806,1.1831,1.0493,1.2287,0.9945,1.068,0.9588,1.1112,0.9856,1.3489,0.8204
B029,B029_GMS_1_3,1,triangulated,3,256,266.2,263,0.3,1020.0,smooth_all,60.16,58.804,67.255,66.275,5.898,5.765,6.594,6.498,37.15,47.043,-0.22364,-0.06469,0.04728,0.07136,0.0186,-0.01913,-0.04338,-0.01498,0.05199,0.03361,56.569,78.213,83.183,39.18,52.73,54.423,74.366,,58.626,,,63.523,159.515,83.368,59.506,35.586,60.7,1.1236,1.0771,1.3213,0.9416,1.0786,1.0984,1.0976,0.9922,1.2795,0.7791
B029,B029_GMS_1_3,3,triangulated,3,244,320.05,263,0.3,1020.0,smooth_all,203.394,203.394,234.15,234.15,19.941,19.941,22.956,22.956,53.362,70.86,-0.29574,-0.07059,0.09497,0.16778,0.01324,-0.02099,-0.0648,-0.01581,0.0209,0.01786,195.044,196.005,209.678,192.553,205.132,220.381,186.895,,197.613,,,167.689,207.025,219.44,202.676,174.233,295.082,1.1168,1.0555,1.2473,0.9595,1.049,1.0024,1.1213,0.9101,1.388,0.8654
B029,B029_GMS_1_5,2,triangulated,3,148,213.38,305,0.3,1020.0,smooth_all,77.53,76.771,78.564,77.905,7.601,7.527,7.702,7.638,40.299,45.205,-0.39245,-0.03833,0.02156,0.09216,0.03306,-0.00365,-0.03175,-0.00036,-0.01023,-0.00534,73.573,90.92,101.487,166.717,61.774,62.185,83.535,,62.077,,,70.355,65.549,136.664,41.333,63.669,54.223,1.2743,0.8606,1.1871,1.0684,1.0942,0.9325,1.1917,0.9688,1.3298,0.8483
B029,B029_GMS_1_5,1,triangulated,3,305,263.9,305,0.3,1020.0,smooth_all,92.979,92.541,92.265,91.957,9.116,9.073,9.046,9.015,40.997,55.582,-0.21151,-0.01025,0.03254,0.12287,0.03712,-0.00764,-0.047,0.00079,0.09107,0.02514,94.278,104.506,53.304,96.321,102.84,84.883,37.711,,149.75,,,156.234,119.333,101.871,114.338,54.734,48.625,1.243,0.9617,1.1772,1.0919,1.0462,0.9774,1.138,1.0253,1.2343,0.8029
B029,B029_GMS_1_5,3,triangulated,3,287,319.09,305,0.3,1020.0,smooth_all,147.224,147.384,151.391,151.429,14.434,14.449,14.842,14.846,58.03,59.843,-0.3605,-0.05833,0.06249,0.08527,0.02477,-0.02905,-0.04843,-0.00347,0.01875,0.00083,170.059,163.899,75.942,98.48,174.188,183.328,142.601,,146.603,,,123.237,96.896,80.439,138.613,122.601,287.181,1.1678,0.9528,1.1334,1.1205,1.1562,0.9556,1.1426,0.8692,1.3761,0.8305
B030,B030_GMS_1_4,2,triangulated,3,485,225.46,490,0.3,1020.0,smooth_all,133.782,133.782,131.934,131.934,13.116,13.116,12.935,12.935,41.319,49.076,-0.43127,0.04495,-0.04906,0.04023,0.01149,-0.01043,-0.01009,0.00774,-0.01116,-0.00205,159.433,154.576,126.668,72.644,170.346,113.424,87.81,,141.727,,,122.99,141.702,75.687,162.876,170.818,152.974,1.238,0.879,1.1557,1.0805,1.1331,1.025,1.2044,1.0525,1.3541,0.8003
B030,B030_GMS_1_4,1,triangulated,3,490,269.26,490,0.3,1020.0,smooth_all,120.288,120.288,126.232,126.232,11.793,11.793,12.376,12.376,46.043,70.777,-0.29728,0.04787,-0.06148,0.02996,0.02761,-0.0261,0.00155,0.00239,0.01089,0.01224,97.407,86.343,68.955,105.872,115.35,53.853,65.669,,104.12,,,119.757,187.194,199.806,110.246,179.674,186.664,1.1504,0.9778,1.2188,1.0428,1.147,1.0154,1.1947,1.0279,1.2955,0.7628
B030,B030_GMS_1_4,3,triangulated,3,489,300.41,490,0.3,1020.0,smooth_all,138.483,138.483,141.612,141.612,13.577,13.577,13.884,13.884,63.878,98.572,-0.19403,-0.02319,0.00589,0.01762,0.02201,-0.02552,-0.00461,-0.00238,0.0045,0.003,98.88,103.181,211.359,202.897,105.478,79.863,83.122,,132.911,,,149.009,225.578,271.062,115.063,97.066,63.772,1.1452,1.0323,1.1492,1.0467,1.1424,0.9958,1.2248,1.0797,1.4606,0.7904
B030,B030_GMS_2_2,2,triangulated,3,140,224.4,156,0.3,1020.0,smooth_all,87.491,87.491,125.359,125.359,8.578,8.578,12.29,12.29,51.739,62.273,-0.44661,0.00283,-0.04409,-0.0168,-0.00138,-0.02691,0.01768,3e-05,-0.07538,-0.00618,78.047,85.863,72.975,48.37,81.791,86.835,97.346,,74.021,,,73.572,141.964,120.805,78.97,80.685,103.634,1.218,1.1479,1.2538,1.0115,1.176,1.0075,1.0887,1.0806,1.3994,0.8963
B030,B030_GMS_2_2,1,triangulated,3,156,270.53,156,0.3,1020.0,smooth_all,130.872,130.872,137.473,137.473,12.831,12.831,13.478,13.478,44.715,60.912,-0.39888,-0.00731,-0.07763,-0.05667,0.00173,-0.03706,0.03738,-0.00938,-0.10986,0.00043,137.242,130.734,103.926,73.73,149.918,90.053,66.024,,165.511,,,156.959,112.943,106.055,188.486,178.821,164.459,1.1735,0.9996,1.234,1.0022,1.1452,1.0318,1.0671,1.0833,1.4106,0.8786
B030,B030_GMS_2_2,3,triangulated,3,156,302.9,156,0.3,1020.0,smooth_all,130.043,130.043,141.296,141.296,12.749,12.749,13.853,13.853,40.85,62.575,-0.32943,-0.01132,-0.05573,-0.04071,0.0016,-0.03727,0.02299,-0.00408,-0.0934,-0.00258,125.967,133.189,94.219,107.483,132.542,86.389,71.394,,182.013,,,195.13,96.882,149.014,184.545,158.057,91.565,1.1173,0.9799,1.2054,0.9999,1.1062,1.0742,1.1222,1.0823,1.4769,0.8681
B030,B030_GMS_2_3,2,triangulated,3,154,225.43,172,0.3,1020.0,smooth_all,68.726,68.097,72.716,72.143,6.738,6.676,7.129,7.073,41.846,43.626,-0.34415,0.02362,0.02824,0.04967,0.0258,-0.01969,-0.01889,-0.00506,0.00819,0.0027,71.642,76.784,71.151,62.777,75.785,54.592,65.324,,64.333,,,58.062,62.228,103.076,63.255,62.149,71.117,1.2708,1.114,1.2647,1.1165,1.0463,1.1236,1.0735,1.0804,1.4202,0.8769
B030,B030_GMS_2_3,1,triangulated,3,172,271.3,172,0.3,1020.0,smooth_all,107.408,107.408,109.157,109.157,10.53,10.53,10.702,10.702,37.959,53.508,-0.20083,0.01557,-0.00197,-0.00717,0.0105,-0.03238,0.00714,0.00032,-0.03013,-0.00046,107.269,101.73,72.575,72.764,120.875,79.668,86.198,,146.374,,,156.547,124.502,64.934,148.172,108.119,108.805,1.3271,1.037,1.2948,1.0966,1.0528,1.1015,1.1217,1.0066,1.3822,0.8636
B030,B030_GMS_2_3,3,triangulated,3,172,303.18,172,0.3,1020.0,smooth_all,92.352,92.352,98.144,98.144,9.054,9.054,9.622,9.622,33.694,42.231,-0.21944,0.02098,-0.00159,-0.00594,-0.00533,-0.03458,-0.00828,-0.00047,-0.00202,0.01634,96.312,105.387,110.458,91.335,98.121,56.212,64.517,,95.026,,,101.323,91.454,75.774,103.968,100.412,99.226,1.3055,1.0516,1.2796,1.0729,1.027,1.1334,1.0465,1.1012,1.4574,0.8692
B030,B030_GMS_2_4,2,triangulated,3,91,225.71,153,0.3,1020.0,smooth_all,82.61,81.301,84.869,83.661,8.099,7.971,8.32,8.202,39.27,44.342,-0.3588,0.01546,0.00611,0.04917,0.01805,-0.0132,-0.02909,-0.00226,0.00415,0.0132,92.462,94.144,87.486,48.456,97.635,71.302,68.0,,90.222,,,79.291,95.201,81.092,93.939,77.594,78.255,1.2606,1.0597,1.25,1.1492,1.0601,1.0912,1.1389,1.1374,1.4211,0.866
B030,B030_GMS_2_4,1,triangulated,3,153,270.18,153,0.3,1020.0,smooth_all,115.367,115.367,119.648,119.648,11.31,11.31,11.73,11.73,34.695,44.036,-0.2728,0.01772,0.01186,0.03836,0.02548,-0.0219,-0.01687,-0.00539,0.00498,0.01476,136.86,122.766,89.922,47.923,157.143,86.733,94.317,,138.057,,,144.961,164.701,104.743,137.976,99.914,90.79,1.2652,0.9772,1.1918,1.1647,1.1062,1.105,1.0463,1.0745,1.3891,0.8496
B030,B030_GMS_2_4,3,triangulated,3,153,301.48,153,0.3,1020.0,smooth_all,98.627,98.627,107.103,107.103,9.669,9.669,10.5,10.5,30.427,38.254,-0.19266,0.01889,-0.00317,-0.03936,0.01243,-0.04637,0.01568,0.00011,-0.04499,0.01535,100.924,112.395,110.965,87.216,99.864,68.026,107.483,,108.012,,,106.079,103.881,89.038,103.908,95.665,87.139,1.2961,0.9943,1.2106,1.155,1.0681,1.1054,1.0688,1.0631,1.4898,0.8817
B030,B030_GMS_3_4,2,triangulated,3,98,223.25,121,0.3,1020.0,smooth_all,90.62,90.77,93.212,93.302,8.884,8.899,9.138,9.147,39.137,44.432,-0.32498,0.04658,0.04917,0.0958,0.03334,-0.01479,-0.04052,-0.00904,0.06243,0.02111,92.904,90.37,72.748,89.546,104.51,93.89,120.27,,72.466,,,71.087,91.063,92.454,82.698,82.263,112.417,1.2642,1.2042,1.2569,1.0956,1.0591,1.1337,1.063,1.1033,1.3954,0.855
B030,B030_GMS_3_4,1,triangulated,3,121,269.6,121,0.3,1020.0,smooth_all,131.664,131.664,140.685,140.685,12.908,12.908,13.793,13.793,39.084,54.041,-0.20899,0.02318,-0.01333,-0.02011,0.0034,-0.03721,-0.0145,-0.00665,-0.00553,0.02612,133.808,137.135,92.422,103.689,138.019,93.728,120.479,,143.274,,,141.583,138.405,134.078,149.983,152.758,163.774,1.3244,1.2088,1.3363,1.1842,1.0369,1.125,1.024,1.1809,1.3103,0.8298
B030,B030_GMS_3_4,3,triangulated,3,121,302.51,121,0.3,1020.0,smooth_all,107.263,107.263,107.098,107.098,10.516,10.516,10.5,10.5,39.01,48.454,-0.27037,0.01668,-0.03152,-0.01817,-0.01589,-0.03955,-0.00409,-0.00289,-0.02992,0.00845,103.398,106.585,73.737,96.798,112.121,84.7,91.0,,117.748,,,122.06,90.067,95.897,120.371,141.891,135.562,1.2481,1.1555,1.2618,1.2083,1.0634,1.1426,1.0241,1.0876,1.405,0.8637
B030,B030_GMS_4_1,2,triangulated,3,141,225.06,145,0.3,1020.0,smooth_all,62.705,62.501,62.093,61.99,6.148,6.128,6.088,6.077,36.472,41.519,-0.23339,0.04394,0.02892,0.04606,0.02489,-0.01803,-0.025,-0.00652,0.02437,0.01289,63.337,81.677,62.65,54.941,54.227,30.099,42.007,,69.15,,,69.948,34.428,54.454,57.738,104.628,106.397,1.2068,1.1803,1.2148,1.079,1.1357,1.0881,1.1503,1.1041,1.4893,0.8712
B030,B030_GMS_4_1,1,triangulated,3,145,269.44,145,0.3,1020.0,smooth_all,102.945,102.945,101.023,101.023,10.093,10.093,9.904,9.904,39.101,48.744,-0.25103,0.03461,-0.03315,-0.03487,-0.00689,-0.03632,-0.00038,0.00068,-0.02705,0.00862,103.766,86.778,52.177,78.579,131.561,74.109,106.322,,117.663,,,139.898,142.106,142.334,110.865,82.548,91.24,1.2132,1.1649,1.2242,1.1763,1.0663,1.1499,1.0673,1.007,1.3767,0.8609
B030,B030_GMS_4_1,3,triangulated,3,145,300.95,145,0.3,1020.0,smooth_all,179.278,179.278,178.871,178.871,17.576,17.576,17.536,17.536,40.911,52.3,-0.27806,0.06374,-0.03011,-0.0296,-0.00683,-0.03513,-0.00457,0.00375,-0.00022,0.00922,178.846,189.505,147.339,179.108,187.219,138.592,158.989,,202.441,,,201.274,61.062,72.013,209.953,201.437,220.707,1.1996,1.2129,1.2587,1.1386,1.102,1.0729,1.1295,1.0214,1.4479,0.8479
B030,B030_GMS_4_3,2,triangulated,3,184,224.91,184,0.3,1020.0,smooth_all,55.077,55.077,54.046,54.046,5.4,5.4,5.299,5.299,35.053,38.28,-0.27435,0.05022,0.01613,0.0463,0.01077,-0.01932,-0.0279,-0.00468,0.02344,0.01019,59.493,74.633,46.303,51.118,55.401,29.926,42.764,,51.108,,,50.202,44.9,58.439,41.892,82.41,83.763,1.2424,1.165,1.2375,1.1127,1.0404,1.0507,1.1223,1.0648,1.4361,0.8754
B030,B030_GMS_4_3,1,triangulated,3,184,269.26,184,0.3,1020.0,smooth_all,105.729,105.729,107.791,107.791,10.366,10.366,10.568,10.568,36.286,45.738,-0.23224,0.02091,-0.02887,-0.04025,-0.01567,-0.03464,-0.00148,0.0017,-0.04814,0.00139,87.727,76.065,57.867,75.346,124.236,75.894,103.489,,124.769,,,140.157,146.693,152.846,119.419,96.421,100.357,1.2191,1.1969,1.2139,1.1421,1.1247,1.0577,1.102,1.001,1.3525,0.8478
B030,B030_GMS_4_3,3,triangulated,3,184,300.81,184,0.3,1020.0,smooth_all,65.098,65.098,65.852,65.852,6.382,6.382,6.456,6.456,40.491,47.523,-0.25186,0.02526,-0.03483,-0.02572,-0.013,-0.03573,0.00256,0.00071,-0.0345,0.00481,58.528,65.704,42.523,53.235,68.693,61.884,52.809,,49.801,,,41.503,74.278,71.132,50.726,100.096,122.458,1.1925,1.1758,1.2262,1.1698,1.0941,1.0247,1.0704,0.9637,1.4514,0.8846
B030,B030_GMS_4_5,2,triangulated,3,135,224.88,203,0.3,1020.0,smooth_all,76.593,75.237,79.77,78.483,7.509,7.376,7.821,7.694,35.684,40.213,-0.30409,0.08296,0.04347,0.12508,0.03155,-0.00701,-0.05254,-0.01031,0.11051,0.03247,86.285,99.741,93.263,56.707,79.367,60.477,60.284,,68.318,,,75.619,57.327,88.16,51.271,95.955,103.808,1.2193,1.1459,1.2267,1.126,1.0551,1.0915,1.1245,1.1115,1.3754,0.895
B030,B030_GMS_4_5,1,triangulated,3,176,269.45,203,0.3,1020.0,smooth_all,169.122,169.099,172.562,172.54,16.581,16.578,16.918,16.916,45.846,53.181,-0.42434,0.06891,-0.012,0.05749,-0.01215,-0.02173,-0.01567,-0.01335,0.02454,0.02261,168.637,164.021,133.481,130.373,187.477,155.673,180.849,,189.026,,,199.967,166.88,153.343,195.108,181.38,158.576,1.2057,1.1058,1.24,1.1171,1.0841,1.0392,1.1066,0.9587,1.3549,0.8505
B030,B030_GMS_4_5,3,triangulated,3,183,301.1,203,0.3,1020.0,smooth_all,88.01,88.01,94.321,94.321,8.628,8.628,9.247,9.247,42.16,48.728,-0.39335,0.08996,-0.03705,0.02073,-0.01951,-0.03024,-0.01264,-0.0102,-0.00544,0.01473,74.774,85.475,55.69,73.684,90.174,56.311,78.114,,98.495,,,110.905,98.938,100.468,85.398,150.586,115.156,1.1979,1.1176,1.2076,1.1753,1.1491,0.9734,1.0436,0.9781,1.4641,0.9168
B031,B031_GMS_1_2,2,triangulated,3,151,218.89,151,0.3,1020.0,smooth_all,57.801,57.801,57.893,57.893,5.667,5.667,5.676,5.676,41.439,42.736,-0.39526,0.00495,-0.00042,0.04716,0.00088,-0.02693,-0.0295,-0.00248,-0.03241,0.00439,57.981,53.547,65.543,65.358,74.535,44.831,55.344,,58.411,,,45.399,67.806,53.634,67.656,38.632,46.19,1.371,1.0202,1.1774,1.126,1.0283,0.9824,1.0554,1.058,1.4165,0.885
B031,B031_GMS_1_2,1,triangulated,3,151,265.37,151,0.3,1020.0,smooth_all,189.412,189.412,188.595,188.595,18.57,18.57,18.49,18.49,40.144,57.576,-0.32515,0.02326,-0.04564,-0.04955,0.01856,-0.03773,0.01418,-0.00171,-0.04127,0.01187,199.971,212.036,150.847,130.14,191.137,124.476,127.539,,210.831,,,221.135,232.099,230.583,215.861,221.475,194.974,1.3485,1.0606,1.1819,1.1149,1.0696,0.9877,1.0577,1.0882,1.3348,0.8698
B031,B031_GMS_1_2,3,triangulated,3,138,308.12,151,0.3,1020.0,smooth_all,72.182,72.188,73.505,73.66,7.077,7.077,7.206,7.222,36.876,43.94,-0.35327,-0.04322,-0.00718,-0.00881,0.00624,-0.03611,-0.02333,-0.00405,-0.0716,-0.00566,71.266,82.707,98.204,106.826,74.629,39.879,49.466,,75.96,,,82.651,68.529,53.687,76.487,83.402,48.098,1.2497,0.9245,1.1534,1.091,1.0806,0.9865,1.0521,1.0295,1.446,0.8834
B031,B031_GMS_1_5,2,triangulated,3,88,218.63,134,0.3,1020.0,smooth_all,100.02,95.159,105.408,100.284,9.806,9.329,10.334,9.832,46.293,52.51,-0.39701,0.01379,-0.0516,0.01444,-0.00607,-0.01597,-0.01954,-0.00603,-0.04708,0.0037,116.864,116.617,105.817,108.118,125.17,83.513,70.923,,83.193,,,80.784,118.786,136.827,84.641,86.717,76.205,1.3126,1.1049,1.2591,1.1183,1.0441,1.0595,1.083,1.0427,1.4217,0.9061
B031,B031_GMS_1_5,1,triangulated,3,122,264.43,134,0.3,1020.0,smooth_all,95.839,95.889,98.504,98.552,9.396,9.401,9.657,9.662,36.702,50.132,-0.30858,0.0105,-0.05907,-0.018,-0.00288,-0.03637,-0.00218,-0.00701,-0.04199,0.0111,110.78,121.034,84.737,64.459,111.47,49.815,65.383,,110.746,,,108.903,133.734,99.299,114.067,99.306,88.816,1.2913,1.0814,1.2645,1.1072,1.0104,1.0421,1.0568,1.0806,1.3689,0.8791
B031,B031_GMS_1_5,3,triangulated,3,82,306.96,134,0.3,1020.0,smooth_all,120.471,120.656,143.063,143.541,11.811,11.829,14.026,14.073,40.083,58.156,-0.30179,-0.00856,-0.01296,0.03287,-0.00651,-0.03139,-0.01533,-0.00383,-0.03835,0.01149,120.7,123.448,111.658,113.314,129.63,79.404,60.281,,154.382,,,144.779,125.067,99.733,147.061,122.275,152.835,1.3077,1.0238,1.248,1.0954,1.0209,1.0357,1.1071,1.0438,1.4305,0.8684
B031,B031_GMS_2_1,2,triangulated,3,51,217.91,157,0.3,1020.0,smooth_all,93.493,87.936,113.28,108.051,9.166,8.621,11.106,10.593,42.345,50.467,-0.40327,-0.00197,-0.01859,0.02986,0.01622,-0.02921,-0.00252,-0.00605,-0.01027,0.008,89.213,96.377,80.165,84.965,90.283,71.26,84.072,,95.275,,,92.659,124.553,170.07,81.282,76.888,72.417,1.2888,1.1171,1.2854,1.0823,1.0809,1.0881,1.0765,1.0252,1.3307,0.9097
B031,B031_GMS_2_1,1,triangulated,3,153,264.3,157,0.3,1020.0,smooth_all,88.19,88.19,97.282,97.282,8.646,8.646,9.537,9.537,35.548,46.314,-0.28112,-0.0193,0.00057,0.02999,0.01601,-0.03766,0.02414,-0.00606,-0.10107,0.00434,98.098,86.854,53.305,52.8,115.782,76.318,78.214,,111.114,,,116.99,67.618,105.947,108.119,80.36,76.292,1.2714,1.0813,1.3717,1.0875,0.9983,1.0707,1.0708,1.055,1.3474,0.8534
B031,B031_GMS_2_1,3,triangulated,3,157,307.49,157,0.3,1020.0,smooth_all,77.464,77.464,81.24,81.24,7.595,7.595,7.965,7.965,32.881,46.468,-0.25571,0.00646,-0.01452,0.01785,0.00861,-0.04481,0.00521,-0.00379,-0.09918,0.01167,84.877,86.764,52.21,60.268,98.29,61.702,59.715,,105.089,,,93.348,68.303,45.294,101.365,71.026,69.841,1.3168,1.0916,1.3633,1.0899,0.9815,1.0987,1.0397,1.0122,1.4393,0.8977
B031,B031_GMS_2_2,2,triangulated,3,121,216.66,136,0.3,1020.0,smooth_all,94.147,94.374,104.058,104.404,9.23,9.252,10.202,10.236,51.952,59.784,-0.30783,-0.06853,0.05425,0.05258,0.01197,-0.01517,-0.04641,-0.00887,0.01944,0.00817,80.844,84.128,68.97,84.153,88.096,109.197,126.608,,97.13,,,96.018,110.667,106.231,98.69,73.578,87.144,1.2706,1.0665,1.2693,1.1125,1.0871,1.047,1.1035,1.117,1.411,0.8741
B031,B031_GMS_2_2,1,triangulated,3,136,265.18,136,0.3,1020.0,smooth_all,79.485,79.396,98.77,98.765,7.793,7.784,9.683,9.683,34.661,45.356,-0.30307,0.06698,-0.05643,-0.00017,-0.00458,-0.05263,0.02509,0.004,-0.0497,0.02299,86.81,103.468,49.944,56.226,75.123,47.932,66.48,,89.638,,,92.453,73.218,69.651,102.709,112.147,89.591,1.2926,1.0686,1.3216,1.0471,1.056,1.0859,1.044,1.0677,1.3692,0.8346
B031,B031_GMS_2_2,3,triangulated,3,92,310.05,136,0.3,1020.0,smooth_all,95.466,96.221,98.873,99.455,9.359,9.433,9.693,9.75,41.993,44.478,-0.3615,-0.0392,-0.06037,-0.01435,-0.0213,-0.04501,0.03361,-0.00739,-0.13622,-0.00997,108.825,112.932,83.404,84.875,112.555,91.144,113.809,,83.308,,,86.895,80.213,75.754,88.708,100.872,118.825,1.2967,1.0873,1.3531,1.0511,1.1064,1.0805,1.0529,1.0757,1.4515,0.8844
B031,B031_GMS_2_3,2,triangulated,3,144,211.45,165,0.3,1020.0,smooth_all,79.082,77.829,86.831,85.326,7.753,7.63,8.513,8.365,37.724,46.329,-0.28329,-0.02329,0.01711,0.04033,0.01358,-0.02809,0.00118,-0.00602,-0.0755,-0.00203,78.629,85.752,83.285,90.651,79.924,78.762,89.121,,73.513,,,66.02,75.619,74.814,71.6,72.997,87.127,1.2243,1.1102,1.2703,0.9891,1.0359,1.0822,1.0236,1.036,1.3317,0.8744
B031,B031_GMS_2_3,1,triangulated,3,165,258.85,165,0.3,1020.0,smooth_all,74.168,74.168,72.407,72.407,7.271,7.271,7.099,7.099,33.653,43.787,-0.19388,-0.00841,0.01465,0.02072,0.01918,-0.04103,-0.00034,-0.00979,-0.06396,0.00947,87.633,80.893,63.25,57.239,103.122,56.51,55.055,,75.366,,,87.495,95.238,78.373,73.657,66.876,52.912,1.2431,1.1862,1.2954,1.0876,1.0049,1.0826,0.9706,1.054,1.4083,0.8259
B031,B031_GMS_2_3,3,triangulated,3,137,306.34,165,0.3,1020.0,smooth_all,63.811,61.585,67.148,64.994,6.256,6.038,6.583,6.372,39.328,43.589,-0.26015,0.04865,-0.02117,0.03837,0.01352,-0.04034,0.03554,-0.0088,-0.10049,0.00476,71.325,72.935,30.948,58.773,82.079,54.909,71.414,,65.92,,,49.701,64.268,66.875,65.255,50.515,88.326,1.2557,1.1679,1.2997,1.1206,1.0289,1.1218,1.0443,1.0631,1.3175,0.8909
B031,B031_GMS_2_4,2,triangulated,3,98,221.31,98,0.3,1020.0,smooth_all,70.048,70.046,69.471,69.462,6.867,6.867,6.811,6.81,31.857,36.088,-0.23893,-0.04177,0.00775,0.01764,0.00291,-0.02408,-0.02031,-0.00928,-0.05528,0.00028,78.745,91.087,54.002,56.512,74.146,52.149,64.102,,77.134,,,72.545,69.948,79.925,70.342,65.506,74.534,1.2799,1.1998,1.2926,1.2128,1.0391,1.1053,1.0607,1.0291,1.4349,0.8684
B031,B031_GMS_2_4,1,triangulated,3,98,267.94,98,0.3,1020.0,smooth_all,141.754,141.754,144.079,144.079,13.897,13.897,14.125,14.125,33.859,52.697,-0.1383,0.01682,-0.02218,-0.05859,-0.00388,-0.04363,0.0053,0.00273,-0.03873,0.0154,146.459,154.92,122.527,107.495,143.446,115.36,83.199,,175.702,,,173.252,152.274,142.512,165.635,154.444,148.972,1.3197,1.122,1.2817,1.1687,1.0302,1.1229,1.0462,1.0347,1.3522,0.8419
B031,B031_GMS_2_4,3,triangulated,3,91,309.64,98,0.3,1020.0,smooth_all,81.615,82.248,92.38,92.821,8.001,8.064,9.057,9.1,34.114,40.698,-0.28952,-0.03864,-0.02134,-0.01978,-0.01074,-0.04119,0.00098,-0.00815,-0.07634,-0.00714,86.522,93.444,85.821,72.791,92.257,68.54,65.198,,84.78,,,78.223,83.806,79.123,81.396,76.55,93.61,1.301,1.0308,1.2789,1.1475,1.0349,1.1177,1.0658,1.0375,1.4357,0.8902
B031,B031_GMS_2_5,2,triangulated,3,78,214.59,145,0.3,1020.0,smooth_all,85.557,83.06,101.883,100.365,8.388,8.143,9.989,9.84,45.898,50.404,-0.31816,-0.00987,0.02721,0.05501,0.01009,-0.01639,-0.0412,-0.0136,0.02623,0.01287,86.921,100.575,75.056,56.833,80.187,84.082,68.692,,93.089,,,90.292,94.477,107.456,74.044,79.813,107.15,1.2799,1.099,1.3674,1.1215,1.08,1.1254,1.058,1.0994,1.347,0.8914
B031,B031_GMS_2_5,1,triangulated,3,145,259.38,145,0.3,1020.0,smooth_all,95.05,95.05,97.115,97.115,9.319,9.319,9.521,9.521,36.479,62.064,-0.25022,-0.03354,0.02106,0.01788,0.01167,-0.0445,0.00061,-0.01551,-0.06049,-0.00153,90.407,80.882,45.098,59.259,108.236,70.514,93.103,,133.037,,,146.51,125.022,131.417,118.358,86.871,67.682,1.2659,1.1029,1.3387,1.0737,1.0417,1.036,1.0458,1.0774,1.3215,0.8535
B031,B031_GMS_2_5,3,triangulated,3,141,303.33,145,0.3,1020.0,smooth_all,95.546,96.0,99.895,100.431,9.367,9.412,9.794,9.846,42.654,55.512,-0.22488,-0.05139,0.00236,-0.01052,-0.00493,-0.04133,0.0134,-0.00965,-0.09157,-0.00028,94.412,94.119,83.465,78.495,110.008,64.808,65.373,,109.824,,,105.77,117.196,117.521,102.791,78.747,129.397,1.2618,1.089,1.2869,1.0639,1.0413,1.059,1.0534,1.0361,1.3606,0.8928
B031,B031_GMS_3_1,2,triangulated,3,66,211.67,197,0.3,1020.0,smooth_all,212.796,213.072,219.972,221.137,20.862,20.889,21.566,21.68,44.346,55.549,-0.23015,0.02931,0.03787,0.08334,0.01538,-0.00772,-0.02223,-0.01846,0.021,0.0194,211.207,213.369,195.699,116.098,214.717,220.243,160.348,,210.022,,,216.94,218.89,251.037,209.511,261.004,247.729,1.2511,1.1431,1.2896,1.1081,1.0498,1.0268,1.0408,1.0159,1.3812,0.8396
B031,B031_GMS_3_1,1,triangulated,3,186,266.38,197,0.3,1020.0,smooth_all,191.192,191.192,174.509,174.509,18.744,18.744,17.109,17.109,32.102,44.395,-0.18355,0.03143,0.00288,0.01243,0.00384,-0.03444,-0.02099,-0.00441,0.01619,0.02589,207.291,218.97,167.639,175.57,197.791,157.067,189.226,,190.223,,,184.416,118.619,94.184,226.097,278.126,243.902,1.2939,1.1542,1.2968,1.1687,1.1506,1.0782,1.0572,1.0492,1.3432,0.8358
B031,B031_GMS_3_1,3,triangulated,3,153,316.55,197,0.3,1020.0,smooth_all,107.737,104.948,105.9,102.963,10.562,10.289,10.382,10.094,41.731,46.584,-0.26096,-0.00689,0.01428,0.05446,-0.00159,-0.03145,-0.01649,-0.01201,-0.02519,-0.00077,112.924,118.343,104.215,136.845,120.473,50.402,68.847,,112.491,,,130.729,87.742,66.214,115.469,147.132,107.22,1.2423,1.0934,1.2351,1.1505,1.1151,1.078,1.0397,1.0454,1.4021,0.8787
B031,B031_GMS_3_4,2,triangulated,3,32,212.14,116,0.3,1020.0,smooth_all,226.536,224.817,215.831,213.275,22.209,22.041,21.16,20.909,38.707,46.612,-0.28233,0.03226,0.05147,0.1236,0.02681,-0.00813,-0.02171,-0.01819,0.05376,0.02189,244.389,237.106,211.738,216.438,244.979,217.495,200.057,,222.288,,,231.96,230.264,250.737,211.382,233.639,208.629,1.2573,1.1801,1.2839,1.1411,1.0565,1.0844,1.0547,1.1039,1.3453,0.8499
B031,B031_GMS_3_4,1,triangulated,3,77,265.65,116,0.3,1020.0,smooth_all,172.812,172.812,162.778,162.778,16.942,16.942,15.959,15.959,35.081,56.32,-0.24667,0.00474,-0.02238,0.00907,-0.00868,-0.03443,-0.01399,-0.00312,-0.0167,0.01892,200.257,201.554,100.469,120.605,201.63,83.287,93.821,,200.604,,,209.133,199.914,164.174,225.807,230.826,187.291,1.3497,1.1377,1.4099,1.1076,1.1185,1.0951,1.0628,1.0308,1.3493,0.8507
B031,B031_GMS_3_4,3,triangulated,3,60,315.19,116,0.3,1020.0,smooth_all,82.624,82.439,78.96,78.914,8.1,8.082,7.741,7.737,43.748,45.711,-0.26804,-0.01731,-0.02138,0.02356,-0.01249,-0.0281,0.02099,-0.0129,-0.07766,-0.00791,82.126,89.25,69.161,127.338,92.841,75.189,74.343,,77.428,,,78.005,73.452,90.393,83.419,78.557,77.381,1.2631,1.1744,1.3218,1.1115,1.0739,1.0931,1.0373,1.0345,1.375,0.8832
B031,B031_GMS_3_5,2,triangulated,3,54,209.96,172,0.3,1020.0,smooth_all,186.531,177.36,187.433,177.871,18.287,17.388,18.376,17.438,40.675,49.203,-0.26259,0.00323,0.02493,0.05893,0.01614,-0.01023,-0.01758,-0.01763,0.00225,0.0156,195.269,209.295,173.68,208.819,182.645,188.371,228.257,,169.854,,,171.735,165.127,191.711,159.64,179.831,184.585,1.2327,1.2129,1.2618,1.0655,1.0297,1.0708,1.0268,1.0319,1.4091,0.8685
B031,B031_GMS_3_5,1,triangulated,3,139,265.24,172,0.3,1020.0,smooth_all,132.73,132.73,132.562,132.562,13.013,13.013,12.996,12.996,36.295,48.377,-0.26483,-0.01142,-0.01605,0.01234,-0.00828,-0.03263,-0.0173,-0.0074,-0.01208,0.02095,156.381,147.584,84.127,83.767,169.629,106.328,117.637,,129.495,,,144.05,163.371,153.312,135.006,137.764,130.123,1.3401,1.131,1.3499,1.1489,1.0835,1.1122,1.0522,1.0373,1.3096,0.8574
B031,B031_GMS_3_5,3,triangulated,3,125,316.88,172,0.3,1020.0,smooth_all,77.181,77.008,75.757,75.502,7.567,7.55,7.427,7.402,43.81,46.263,-0.26563,0.02054,-0.01742,0.0024,-0.0053,-0.036,0.00302,-0.01404,-0.03085,0.00908,74.782,80.584,52.294,63.912,83.642,98.577,89.932,,70.566,,,63.589,81.575,99.61,70.492,62.607,91.279,1.3149,1.1083,1.3265,1.1373,1.1026,1.0778,1.0179,1.0209,1.3428,0.8985
B033,B033_GMS_1_1,2,triangulated,3,115,226.69,124,0.3,1020.0,smooth_all,185.368,184.659,185.359,184.126,18.173,18.104,18.172,18.052,46.126,53.424,-0.48135,-0.0515,0.01257,0.05571,0.03347,-0.01991,-0.01585,0.01034,0.00771,-0.00643,184.979,200.767,207.692,144.173,173.027,125.647,174.933,,199.732,,,213.444,194.946,258.178,169.181,172.016,173.239,1.2477,1.0585,1.24,1.0093,1.0199,1.0357,1.084,1.0541,1.4387,0.7761
B033,B033_GMS_1_1,1,triangulated,3,124,271.9,124,0.3,1020.0,smooth_all,90.423,90.423,95.204,95.204,8.865,8.865,9.334,9.334,34.993,50.178,-0.2861,0.03556,-0.04501,0.02633,0.03636,-0.02747,0.00642,0.00974,-0.01553,-0.00397,97.92,107.231,63.829,37.444,94.837,77.204,38.918,,109.013,,,100.586,88.45,121.889,109.725,89.936,117.201,1.2224,1.179,1.3051,1.0785,1.1313,1.0853,1.0856,1.056,1.2894,0.8232
B033,B033_GMS_1_1,3,triangulated,3,124,320.32,124,0.3,1020.0,smooth_all,186.121,186.121,184.319,184.319,18.247,18.247,18.07,18.07,50.334,54.646,-0.46713,-0.02337,-0.09858,0.01732,-0.00033,-0.03495,0.07152,0.00817,-0.15539,-0.03083,185.009,180.01,155.015,119.582,198.215,210.905,113.79,,171.804,,,141.359,175.523,192.849,191.367,183.786,339.474,1.2473,1.0829,1.3754,1.0863,1.1564,1.0972,1.1132,1.0188,1.4479,0.7702
B033,B033_GMS_1_2,2,triangulated,3,224,226.34,225,0.3,1020.0,smooth_all,141.837,141.837,148.976,148.976,13.906,13.906,14.606,14.606,41.002,43.395,-0.42443,-0.03827,-0.03882,0.02405,0.00609,-0.01784,0.00643,0.01171,-0.06252,-0.03359,141.202,157.897,171.324,132.464,129.85,122.787,122.667,,144.418,,,152.919,115.874,182.037,124.044,144.963,145.727,1.2624,1.1405,1.2443,1.1,1.0858,1.0468,1.2121,1.0235,1.4699,0.8535
B033,B033_GMS_1_2,1,triangulated,3,225,271.35,225,0.3,1020.0,smooth_all,135.236,135.236,128.418,128.418,13.258,13.258,12.59,12.59,43.487,58.892,-0.25297,-0.02373,0.01381,-0.00031,0.02573,-0.0127,-0.00021,0.00093,-0.00216,-0.02042,146.758,157.399,114.282,87.772,140.055,121.033,75.137,,168.489,,,164.39,136.559,143.675,157.599,141.522,137.288,1.2277,1.2053,1.277,1.1133,1.0775,1.0379,1.1719,1.0097,1.2791,0.7863
B033,B033_GMS_1_2,3,triangulated,3,224,319.95,225,0.3,1020.0,smooth_all,123.233,123.233,121.059,121.059,12.082,12.082,11.869,11.869,41.989,47.402,-0.36405,-0.0223,-0.0226,0.01961,0.00959,-0.01286,-0.00064,0.01411,-0.04919,-0.02545,125.58,121.811,108.262,69.476,134.772,122.083,81.944,,119.28,,,100.412,123.88,146.207,129.733,124.402,216.125,1.2989,1.1193,1.2051,1.1456,1.1788,1.0967,1.1835,1.0255,1.3476,0.8024
B033,B033_GMS_1_3,2,triangulated,3,159,226.71,159,0.3,1020.0,smooth_all,188.825,188.825,192.199,192.199,18.512,18.512,18.843,18.843,38.945,47.193,-0.43182,-0.05851,0.01156,0.06005,0.03545,-0.02835,-0.01464,0.00439,-0.00025,-0.00669,192.555,208.826,173.483,111.629,180.348,180.471,183.279,,210.827,,,218.046,182.944,226.275,186.912,197.344,192.502,1.2556,1.1702,1.2838,1.1134,1.0645,1.0931,1.1035,1.0312,1.4371,0.8619
B033,B033_GMS_1_3,1,triangulated,3,159,271.66,159,0.3,1020.0,smooth_all,161.542,161.542,169.422,169.422,15.837,15.837,16.61,16.61,42.966,59.179,-0.24887,-0.01102,-0.02961,0.03471,0.0182,-0.03552,0.02598,0.00861,-0.04712,-0.01204,170.129,179.032,124.268,70.714,165.957,169.963,117.445,,221.249,,,202.502,161.523,138.253,211.052,162.52,161.276,1.229,1.2532,1.2655,1.2139,1.0148,1.0965,1.0334,1.0248,1.3102,0.8037
B033,B033_GMS_1_3,3,triangulated,3,156,320.0,159,0.3,1020.0,smooth_all,181.196,180.693,178.307,177.445,17.764,17.715,17.481,17.397,49.079,55.472,-0.4547,-0.04647,-0.06634,-0.00912,-0.00278,-0.04408,0.06802,0.00349,-0.17524,-0.04469,174.273,168.129,136.522,92.465,187.585,190.04,108.14,,192.194,,,169.29,197.657,209.389,203.742,176.049,293.64,1.2322,1.2337,1.3984,1.1434,1.0744,1.1033,1.1594,0.9706,1.3961,0.798
B033,B033_GMS_1_4,2,triangulated,3,270,226.49,271,0.3,1020.0,smooth_all,79.538,79.538,83.11,83.11,7.798,7.798,8.148,8.148,46.828,50.012,-0.39271,-0.00983,-0.02534,0.01445,0.01031,-0.01468,0.00189,0.00399,-0.06306,-0.02701,86.407,99.978,71.53,109.628,80.444,63.376,54.82,,63.209,,,60.3,60.834,161.241,57.399,75.122,69.242,1.4265,0.986,1.2138,1.1391,1.0626,1.0253,1.1897,0.9821,1.4024,0.8247
B033,B033_GMS_1_4,1,triangulated,3,271,271.44,271,0.3,1020.0,smooth_all,148.512,148.512,154.478,154.478,14.56,14.56,15.145,15.145,52.362,88.397,-0.26584,-0.02215,0.01392,0.00844,0.02248,-0.01396,-0.00966,-0.00063,-0.00223,-0.00765,139.103,140.894,168.451,155.418,139.102,94.864,85.439,,162.086,,,171.309,164.991,202.856,141.556,144.751,166.344,1.3345,1.0814,1.2089,1.1304,1.0154,1.0639,1.1286,0.9721,1.2742,0.7983
B033,B033_GMS_1_4,3,triangulated,3,271,319.92,271,0.3,1020.0,smooth_all,105.769,105.769,109.327,109.327,10.37,10.37,10.718,10.718,42.667,48.617,-0.26838,-0.02845,-0.04256,-0.00859,0.0121,-0.03121,0.0223,0.00719,-0.08335,-0.02319,119.993,117.289,98.249,83.46,129.497,97.016,54.249,,114.173,,,99.513,95.628,108.949,114.66,95.192,152.582,1.2225,0.9772,1.1884,1.1544,1.0738,1.0783,1.1748,1.036,1.3933,0.8205
B033,B033_GMS_2_1,2,triangulated,3,85,227.72,113,0.3,1020.0,smooth_all,98.15,95.314,103.388,99.767,9.623,9.345,10.136,9.781,38.35,45.752,-0.35496,-0.04018,0.02225,0.06033,0.01143,-0.02147,-0.01465,-0.00976,-0.05141,0.00285,108.886,131.207,102.378,67.887,91.194,89.037,76.533,,106.977,,,101.813,110.177,141.785,77.397,83.474,85.139,1.2667,1.1894,1.2706,1.0606,1.0535,1.0732,1.08,1.127,1.3403,0.8747
B033,B033_GMS_2_1,1,triangulated,3,113,274.41,113,0.3,1020.0,smooth_all,127.38,127.38,144.541,144.541,12.488,12.488,14.171,14.171,36.623,53.583,-0.30374,0.02446,-0.03337,-0.00445,-0.00899,-0.03644,-0.00158,0.00071,-0.05399,0.00754,130.385,135.609,85.615,68.319,129.489,109.73,82.789,,170.742,,,167.101,152.114,140.412,164.805,138.969,124.428,1.258,1.1932,1.4005,1.0738,1.0171,1.0668,1.0397,1.1135,1.3092,0.8214
B033,B033_GMS_2_1,3,triangulated,3,113,322.48,113,0.3,1020.0,smooth_all,88.677,88.677,98.629,98.629,8.694,8.694,9.67,9.67,35.533,42.597,-0.33007,0.04216,-0.09479,-0.02639,-0.01467,-0.04378,0.04525,-0.00207,-0.10469,0.00016,97.847,100.262,72.258,91.334,105.946,60.882,71.257,,101.936,,,112.869,96.693,94.619,94.553,84.847,64.864,1.2773,1.143,1.4174,1.0977,1.0265,1.1531,1.0537,1.0355,1.3384,0.8883
B033,B033_GMS_2_2,2,triangulated,3,95,226.62,130,0.3,1020.0,smooth_all,114.933,114.768,117.339,116.908,11.268,11.252,11.504,11.462,45.311,48.4,-0.42003,-0.0335,-0.01191,0.019,0.0077,-0.01231,-0.03739,-0.00276,-0.05119,0.00131,111.16,126.315,120.569,159.522,103.272,86.267,86.622,,119.725,,,120.11,116.366,129.757,100.596,120.835,109.353,1.3264,1.1218,1.2517,1.0996,1.0916,1.0562,1.061,1.0534,1.4416,0.896
B033,B033_GMS_2_2,1,triangulated,3,130,273.65,130,0.3,1020.0,smooth_all,99.036,98.521,106.995,106.355,9.709,9.659,10.49,10.427,45.781,67.52,-0.30369,0.01837,0.03516,0.0491,0.02397,-0.00821,-0.05164,-0.00151,0.07313,0.02723,106.739,117.93,82.797,101.832,102.347,51.275,40.739,,153.789,,,144.381,88.405,94.004,135.955,91.577,73.982,1.3137,1.1575,1.2101,1.1647,1.0752,1.045,1.0304,1.0546,1.2971,0.8282
B033,B033_GMS_2_2,3,triangulated,3,130,322.53,130,0.3,1020.0,smooth_all,79.115,79.115,82.451,82.451,7.756,7.756,8.083,8.083,35.305,40.725,-0.25411,-0.0335,-0.02981,-0.01306,-0.0035,-0.02681,0.00611,-9e-05,-0.0709,-0.00792,84.096,80.204,78.747,63.067,95.997,60.384,49.215,,90.389,,,80.078,98.262,110.224,84.043,63.97,70.919,1.3715,0.9296,1.245,1.1051,1.109,1.1405,1.0457,1.0511,1.4791,0.8948
B033,B033_GMS_2_3,2,triangulated,3,200,227.95,210,0.3,1020.0,smooth_all,118.311,108.692,153.493,140.679,11.599,10.656,15.048,13.792,47.681,61.221,-0.32825,-0.06141,0.0441,0.09361,0.0146,-0.01143,-0.03751,-0.00586,-0.03245,-0.00228,109.067,115.312,125.899,127.697,115.447,106.725,82.229,,123.71,,,131.495,141.769,192.937,89.842,96.513,102.481,1.3293,1.0986,1.2252,1.1268,1.0538,0.9864,1.0513,1.106,1.3804,0.895
B033,B033_GMS_2_3,1,triangulated,3,210,275.38,210,0.3,1020.0,smooth_all,139.822,139.822,154.968,154.968,13.708,13.708,15.193,15.193,54.227,81.511,-0.21259,-0.00249,0.05514,0.04728,0.03287,-0.01428,-0.05121,0.00114,0.05444,0.01365,106.379,133.836,185.28,206.838,96.446,79.622,86.484,,159.48,,,168.776,162.094,178.517,147.075,117.644,126.761,1.4088,1.1078,1.1634,1.1127,1.0858,1.0014,1.1329,1.052,1.2614,0.8272
B033,B033_GMS_2_3,3,triangulated,3,210,323.42,210,0.3,1020.0,smooth_all,91.777,91.777,97.437,97.437,8.998,8.998,9.553,9.553,40.771,45.003,-0.3175,-0.07115,-0.00357,0.03118,0.01745,-0.0282,-0.00201,-0.00498,-0.09309,-0.02399,103.505,96.914,79.629,64.629,119.797,95.825,59.717,,107.729,,,91.089,85.767,81.19,94.476,85.073,117.46,1.3402,0.9407,1.2668,1.0906,1.0583,1.0993,1.153,1.0343,1.4528,0.8898
B033,B033_GMS_3_2,2,triangulated,3,130,219.31,151,0.3,1020.0,smooth_all,134.481,131.461,136.711,133.72,13.184,12.888,13.403,13.11,37.033,45.787,-0.43915,0.03242,-0.0027,0.02264,0.01092,-0.03185,-0.02277,-0.00116,0.01392,0.00442,138.735,154.273,121.078,106.682,124.697,105.908,86.762,,150.43,,,158.77,121.303,175.341,127.598,160.09,150.864,1.2007,1.1431,1.2056,1.1133,1.035,0.8886,1.0445,1.0291,1.2885,0.8689
B033,B033_GMS_3_2,1,triangulated,3,151,270.58,151,0.3,1020.0,smooth_all,106.668,106.668,140.16,140.16,10.458,10.458,13.741,13.741,38.135,63.204,-0.46901,0.02253,-0.02641,-0.03015,-0.01378,-0.03518,-0.02788,-0.00313,0.00368,0.01553,105.535,117.876,81.158,52.89,102.567,67.897,47.935,,112.649,,,120.506,147.759,135.099,148.896,107.484,151.0,1.2777,1.1482,1.2794,1.1416,1.0147,1.004,1.0582,1.0277,1.2304,0.786
B033,B033_GMS_3_2,3,triangulated,3,151,325.73,151,0.3,1020.0,smooth_all,134.115,134.115,155.265,155.265,13.148,13.148,15.222,15.222,40.701,52.37,-0.43463,0.0161,-0.02438,0.00196,-0.0058,-0.0359,0.00081,-0.00366,-0.05712,-0.00228,134.368,138.711,122.168,85.714,142.657,129.491,99.034,,142.269,,,137.228,161.879,169.271,139.793,121.404,156.45,1.2473,1.1292,1.2573,1.1349,1.1062,0.9756,1.0216,0.9851,1.367,0.8906
B033,B033_GMS_3_3,2,triangulated,3,96,224.83,128,0.3,1020.0,smooth_all,85.699,84.262,93.24,89.606,8.402,8.261,9.141,8.785,34.117,41.055,-0.48439,0.02512,0.02138,0.06682,0.01737,-0.02346,-0.01615,-0.00821,0.01129,0.00727,83.72,99.346,77.2,55.516,80.081,89.158,67.869,,100.308,,,102.6,95.265,94.492,76.703,90.986,92.798,1.2912,1.156,1.2186,1.0752,1.0699,1.099,1.0737,1.1895,1.3768,0.8732
B033,B033_GMS_3_3,1,triangulated,3,128,270.17,128,0.3,1020.0,smooth_all,114.858,114.858,130.385,130.385,11.261,11.261,12.783,12.783,40.73,72.245,-0.4885,0.01643,-0.02597,-0.01412,-0.00253,-0.03662,-0.00929,-0.00546,-0.01619,0.00939,104.19,110.849,54.505,80.974,102.757,58.341,64.74,,123.093,,,135.956,133.324,136.048,137.326,239.072,206.855,1.3188,1.1907,1.2755,1.0816,1.0599,1.0766,1.0868,1.0429,1.2943,0.7754
B033,B033_GMS_3_3,3,triangulated,3,122,319.91,128,0.3,1020.0,smooth_all,104.304,103.465,98.305,97.067,10.226,10.144,9.638,9.516,42.725,47.198,-0.40621,-0.00905,-0.07016,-0.04522,-0.01993,-0.04848,0.05641,-0.00842,-0.16387,-0.03521,111.083,116.176,87.062,74.385,118.81,101.252,75.569,,108.363,,,87.66,85.016,102.104,114.086,117.453,158.256,1.2617,1.1909,1.2559,1.1241,1.081,1.1382,1.0941,1.137,1.3775,0.869
B033,B033_GMS_3_4,2,triangulated,3,139,220.75,141,0.3,1020.0,smooth_all,115.769,115.565,113.105,112.662,11.35,11.33,11.089,11.045,32.972,37.864,-0.3678,0.00166,0.0165,0.06446,0.01607,-0.01436,-0.02403,-0.00924,-0.00099,0.00797,122.208,134.782,113.287,99.106,116.948,95.435,76.322,,119.862,,,124.553,99.36,105.314,103.017,164.236,170.807,1.234,1.163,1.2041,1.1272,1.0458,1.0663,1.0451,1.1234,1.4161,0.8731
B033,B033_GMS_3_4,1,triangulated,3,141,270.57,141,0.3,1020.0,smooth_all,102.724,102.724,107.149,107.149,10.071,10.071,10.505,10.505,35.106,56.248,-0.32443,0.01657,-0.04194,-0.03075,-0.01802,-0.03494,-0.01063,-0.00795,-0.0203,0.01753,102.351,109.957,78.2,47.074,100.618,70.383,54.117,,130.294,,,126.019,159.0,202.898,124.773,81.583,86.472,1.2058,1.1954,1.2076,1.1552,1.0405,1.0443,1.0235,1.0223,1.2885,0.7955
B033,B033_GMS_3_4,3,triangulated,3,129,324.35,141,0.3,1020.0,smooth_all,98.763,98.38,104.041,103.663,9.683,9.645,10.2,10.163,37.677,44.67,-0.33372,-0.01429,-0.04394,0.01861,-0.01309,-0.02309,0.01301,-0.01151,-0.09382,-0.01173,108.202,104.849,74.797,54.238,119.927,95.958,71.757,,106.771,,,88.596,122.096,130.307,108.552,87.702,111.601,1.2978,1.0825,1.275,1.1717,1.0397,1.0585,1.0406,1.1557,1.3394,0.8773
B033,B033_GMS_3_5,2,triangulated,3,135,221.71,135,0.3,1020.0,smooth_all,85.916,85.916,87.057,87.057,8.423,8.423,8.535,8.535,33.397,36.453,-0.33844,0.03148,0.00144,0.05428,0.00687,-0.01504,-0.02417,-0.00725,-0.00498,0.0088,92.09,97.863,77.634,84.522,96.509,81.5,82.337,,88.393,,,88.371,87.027,79.72,89.325,72.876,84.779,1.3144,1.1437,1.245,1.1022,1.025,1.0052,1.081,1.1747,1.2991,0.9021
B033,B033_GMS_3_5,1,triangulated,3,135,269.57,135,0.3,1020.0,smooth_all,136.954,136.954,133.746,133.746,13.427,13.427,13.112,13.112,33.593,52.257,-0.27068,-0.00678,0.00787,-0.01769,0.0018,-0.03025,-0.0194,-0.00775,-0.02414,0.0124,124.012,144.968,116.877,140.175,106.953,84.573,88.607,,150.891,,,142.191,125.582,151.11,179.115,176.846,185.461,1.3203,1.1459,1.2684,1.0919,1.0454,1.1015,1.0472,1.1617,1.258,0.8251
B033,B033_GMS_3_5,3,triangulated,3,135,322.28,135,0.3,1020.0,smooth_all,105.604,105.604,108.238,108.238,10.353,10.353,10.612,10.612,40.748,46.022,-0.297,-0.05194,-0.03881,-0.01441,-0.01405,-0.03664,0.01641,-0.01266,-0.11282,-0.0176,111.228,118.258,81.176,90.695,114.692,90.697,72.457,,106.314,,,92.93,107.722,117.972,101.557,113.782,163.169,1.2701,1.1253,1.2645,1.0947,1.1229,1.0856,1.0298,1.0873,1.3939,0.9089
B033,B033_GMS_4_1,2,triangulated,3,123,224.75,123,0.3,1020.0,smooth_all,161.605,161.605,160.789,160.789,15.844,15.844,15.764,15.764,35.046,44.489,-0.27428,-0.04753,-0.01369,-0.02444,-0.01266,-0.02007,0.00361,-0.00449,-0.10378,-0.01496,174.05,191.553,137.292,109.992,159.846,143.497,109.063,,181.981,,,186.059,168.643,190.958,157.159,179.408,174.647,1.2513,1.2196,1.254,1.1072,1.1765,1.1007,1.1494,1.1256,1.3953,0.8735
B033,B033_GMS_4_1,1,triangulated,3,123,269.96,123,0.3,1020.0,smooth_all,119.439,119.439,124.641,124.641,11.71,11.71,12.22,12.22,38.827,49.313,-0.26522,-0.00474,0.00146,0.01829,-0.01141,-0.02643,-0.01957,-0.00615,-0.05619,0.00661,74.534,144.545,76.367,83.259,67.366,116.973,148.381,,135.867,,,133.086,102.772,101.542,147.039,157.627,157.357,1.2583,1.1851,1.3279,1.1087,1.0275,1.1156,1.0839,1.1552,1.3249,0.7994
B033,B033_GMS_4_1,3,triangulated,3,117,319.72,123,0.3,1020.0,smooth_all,117.111,117.111,117.642,117.642,11.481,11.481,11.534,11.534,41.982,47.313,-0.2879,0.00525,-0.0358,0.02448,-0.00915,-0.03155,0.00533,-0.00415,-0.07437,-0.00234,128.438,137.066,104.813,67.326,128.24,95.933,67.996,,124.741,,,107.959,172.195,182.99,117.147,93.829,114.025,1.2622,1.1593,1.3329,1.1158,1.1066,1.1342,1.081,1.0609,1.4317,0.9077
B033,B033_GMS_4_2,2,triangulated,3,132,221.74,149,0.3,1020.0,smooth_all,152.888,152.888,152.938,152.938,14.989,14.989,14.994,14.994,39.306,53.829,-0.28383,0.06073,-0.0137,0.0896,0.01212,-0.00424,-0.02913,-0.00422,0.02543,0.02512,162.194,170.248,132.193,75.744,159.854,138.085,92.088,,191.157,,,193.351,174.783,154.486,176.525,169.787,149.931,1.193,1.2475,1.2232,1.1929,1.0376,1.1158,1.0297,1.1186,1.3174,0.8914
B033,B033_GMS_4_2,1,triangulated,3,149,266.59,149,0.3,1020.0,smooth_all,124.643,124.643,116.101,116.101,12.22,12.22,11.382,11.382,47.927,89.357,-0.21355,0.02152,-0.03572,-0.04327,0.00142,-0.02734,-0.01449,-0.00073,-0.03271,0.00978,91.62,92.0,83.576,59.434,94.461,69.435,63.884,,194.664,,,200.549,177.799,163.726,187.596,138.472,127.788,1.2106,1.1769,1.2236,1.1441,1.039,1.0439,1.059,1.1053,1.2479,0.8179
B033,B033_GMS_4_2,3,triangulated,3,149,318.49,149,0.3,1020.0,smooth_all,171.959,171.959,174.489,174.489,16.859,16.859,17.107,17.107,41.468,52.174,-0.30171,-0.00099,-0.08682,-0.04291,-0.02063,-0.0318,0.02493,-0.0024,-0.10441,-0.00246,192.292,203.661,175.244,100.34,183.625,151.551,95.687,,196.529,,,173.892,184.219,178.994,200.532,177.468,196.854,1.2796,1.1628,1.2415,1.1928,1.0511,1.1678,1.0142,1.0842,1.4678,0.9233
B033,B033_GMS_4_4,2,triangulated,3,109,221.92,143,0.3,1020.0,smooth_all,146.112,145.509,143.371,142.724,14.325,14.266,14.056,13.993,32.842,40.273,-0.3304,0.05243,0.02148,0.03783,0.01524,-0.01915,-0.04286,-0.00118,0.05711,0.01678,157.108,170.98,124.822,102.28,145.395,127.965,102.406,,162.112,,,165.585,122.169,155.183,144.925,186.399,181.147,1.2225,1.1439,1.1978,1.1992,1.2157,0.966,1.1952,1.0478,1.2513,0.8691
B033,B033_GMS_4_4,1,triangulated,3,143,265.9,143,0.3,1020.0,smooth_all,76.528,76.528,76.566,76.566,7.503,7.503,7.506,7.506,41.353,46.871,-0.29699,0.03317,-0.02934,-0.0825,-0.00715,-0.03852,0.00857,0.00806,-0.03399,-0.00963,69.42,90.395,82.344,74.071,56.068,71.879,69.301,,59.874,,,63.212,72.199,83.6,67.926,103.913,110.669,1.1969,1.1751,1.2252,1.1675,1.005,1.0068,1.1252,1.0292,1.2619,0.8536
B033,B033_GMS_4_4,3,triangulated,3,143,317.34,143,0.3,1020.0,smooth_all,112.055,112.23,112.71,112.782,10.986,11.003,11.05,11.057,43.174,47.223,-0.27316,-0.01029,-0.04862,-0.08312,-0.01431,-0.03572,0.0377,0.00288,-0.09864,-0.02398,132.242,135.686,133.29,86.089,133.764,129.172,78.629,,118.434,,,109.582,141.663,145.69,110.879,54.881,70.885,1.224,1.1444,1.2549,1.1678,1.2033,1.0282,1.0254,0.9246,1.2874,0.8787
B033,B033_GMS_4_5,2,triangulated,3,124,222.13,133,0.3,1020.0,smooth_all,163.09,161.397,165.677,163.448,15.989,15.823,16.243,16.024,35.363,43.797,-0.31769,0.01942,0.02102,0.04061,0.0224,-0.01359,-0.03386,-0.00507,0.02281,0.00934,173.781,187.645,132.484,89.31,164.66,160.201,137.379,,192.561,,,197.68,144.921,167.898,166.588,197.778,171.206,1.1875,1.1681,1.1911,1.2162,1.1202,1.0024,1.1093,1.0575,1.3483,0.8868
B033,B033_GMS_4_5,1,triangulated,3,133,265.92,133,0.3,1020.0,smooth_all,84.324,84.324,83.662,83.662,8.267,8.267,8.202,8.202,37.617,47.191,-0.20261,0.01504,-0.02273,-0.07794,-0.01321,-0.03059,0.003,-0.00109,-0.06938,-0.01313,84.324,90.642,55.535,43.842,84.068,90.679,63.251,,70.537,,,84.28,167.267,175.398,59.051,85.175,92.301,1.1775,1.1548,1.1976,1.1646,1.1272,0.992,1.0239,1.0373,1.3144,0.841
B033,B033_GMS_4_5,3,triangulated,3,133,317.14,133,0.3,1020.0,smooth_all,115.119,115.119,107.132,107.132,11.286,11.286,10.503,10.503,36.859,41.153,-0.19851,-0.01096,-0.05625,-0.05325,-0.01073,-0.03369,0.0268,0.00024,-0.11264,-0.02621,130.708,138.248,125.849,82.437,132.481,127.65,84.334,,115.603,,,103.57,165.525,210.263,111.912,85.704,94.355,1.1753,1.1596,1.2271,1.1789,1.0225,1.0479,1.0835,0.9775,1.4291,0.9076
B036,B036_GMS_1_1,3,triangulated,2,3,224.34,95,0.3,1020.0,smooth_all,177.75,171.734,181.425,175.135,17.426,16.837,17.787,17.17,38.687,77.875,-0.27522,-0.01169,0.08049,0.10047,0.04561,-0.01389,-0.04272,-0.00706,0.03729,3e-05,172.423,168.46,114.565,89.308,188.728,146.541,101.672,,245.115,,,268.124,256.661,282.345,193.552,153.244,141.75,1.335,1.0851,1.2737,1.1861,1.0398,1.1018,1.025,1.2285,1.287,0.8252
B036,B036_GMS_1_1,1,triangulated,2,95,261.04,95,0.3,1020.0,smooth_all,72.87,72.87,76.118,76.118,7.144,7.144,7.463,7.463,33.763,46.6,-0.03647,-0.05209,0.03127,-0.03,0.02996,-0.03188,0.00507,0.00172,-0.05773,0.00015,70.295,76.73,42.372,47.522,75.917,64.1,50.422,,118.963,,,134.291,,,76.734,53.85,63.249,1.3784,1.097,1.2467,1.215,,,1.0229,1.2359,1.2444,0.8053
B036,B036_GMS_1_2,3,triangulated,2,132,223.95,182,0.3,1020.0,smooth_all,100.318,94.152,106.391,99.784,9.835,9.231,10.431,9.783,39.175,60.555,-0.24923,-0.02737,0.05369,0.07621,0.03375,-0.02806,-0.02293,-0.00463,-2e-05,0.00576,93.184,99.001,70.898,61.671,98.944,74.876,64.617,,128.829,,,135.158,129.644,157.751,100.353,91.575,81.355,1.3913,1.0767,1.2647,1.2226,1.0527,1.0722,1.0613,1.2136,1.3309,0.8296
B036,B036_GMS_1_2,1,triangulated,2,182,260.7,182,0.3,1020.0,smooth_all,85.579,85.579,90.52,90.52,8.39,8.39,8.874,8.874,34.165,52.485,-0.07553,-0.0599,0.03478,-0.00323,0.03363,-0.03142,0.00258,-0.00189,-0.04328,0.00743,86.159,101.359,53.255,50.357,76.582,65.69,57.592,,126.706,,,119.154,116.188,92.124,114.746,59.613,50.462,1.3936,1.0608,1.2371,1.2118,1.0941,1.0742,1.0319,1.2019,1.2425,0.8121
B036,B036_GMS_1_3,3,triangulated,3,264,224.72,298,0.3,1020.0,smooth_all,88.767,88.268,89.834,89.395,8.703,8.654,8.807,8.764,39.201,63.679,-0.31903,-0.08064,0.00883,0.02121,0.01723,-0.04586,0.01397,-0.00353,-0.10558,-0.01738,78.533,87.073,58.968,85.587,86.256,44.125,56.003,,119.848,,,103.455,100.522,63.16,147.897,120.296,68.55,1.2921,1.0063,1.3205,0.9605,1.067,1.0825,1.1255,1.1759,1.2927,0.8438
B036,B036_GMS_1_3,1,triangulated,3,298,261.72,298,0.3,1020.0,smooth_all,116.145,116.145,116.517,116.517,11.387,11.387,11.423,11.423,39.771,54.813,-0.08112,-0.0267,0.02512,0.04072,0.04525,-0.04651,0.02994,0.0017,-0.0677,0.01436,142.554,126.831,42.74,62.796,160.946,89.844,61.866,,142.651,,,156.641,129.817,85.741,148.723,152.634,83.547,1.2979,1.0722,1.4406,1.0146,1.0871,1.1168,1.0917,1.1765,1.1968,0.7958
B036,B036_GMS_1_3,2,triangulated,3,58,302.75,298,0.3,1020.0,smooth_all,76.743,76.744,80.754,80.775,7.524,7.524,7.917,7.919,48.194,54.786,-0.29253,-0.05351,-0.00832,0.01955,0.00335,-0.05414,0.01036,-0.00296,-0.0967,-0.01722,83.166,87.334,74.274,58.909,92.515,83.701,83.886,,74.035,,,72.793,70.017,58.376,64.017,53.08,113.921,1.3056,1.1258,1.4953,1.0799,1.081,1.1707,1.079,1.1355,1.2526,0.8372
B036,B036_GMS_2_1,3,triangulated,3,109,221.97,109,0.3,1020.0,smooth_all,111.203,111.203,110.156,110.156,10.902,10.902,10.8,10.8,35.984,52.226,-0.37467,-0.05654,-0.00349,0.03623,0.00312,-0.04297,0.02022,-0.00629,-0.08998,-0.00476,114.978,118.984,76.657,66.921,121.134,95.007,61.153,,148.808,,,145.493,131.427,111.032,150.406,105.393,99.894,1.3388,1.1467,1.2748,1.1657,1.0608,1.0334,1.0596,1.1785,1.3212,0.8403
B036,B036_GMS_2_1,1,triangulated,3,109,258.73,109,0.3,1020.0,smooth_all,86.037,86.037,87.547,87.547,8.435,8.435,8.583,8.583,33.053,43.475,-0.16258,0.00714,0.00102,0.04502,0.01788,-0.04095,0.01765,-0.00069,-0.0649,0.01155,110.49,110.969,54.073,52.088,107.167,42.747,64.08,,98.174,,,104.896,98.134,99.738,100.282,112.243,62.943,1.364,1.2245,1.29,1.175,1.0657,1.1184,1.0522,1.2075,1.2705,0.8051
B036,B036_GMS_2_1,2,triangulated,3,12,298.39,109,0.3,1020.0,smooth_all,89.467,89.647,88.34,88.358,8.771,8.789,8.661,8.663,39.038,44.824,-0.29029,-0.07311,-0.02481,-0.00363,-0.02155,-0.04316,0.00517,-0.00817,-0.11174,-0.02984,96.098,97.821,102.724,44.247,103.771,68.387,45.213,,106.396,,,88.622,99.671,80.321,104.401,78.19,136.671,1.3,1.2155,1.3208,1.2021,1.0878,1.2061,1.0488,1.1827,1.2876,0.8258
B036,B036_GMS_4_1,3,triangulated,3,118,224.91,118,0.3,1020.0,smooth_all,135.104,135.104,127.837,127.837,13.245,13.245,12.533,12.533,37.16,48.342,-0.21854,-0.00247,0.01116,0.01054,0.00035,-0.03364,0.00266,-0.00228,-0.04694,-0.00244,146.406,154.522,106.934,87.259,144.567,114.721,120.098,,167.185,,,159.628,149.385,158.951,172.452,124.359,91.297,1.2372,1.1408,1.2877,1.1526,1.0685,1.0738,1.1016,1.1365,1.3797,0.8336
B036,B036_GMS_4_1,1,triangulated,3,118,262.11,118,0.3,1020.0,smooth_all,140.788,140.788,131.1,131.1,13.803,13.803,12.853,12.853,35.662,43.729,-0.16956,-0.00873,0.00639,0.02215,-0.00106,-0.03446,-0.00586,0.00108,-0.04233,0.00422,166.121,173.186,96.818,124.5,162.456,87.148,127.301,,147.796,,,150.874,126.348,136.633,169.197,157.802,142.356,1.2759,1.1334,1.2234,1.16,1.2112,1.1088,1.1641,1.0697,1.2406,0.7881
B036,B036_GMS_4_1,2,triangulated,3,65,303.55,118,0.3,1020.0,smooth_all,60.203,60.203,61.178,61.178,5.902,5.902,5.998,5.998,37.062,40.741,-0.29037,-0.06967,0.06109,0.0355,0.02666,-0.04132,-0.01927,-0.01131,-0.03935,-0.01349,63.828,69.669,66.112,31.428,73.918,49.006,58.926,,73.705,,,53.4,66.191,53.345,65.973,42.895,74.891,1.24,1.1772,1.3331,1.1984,1.0415,1.1482,1.0775,1.0224,1.3348,0.8269
B036,B036_GMS_4_2,3,triangulated,3,64,224.3,80,0.3,1020.0,smooth_all,70.403,66.641,69.529,65.724,6.902,6.533,6.817,6.444,39.759,43.562,-0.10642,-0.04556,0.01542,0.00454,0.00771,-0.03236,0.00334,-0.00839,-0.08344,-0.00489,79.268,90.145,50.807,67.267,76.323,47.81,79.176,,65.688,,,72.543,89.92,116.373,52.312,56.259,63.765,1.3344,1.145,1.3648,1.2151,1.0378,1.0446,1.0185,1.2764,1.3263,0.8048
B036,B036_GMS_4_2,1,triangulated,3,80,261.29,80,0.3,1020.0,smooth_all,96.125,96.125,98.071,98.071,9.424,9.424,9.615,9.615,35.223,52.936,-0.20052,-0.06579,-0.00615,0.00837,-0.00926,-0.0308,-0.01019,-0.00914,-0.07359,0.00705,98.751,100.63,76.936,38.693,101.0,83.983,49.422,,145.932,,,127.405,79.708,54.361,141.886,170.175,112.653,1.3649,1.1327,1.35,1.1254,1.0674,1.0277,1.0569,1.2763,1.2249,0.7914
B036,B036_GMS_4_2,2,triangulated,3,17,302.17,80,0.3,1020.0,smooth_all,125.477,125.477,127.625,127.625,12.302,12.302,12.512,12.512,39.748,55.362,-0.31948,-0.05247,-0.03691,0.07023,-0.00967,-0.02999,-0.00228,-0.00622,-0.07495,0.00038,137.8,140.529,115.755,54.35,147.175,97.201,58.006,,166.417,,,145.017,114.992,93.35,167.111,141.731,168.147,1.2848,1.1875,1.3185,1.1731,1.0476,1.1538,1.0727,1.2392,1.2809,0.793
B036,B036_GMS_4_3,3,triangulated,3,95,223.73,103,0.3,1020.0,smooth_all,131.858,131.912,138.176,138.246,12.927,12.933,13.547,13.554,40.808,53.788,-0.19924,-0.04056,-0.02292,-0.0399,-0.00392,-0.03303,0.02211,0.00087,-0.11398,-0.01983,135.558,138.851,112.727,111.245,139.758,88.348,87.047,,152.142,,,147.939,161.548,144.594,157.105,135.328,135.323,1.2947,1.1926,1.2838,1.176,1.0511,1.0918,1.116,1.182,1.2418,0.8156
B036,B036_GMS_4_3,1,triangulated,3,103,261.41,103,0.3,1020.0,smooth_all,104.557,104.557,112.731,112.731,10.251,10.251,11.052,11.052,39.955,50.208,-0.12725,-0.07301,-0.00115,-0.02188,-0.00088,-0.03241,0.02288,-0.00685,-0.11639,-0.0225,110.642,123.54,72.462,91.209,105.528,52.531,75.736,,110.392,,,106.625,96.536,81.224,122.841,159.479,153.242,1.2548,1.2252,1.2163,1.2163,1.0776,1.0597,1.1399,1.0992,1.2167,0.8036
B036,B036_GMS_4_3,2,triangulated,3,35,303.36,103,0.3,1020.0,smooth_all,69.176,69.176,76.124,76.124,6.782,6.782,7.463,7.463,37.98,42.945,-0.24535,-0.05949,0.02179,0.02017,0.00833,-0.03356,-0.01135,-0.01244,-0.05262,-0.01224,72.85,78.093,64.731,32.605,82.382,71.697,49.182,,81.96,,,64.489,78.239,77.196,79.695,48.751,87.467,1.232,1.1934,1.1843,1.2349,1.1103,1.0753,1.0998,1.1034,1.2256,0.8393
B036,B036_GMS_4_4,3,triangulated,3,144,225.14,144,0.3,1020.0,smooth_all,90.86,90.86,92.941,92.941,8.908,8.908,9.112,9.112,38.586,49.825,-0.23548,-0.00505,0.0175,0.0473,0.01727,-0.02021,-0.01844,-0.00259,-0.00501,0.00937,94.011,114.198,76.295,112.397,88.003,51.204,75.572,,86.457,,,84.84,113.267,109.157,82.181,84.076,100.8,1.239,1.2277,1.2622,1.1528,1.0616,1.0281,1.181,1.2232,1.4207,0.8226
B036,B036_GMS_4_4,1,triangulated,3,144,261.84,144,0.3,1020.0,smooth_all,95.671,95.671,96.892,96.892,9.379,9.379,9.499,9.499,37.171,45.776,-0.08838,-0.02669,0.00576,-0.01835,0.00492,-0.03287,0.01673,-0.00023,-0.0757,-0.01264,107.405,113.422,77.07,96.583,102.518,49.44,102.99,,82.09,,,85.944,84.017,89.598,88.721,132.325,129.258,1.275,1.1642,1.24,1.2178,1.1337,1.0343,1.1781,1.1392,1.2607,0.8108
B036,B036_GMS_4_4,2,triangulated,3,53,302.47,144,0.3,1020.0,smooth_all,110.887,111.126,111.759,111.988,10.871,10.895,10.957,10.979,35.195,46.381,-0.25992,-0.05911,0.00081,-0.01655,0.00262,-0.04349,-0.00056,-0.00352,-0.0755,-0.02667,123.502,135.673,113.095,33.288,121.758,92.455,33.418,,157.209,,,124.243,125.98,112.801,154.782,91.202,133.224,1.2279,1.2231,1.2156,1.2208,1.1369,1.0665,1.1529,1.1635,1.3338,0.8008
B036,B036_GMS_4_5,3,triangulated,3,68,224.82,68,0.3,1020.0,smooth_all,nan,nan,nan,nan,nan,nan,nan,nan,nan,nan,-0.11757,-0.02521,-0.00741,-0.02423,0.00522,-0.03344,0.01896,0.00366,-0.09117,-0.01362,,,,,,,,,,,,,,,,,,,,,,,,,,,
B036,B036_GMS_4_5,1,triangulated,3,68,261.9,68,0.3,1020.0,smooth_all,78.384,78.384,79.219,79.219,7.685,7.685,7.767,7.767,40.015,45.11,-0.07728,-0.00218,-0.00177,-0.05111,0.00299,-0.03668,0.0149,0.00481,-0.07373,-0.00928,92.164,84.565,46.438,94.654,79.526,40.629,82.165,,62.085,,,63.504,86.057,128.292,61.953,102.383,87.646,1.2943,1.1636,1.2817,1.1904,1.0398,1.0727,1.0649,1.1542,1.2549,0.8358
B036,B036_GMS_4_5,2,triangulated,3,1,303.1,68,0.3,1020.0,smooth_all,77.168,77.401,75.312,75.543,7.565,7.588,7.384,7.406,38.636,44.368,-0.24893,-0.04478,-0.0334,-0.00166,0.00473,-0.03253,0.02507,-0.00675,-0.12598,-0.03748,89.648,96.381,73.404,18.215,98.693,84.352,42.855,,100.25,,,71.992,93.109,60.209,94.724,46.867,109.647,1.2732,1.2227,1.1953,1.2222,1.0791,1.0851,1.1017,1.1629,1.3428,0.8645
B040,B040_GMS_1_1,3,triangulated,3,94,234.97,96,0.3,1020.0,smooth_all,195.897,195.934,201.566,201.085,19.206,19.209,19.761,19.714,45.985,70.332,-0.21849,-0.10078,0.04211,0.01792,0.02284,-0.02491,-0.0106,-0.0105,-0.07937,-0.02154,214.894,220.608,114.671,43.126,211.527,189.618,112.631,,258.41,,,265.417,226.76,254.383,222.037,207.92,200.558,1.2769,1.3786,1.292,1.461,1.0889,1.1018,1.0443,1.1506,1.1978,0.8305
B040,B040_GMS_1_1,1,triangulated,3,96,262.21,96,0.3,1020.0,smooth_all,365.895,365.895,367.702,367.702,35.872,35.872,36.049,36.049,38.994,76.726,-0.05768,-0.04156,0.04303,-0.03322,0.0432,-0.03688,0.01956,0.00264,-0.11113,-0.01347,380.587,386.788,285.515,185.515,375.323,326.477,217.632,,468.217,,,460.437,421.158,404.954,437.666,394.104,382.985,1.3154,1.2962,1.3164,1.4123,1.0566,1.0908,1.0337,1.126,1.1972,0.8215
B040,B040_GMS_1_1,2,triangulated,3,96,291.78,96,0.3,1020.0,smooth_all,223.826,223.826,223.88,223.88,21.944,21.944,21.949,21.949,42.547,69.424,-0.0376,-0.05481,0.03376,-0.04371,0.03659,-0.05238,0.02049,0.0028,-0.1063,-0.01122,229.342,251.283,191.514,111.973,215.283,193.236,108.966,,292.473,,,253.315,224.993,214.338,296.174,260.348,290.324,1.3468,1.2742,1.3548,1.3067,1.0966,1.1238,1.0579,1.098,1.2795,0.8542
B040,B040_GMS_1_2,3,triangulated,3,115,236.61,125,0.3,1020.0,smooth_all,112.982,112.982,114.689,114.689,11.077,11.077,11.244,11.244,56.069,59.689,-0.28239,-0.06897,0.05221,0.07023,0.02509,-0.03303,0.0023,-0.00881,-0.06392,-0.0062,117.565,123.931,74.219,47.936,118.925,183.324,127.82,,117.26,,,114.467,81.46,113.137,97.481,112.401,149.279,1.2915,1.5303,1.3661,1.2919,1.0719,1.0226,1.0573,1.1305,1.2535,0.8611
B040,B040_GMS_1_2,1,triangulated,3,125,264.43,125,0.3,1020.0,smooth_all,247.786,247.786,251.035,251.035,24.293,24.293,24.611,24.611,48.56,66.627,-0.21717,-0.07402,0.00234,-0.01831,0.02472,-0.04286,0.03705,-0.00055,-0.1255,-0.01457,273.772,260.546,202.722,114.066,267.609,242.549,182.532,,305.22,,,303.633,260.938,243.592,298.356,257.822,260.229,1.3181,1.463,1.3284,1.2989,1.068,1.0513,1.0516,1.1253,1.2144,0.8165
B040,B040_GMS_1_2,2,triangulated,3,125,295.33,125,0.3,1020.0,smooth_all,193.672,193.672,195.663,195.663,18.987,18.987,19.183,19.183,48.561,70.547,-0.16053,-0.02812,0.00118,0.01244,0.0219,-0.05068,0.03631,0.00233,-0.13141,-0.01353,210.231,230.841,192.048,58.866,193.116,175.628,85.022,,267.6,,,221.497,180.533,148.703,274.491,223.263,237.272,1.3127,1.5316,1.3165,1.3156,1.0723,1.0645,1.0476,1.0863,1.2517,0.8631
B040,B040_GMS_1_3,3,triangulated,3,74,234.22,101,0.3,1020.0,smooth_all,152.14,149.204,152.945,148.425,14.916,14.628,14.995,14.551,47.207,61.034,-0.33272,-0.10559,0.03685,0.02109,0.02832,-0.02945,-0.00826,-0.00365,-0.0617,-0.01592,162.072,172.456,90.038,62.187,154.905,159.537,100.137,,181.834,,,186.505,160.185,197.958,149.335,162.599,188.516,1.3314,1.3539,1.2851,1.3941,1.0311,1.1195,1.072,1.1593,1.2665,0.8383
B040,B040_GMS_1_3,1,triangulated,3,101,262.82,101,0.3,1020.0,smooth_all,278.983,278.983,291.999,291.999,27.351,27.351,28.627,28.627,47.429,78.682,-0.31689,-0.09948,0.03478,-0.01138,0.02084,-0.04455,0.02083,-0.00198,-0.10452,-0.01317,288.975,295.473,191.586,100.233,286.315,272.184,170.588,,366.76,,,364.961,326.547,323.654,329.768,300.872,326.757,1.3186,1.3037,1.3191,1.3377,1.0444,1.1162,1.0669,1.1013,1.2568,0.8254
B040,B040_GMS_1_3,2,triangulated,3,101,294.05,101,0.3,1020.0,smooth_all,152.937,152.937,148.173,148.173,14.994,14.994,14.527,14.527,49.768,65.274,-0.08341,-0.04372,0.0251,-0.02607,0.04892,-0.0489,0.04841,0.00139,-0.11763,-0.00474,147.191,156.302,110.848,43.263,141.355,140.24,53.449,,198.312,,,174.118,182.653,192.987,186.111,182.369,258.084,1.3355,1.2776,1.3117,1.3746,1.0321,1.1022,1.0974,1.0531,1.2722,0.8766
B040,B040_GMS_1_5,3,triangulated,3,216,230.81,264,0.3,1020.0,smooth_all,174.138,166.572,191.992,181.448,17.072,16.331,18.823,17.789,50.315,73.844,-0.31368,-0.07101,0.00768,0.00064,0.01876,-0.04042,-0.00643,-0.00415,-0.07115,-0.01882,180.012,181.034,124.206,74.41,182.934,158.8,95.188,,216.822,,,231.767,222.76,270.661,174.666,152.774,169.845,1.2903,1.3735,1.2915,1.3819,1.0425,1.0818,1.0357,1.1145,1.2142,0.8109
B040,B040_GMS_1_5,1,triangulated,3,264,261.03,264,0.3,1020.0,smooth_all,248.448,248.448,263.061,263.061,24.358,24.358,25.79,25.79,44.463,67.949,-0.17805,-0.05773,0.00822,-0.02661,0.0326,-0.04788,0.02808,-0.00084,-0.11768,-0.01062,253.818,256.345,225.624,146.035,253.405,236.082,141.022,,318.526,,,314.922,253.821,282.216,288.485,250.989,266.753,1.3141,1.3549,1.294,1.4062,1.0416,1.0828,1.0198,1.1094,1.2167,0.8029
B040,B040_GMS_1_5,2,triangulated,3,232,293.52,264,0.3,1020.0,smooth_all,199.604,198.844,208.52,207.502,19.569,19.495,20.443,20.343,46.567,65.026,-0.12253,-0.07108,-0.00117,-0.03637,0.01719,-0.04406,0.02668,0.0037,-0.1288,-0.01628,209.18,220.611,203.772,108.318,201.541,169.496,83.26,,253.323,,,222.596,197.291,202.985,250.441,217.881,253.304,1.3413,1.3299,1.3142,1.3425,1.0489,1.0914,1.0342,1.077,1.2325,0.828
B040,B040_GMS_2_2,3,triangulated,3,22,233.25,94,0.3,1020.0,smooth_all,256.608,250.87,254.953,245.266,25.158,24.595,24.995,24.046,49.77,75.0,-0.43782,-0.09108,0.00533,0.00051,0.02822,-0.0277,-0.0232,-0.01009,-0.04546,-0.00545,272.486,275.516,214.395,156.896,271.776,236.906,163.937,,316.357,,,332.654,268.737,333.974,265.979,253.561,263.505,1.2506,1.3007,1.2324,1.3007,1.017,1.0781,1.0484,1.1091,1.2341,0.8553
B040,B040_GMS_2_2,1,triangulated,3,77,264.1,94,0.3,1020.0,smooth_all,378.292,378.292,379.986,379.986,37.087,37.087,37.254,37.254,45.411,80.047,-0.25673,-0.0514,0.01128,-0.01538,0.02113,-0.04078,0.00757,-0.00501,-0.07586,-0.00894,399.294,389.206,332.814,256.667,401.401,345.584,231.263,,482.362,,,486.06,363.994,367.924,439.821,390.121,394.656,1.2817,1.256,1.2773,1.3333,1.0491,1.0662,1.0546,1.0895,1.2275,0.8244
B040,B040_GMS_2_2,2,triangulated,3,94,298.1,94,0.3,1020.0,smooth_all,161.55,161.55,160.64,160.64,15.838,15.838,15.749,15.749,47.494,65.079,-0.15686,-0.06603,0.02675,0.00503,0.01567,-0.04256,0.00715,-0.00484,-0.08244,-0.00134,158.702,171.418,168.706,95.179,151.898,130.28,64.502,,224.98,,,198.96,155.4,136.987,213.244,165.579,207.627,1.3086,1.2937,1.2697,1.365,1.0948,1.1236,1.0414,1.0572,1.2552,0.8413
B040,B040_GMS_2_3,3,triangulated,3,166,234.56,166,0.3,1020.0,smooth_all,190.18,190.18,203.242,203.242,18.645,18.645,19.926,19.926,41.586,63.703,-0.31015,-0.038,0.05246,0.06011,0.03312,-0.01911,-0.0308,-0.00804,-0.00536,-0.00327,210.609,215.288,145.126,90.703,208.732,155.489,88.616,,239.268,,,242.075,212.895,244.063,202.905,197.857,208.889,1.3922,1.3119,1.3787,1.3424,1.0516,1.1092,1.0475,1.1044,1.2848,0.812
B040,B040_GMS_2_3,1,triangulated,3,166,262.61,166,0.3,1020.0,smooth_all,195.394,195.394,219.853,219.853,19.156,19.156,21.554,21.554,42.067,56.609,-0.17187,0.01776,-0.00666,-0.02267,0.01906,-0.04219,0.01548,0.0037,-0.05588,0.01893,207.855,215.891,191.398,112.695,201.959,183.923,73.524,,256.181,,,240.403,205.793,214.168,236.028,195.971,199.784,1.3511,1.3524,1.3527,1.3702,1.0534,1.117,1.0518,1.0858,1.2659,0.7953
B040,B040_GMS_2_3,2,triangulated,3,166,293.19,166,0.3,1020.0,smooth_all,174.95,174.95,177.953,177.953,17.152,17.152,17.446,17.446,47.313,58.829,-0.17396,-0.01899,-0.02262,-0.02561,0.00027,-0.03824,0.01719,0.00526,-0.08864,-0.00372,189.512,196.984,211.594,114.536,185.32,147.103,57.816,,220.917,,,192.328,184.481,182.43,212.594,163.183,191.419,1.3882,1.3574,1.3394,1.4295,1.1011,1.1175,1.0426,1.0792,1.3437,0.8242
B040,B040_GMS_2_4,3,triangulated,3,123,234.21,139,0.3,1020.0,smooth_all,167.511,165.743,186.182,184.314,16.423,16.249,18.253,18.07,43.546,64.496,-0.25022,-0.04933,0.06255,0.06808,0.03343,-0.01966,-0.02871,-0.01413,-0.00994,-0.00413,183.633,186.026,115.271,81.037,184.55,133.469,83.499,,211.935,,,219.038,196.219,224.711,185.359,169.512,173.093,1.3308,1.2861,1.3209,1.32,1.0871,1.1039,1.0333,1.1238,1.2692,0.8204
B040,B040_GMS_2_4,1,triangulated,3,139,263.17,139,0.3,1020.0,smooth_all,195.646,195.646,208.148,208.148,19.181,19.181,20.407,20.407,41.157,60.951,-0.14039,0.0019,0.00549,-0.01075,0.0191,-0.04171,0.00895,0.00123,-0.05793,0.01066,199.899,200.219,167.843,129.327,200.537,174.231,99.753,,255.972,,,251.397,217.667,222.404,236.957,194.369,192.161,1.3258,1.3175,1.3388,1.3425,1.0474,1.1091,1.0269,1.1023,1.2476,0.8016
B040,B040_GMS_2_4,2,triangulated,3,139,294.91,139,0.3,1020.0,smooth_all,141.318,141.318,154.183,154.183,13.855,13.855,15.116,15.116,44.881,55.421,-0.22502,-0.03003,-0.00885,-0.01235,0.01218,-0.04108,0.01744,0.00218,-0.0967,-0.01622,148.588,151.195,135.328,86.146,152.542,114.844,68.627,,181.455,,,162.355,161.132,157.69,174.413,138.042,151.646,1.3724,1.2798,1.3695,1.3268,1.0602,1.1371,1.0262,1.0873,1.3142,0.8417
B040,B040_GMS_3_1,3,triangulated,3,26,236.86,68,0.3,1020.0,smooth_all,424.535,400.194,426.053,400.146,41.621,39.235,41.77,39.23,46.767,99.909,-0.37707,-0.06248,0.03062,0.05871,0.02603,-0.04161,-0.01562,-0.01073,-0.04497,0.00111,438.307,428.92,326.768,237.337,450.246,378.864,269.661,,522.861,,,545.059,579.316,564.033,464.027,416.996,362.059,1.3557,1.3616,1.3516,1.4064,1.0909,1.1457,1.0628,1.1981,1.283,0.8251
B040,B040_GMS_3_1,1,triangulated,3,68,263.95,68,0.3,1020.0,smooth_all,277.211,277.211,277.998,277.998,27.178,27.178,27.255,27.255,41.174,70.038,-0.21067,0.05067,-0.00089,-0.02825,0.034,-0.04759,0.0128,0.00343,-0.05223,0.02432,295.358,302.621,247.781,186.165,289.777,246.054,188.184,,350.125,,,342.075,87.385,73.849,338.334,297.3,283.087,1.3322,1.418,1.368,1.3896,1.0049,1.146,1.0724,1.1458,1.2601,0.7859
B040,B040_GMS_3_1,2,triangulated,3,68,293.91,68,0.3,1020.0,smooth_all,135.954,135.954,139.88,139.88,13.329,13.329,13.714,13.714,43.109,54.63,-0.28702,-0.0309,-0.00319,0.01762,0.01812,-0.04458,0.01687,0.0038,-0.07795,-0.0003,139.509,150.56,142.351,92.196,135.223,119.596,79.888,,166.361,,,143.084,,,167.455,146.713,148.509,1.3392,1.3894,1.4059,1.4055,,,1.0672,1.1134,1.3471,0.8447
B040,B040_GMS_3_2,3,triangulated,3,175,236.76,179,0.3,1020.0,smooth_all,168.066,168.066,183.465,183.465,16.477,16.477,17.987,17.987,40.358,63.351,-0.33877,-0.01773,0.02879,0.02789,0.02238,-0.03478,-0.01844,-0.00798,-0.02213,0.00643,182.558,181.309,132.656,96.808,189.635,150.435,88.143,,210.595,,,213.829,206.048,213.234,183.538,154.871,148.995,1.4001,1.3062,1.4072,1.3002,1.0318,1.0959,1.0757,1.1369,1.2937,0.8295
B040,B040_GMS_3_2,1,triangulated,3,179,264.14,179,0.3,1020.0,smooth_all,144.376,144.376,159.374,159.374,14.155,14.155,15.625,15.625,42.107,64.901,-0.3042,0.00098,-0.01378,-0.0127,0.0129,-0.04674,0.00013,-0.00473,-0.06161,0.01104,154.807,161.914,86.965,103.91,151.624,100.295,109.222,,192.727,,,195.829,128.596,111.552,199.856,185.09,138.558,1.3845,1.3669,1.4021,1.393,1.0591,1.149,1.0593,1.134,1.2538,0.807
B040,B040_GMS_3_2,2,triangulated,3,164,294.48,179,0.3,1020.0,smooth_all,156.848,156.454,162.733,162.358,15.377,15.339,15.954,15.917,49.082,56.973,-0.3766,-0.07059,-0.01856,-0.01307,-0.00705,-0.04099,0.00371,-0.01137,-0.10003,-0.02644,167.419,171.32,167.532,123.113,168.071,146.466,92.121,,194.15,,,179.784,137.039,106.947,188.631,173.573,181.045,1.3715,1.3763,1.4384,1.3906,1.0752,1.1599,1.0543,1.0413,1.2905,0.8403
B040,B040_GMS_3_3,3,triangulated,3,215,237.38,299,0.3,1020.0,smooth_all,245.521,240.514,253.38,247.562,24.071,23.58,24.841,24.271,45.389,74.865,-0.29332,-0.0451,0.03326,0.05231,0.02342,-0.0223,-0.01761,-0.00995,-0.0354,-0.0067,253.032,250.575,179.308,120.051,258.656,224.599,150.777,,310.312,,,315.705,288.546,303.718,272.71,260.531,256.906,1.3078,1.3356,1.3193,1.3428,1.0677,1.0972,1.0813,1.1202,1.2777,0.8598
B040,B040_GMS_3_3,1,triangulated,3,279,264.48,299,0.3,1020.0,smooth_all,215.645,215.645,225.704,225.704,21.142,21.142,22.128,22.128,45.509,67.504,-0.23407,-0.04216,-0.03663,-0.01407,-0.007,-0.03297,0.00454,-0.00615,-0.08947,-0.00137,223.902,228.375,177.674,143.24,221.996,185.341,146.021,,265.464,,,261.402,232.037,233.127,253.909,229.424,230.948,1.3267,1.3358,1.3259,1.3759,1.0626,1.0816,1.0586,1.1081,1.2283,0.8427
B040,B040_GMS_3_3,2,triangulated,3,254,294.63,299,0.3,1020.0,smooth_all,176.701,176.172,175.288,174.486,17.324,17.272,17.185,17.106,47.266,63.86,-0.29377,-0.03955,-0.01643,-0.00505,-0.00378,-0.04062,0.01124,-0.00424,-0.09299,0.00059,178.66,190.95,173.281,111.968,172.342,152.051,89.781,,217.977,,,195.819,186.733,187.446,215.34,188.02,220.017,1.3326,1.3036,1.3196,1.3948,1.0859,1.0844,1.0488,1.0751,1.2807,0.8679
B040,B040_GMS_3_4,3,triangulated,3,179,235.55,254,0.3,1020.0,smooth_all,217.403,204.455,231.72,216.683,21.314,20.045,22.718,21.243,44.794,77.332,-0.29025,-0.04294,0.06493,0.09044,0.03091,-0.01741,-0.03217,-0.01523,0.0211,0.00858,221.179,222.948,147.248,85.367,222.167,188.044,122.884,,287.743,,,297.963,268.894,276.875,246.017,233.801,227.965,1.2973,1.4331,1.3145,1.3453,1.0989,1.1227,1.0657,1.1371,1.2464,0.8248
B040,B040_GMS_3_4,1,triangulated,3,254,262.79,254,0.3,1020.0,smooth_all,190.963,190.963,199.735,199.735,18.722,18.722,19.582,19.582,41.846,69.308,-0.152,-0.01904,0.02884,0.02222,0.02843,-0.03583,-0.00172,-0.00968,-0.0331,0.01099,190.188,194.371,144.24,93.963,188.936,158.211,113.429,,257.704,,,255.755,218.791,202.221,239.439,215.575,220.879,1.3182,1.379,1.3512,1.3718,1.0594,1.1393,1.0444,1.0924,1.2417,0.8105
B040,B040_GMS_3_4,2,triangulated,3,243,292.55,254,0.3,1020.0,smooth_all,94.24,93.872,96.886,96.37,9.239,9.203,9.499,9.448,46.12,56.842,-0.15738,-0.0465,0.02191,0.02741,0.02,-0.03689,0.00455,-0.00772,-0.06368,0.00027,95.003,100.357,71.116,55.149,96.892,67.613,61.805,,120.06,,,113.539,104.539,105.223,109.157,99.642,127.686,1.3401,1.3221,1.3383,1.3801,1.0907,1.163,1.0353,1.0949,1.2624,0.8331
B042,B042_GMS_1_2,3,triangulated,3,122,232.3,137,0.3,1020.0,smooth_all,166.354,166.354,170.001,170.001,16.309,16.309,16.667,16.667,42.034,68.185,-0.26932,-0.03331,0.0146,0.0135,0.02212,-0.02899,0.0,-0.00212,-0.07382,-0.00396,177.494,179.049,130.16,50.68,181.11,155.297,73.309,,230.017,,,240.354,221.592,235.062,183.706,137.848,124.095,1.2836,1.341,1.3397,1.2499,1.0179,1.1888,1.0557,1.1633,1.2597,0.7878
B042,B042_GMS_1_2,1,triangulated,3,137,266.55,137,0.3,1020.0,smooth_all,193.981,193.981,203.248,203.248,19.018,19.018,19.926,19.926,38.989,63.81,-0.11688,-0.04971,-0.00693,0.00523,0.01375,-0.03195,-0.00659,0.00197,-0.06098,-0.00387,211.155,206.407,190.591,163.447,178.529,190.083,129.147,,241.981,,,240.508,203.032,205.567,215.043,161.95,180.631,1.3008,1.2878,1.3236,1.2205,1.0325,1.1872,1.085,1.1203,1.2154,0.7805
B042,B042_GMS_1_2,2,triangulated,3,2,309.17,137,0.3,1020.0,smooth_all,165.002,165.002,170.065,170.065,16.177,16.177,16.673,16.673,44.766,56.496,-0.25168,-0.05359,0.02487,0.02473,0.01221,-0.04579,-0.0051,-0.00839,-0.07162,-0.01973,154.918,162.657,185.11,112.748,152.629,161.483,77.094,,204.423,,,171.742,167.318,162.268,194.858,158.011,245.87,1.2944,1.1881,1.2583,1.2526,1.093,1.1975,1.0718,1.0701,1.2476,0.7791
B042,B042_GMS_2_3,3,triangulated,3,64,234.95,107,0.3,1020.0,smooth_all,159.599,158.279,168.099,166.399,15.647,15.518,16.48,16.314,47.053,63.563,-0.21089,-0.01766,-0.01209,0.00873,0.0161,-0.04699,0.00973,0.00263,-0.08487,0.00338,166.564,169.035,117.365,71.36,159.291,167.503,115.052,,200.498,,,213.361,183.999,190.303,159.961,163.216,162.9,1.2923,1.4223,1.2683,1.3641,1.0009,1.0429,1.1411,1.036,1.2655,0.7877
B042,B042_GMS_2_3,1,triangulated,3,106,268.65,107,0.3,1020.0,smooth_all,190.855,190.855,192.154,192.154,18.711,18.711,18.839,18.839,45.308,60.195,-0.21613,-0.03693,-0.00794,-0.02402,0.00558,-0.04314,0.00842,-0.00251,-0.08559,0.00358,188.788,195.164,185.398,112.74,183.029,214.314,141.384,,234.217,,,230.029,222.807,178.937,216.788,191.871,181.232,1.3005,1.3766,1.2762,1.3895,0.9854,1.0899,1.0162,1.0502,1.243,0.7638
B042,B042_GMS_2_3,2,triangulated,3,31,311.33,107,0.3,1020.0,smooth_all,200.139,200.139,205.756,205.756,19.621,19.621,20.172,20.172,44.226,62.877,-0.21544,-0.14342,0.05631,0.02766,-0.00088,-0.04597,-0.01013,-0.01329,-0.13562,-0.03364,210.088,215.097,179.321,79.147,204.237,187.174,111.854,,252.845,,,216.823,223.513,209.437,252.873,211.485,251.595,1.2895,1.3613,1.2831,1.399,1.0296,1.071,0.995,1.0325,1.2532,0.7814
B042,B042_GMS_2_4,3,triangulated,3,98,233.37,98,0.3,1020.0,smooth_all,102.633,102.633,94.812,94.812,10.062,10.062,9.295,9.295,42.006,50.99,-0.23918,-0.06729,-0.02697,0.00163,0.00653,-0.03952,0.02719,-0.00147,-0.12146,-0.01005,116.303,119.371,80.95,66.421,117.897,96.156,97.339,,110.186,,,111.405,110.011,102.998,114.407,99.415,95.332,1.4157,1.1788,1.3031,1.2459,1.0169,1.0687,1.0524,1.0556,1.3523,0.7993
B042,B042_GMS_2_4,1,triangulated,3,98,267.57,98,0.3,1020.0,smooth_all,142.998,142.998,148.327,148.327,14.019,14.019,14.542,14.542,39.275,53.383,-0.27863,-0.1049,-0.01257,-0.00355,-0.00031,-0.03984,0.01257,-0.00497,-0.12261,-0.02289,148.674,146.309,131.418,85.82,150.001,148.857,95.609,,189.045,,,188.482,160.127,149.737,164.773,123.945,122.152,1.4519,1.1957,1.3327,1.2459,1.0155,1.1187,1.0414,1.0671,1.3206,0.7783
B042,B042_GMS_2_4,2,triangulated,3,2,310.58,98,0.3,1020.0,smooth_all,150.083,149.551,161.338,160.586,14.714,14.662,15.817,15.744,46.714,59.093,-0.31647,-0.10889,-0.01803,-0.01034,-0.0159,-0.0439,0.01404,-0.0127,-0.1243,-0.02423,159.56,164.507,135.548,67.978,160.403,131.843,58.877,,195.226,,,158.668,150.389,138.621,191.919,155.909,230.441,1.343,1.2573,1.3396,1.2477,1.0546,1.0749,1.0427,1.0348,1.3364,0.7935
B042,B042_GMS_4_2,3,triangulated,3,95,233.48,99,0.3,1020.0,smooth_all,201.38,201.38,203.757,203.757,19.743,19.743,19.976,19.976,40.145,69.292,-0.27496,-0.026,0.04196,0.04077,0.02488,-0.01601,-0.03216,-0.00941,0.00264,-0.0049,211.638,214.164,146.069,107.748,213.273,177.498,118.955,,259.814,,,274.512,259.611,279.108,211.243,177.835,167.999,1.243,1.3907,1.249,1.2934,1.0028,1.0543,1.0299,1.0932,1.2553,0.7697
B042,B042_GMS_4_2,1,triangulated,3,97,266.97,99,0.3,1020.0,smooth_all,226.942,226.942,232.461,232.461,22.249,22.249,22.79,22.79,37.849,64.781,-0.08979,-0.03545,0.01846,-0.00163,0.01054,-0.03196,0.00461,-0.00201,-0.0717,-0.00528,227.742,242.944,199.721,117.203,217.73,178.943,116.873,,286.075,,,278.699,285.723,256.494,266.939,245.806,254.047,1.2623,1.3535,1.2429,1.2945,1.0143,1.0819,1.0162,1.0781,1.2056,0.7647
B042,B042_GMS_4_2,2,triangulated,3,4,308.56,99,0.3,1020.0,smooth_all,130.767,130.767,131.479,131.479,12.82,12.82,12.89,12.89,43.633,59.934,-0.23826,-0.06519,-0.0176,0.01994,-0.00263,-0.02109,-0.00027,-0.00925,-0.08416,-0.01102,130.116,148.252,114.304,59.2,121.769,89.488,54.498,,167.86,,,140.124,139.149,133.946,169.515,153.464,209.107,1.2667,1.3216,1.2083,1.39,1.0728,1.0654,1.024,1.0569,1.2596,0.7781
B042,B042_GMS_4_3,3,triangulated,2,106,233.2,118,0.3,1020.0,smooth_all,169.041,169.121,172.924,172.941,16.573,16.58,16.953,16.955,37.176,55.387,-0.30496,-0.00904,0.02024,0.02165,0.01638,-0.01423,-0.02708,-0.0054,-0.0037,-0.01038,212.113,179.672,129.613,89.467,203.88,157.04,117.732,,198.76,,,205.345,202.326,192.824,172.812,160.997,161.903,1.2307,1.3896,1.2866,1.268,1.0118,1.0565,1.0505,1.0676,1.2559,0.7861
B042,B042_GMS_4_3,1,triangulated,2,116,266.9,118,0.3,1020.0,smooth_all,311.021,311.021,308.373,308.373,30.492,30.492,30.233,30.233,36.435,61.104,-0.12768,-0.0376,-0.01595,-0.06966,-0.0035,-0.0333,0.01579,0.00302,-0.08171,0.00195,356.521,341.777,266.277,192.649,318.463,280.641,203.18,,379.722,,,373.652,335.973,319.897,362.558,331.165,308.843,1.2461,1.3455,1.2904,1.2633,1.0044,1.0995,0.9962,1.0759,1.2663,0.7643
B049,B049_GMS_1_1,3,triangulated,3,197,235.14,197,0.3,1020.0,smooth_all,102.523,102.523,103.231,103.231,10.051,10.051,10.121,10.121,51.157,70.507,-0.2412,-0.08501,0.03642,0.06228,0.04263,-0.02864,-0.02033,-0.00282,0.00306,-0.00042,85.228,96.532,87.623,58.535,83.128,97.019,71.225,,122.086,,,128.216,141.139,245.377,91.341,61.807,60.239,1.1971,1.0391,1.2204,0.9284,1.0873,0.9536,1.1302,0.889,1.3678,0.7495
B049,B049_GMS_1_1,1,triangulated,3,197,270.26,197,0.3,1020.0,smooth_all,214.994,214.994,214.552,214.552,21.078,21.078,21.035,21.035,60.897,112.895,-0.17931,-0.04626,0.01462,0.05004,0.02289,-0.02272,-0.0336,0.00033,0.05431,0.02456,192.095,204.164,217.321,216.767,171.36,143.479,184.93,,251.023,,,219.441,191.991,207.608,260.123,248.681,288.687,1.2211,1.0424,1.3201,1.0371,1.0603,1.0361,1.1616,0.8511,1.2627,0.7556
B049,B049_GMS_1_1,2,triangulated,3,42,312.69,197,0.3,1020.0,smooth_all,59.632,59.632,59.632,59.632,5.846,5.846,5.846,5.846,42.297,46.516,-0.40058,0.02907,-0.00091,0.0921,0.00653,-0.02465,-0.0098,0.00492,-0.00598,0.00594,55.336,65.144,54.853,16.98,63.957,88.752,75.499,,63.624,,,30.466,29.735,43.619,64.924,41.461,140.501,1.1992,1.1133,1.2448,1.0846,1.087,0.9841,1.086,0.8797,1.3528,0.7803
B049,B049_GMS_1_2,3,triangulated,3,202,233.54,202,0.3,1020.0,smooth_all,114.135,114.135,118.2,118.2,11.19,11.19,11.588,11.588,36.028,55.449,-0.42944,0.04573,-0.05198,0.03514,0.01627,-0.02931,-0.01394,0.00362,-0.00319,0.01422,104.061,114.21,101.391,69.175,110.88,106.307,57.916,,149.238,,,154.957,146.601,184.418,125.303,95.944,69.313,1.1847,1.1865,1.1855,1.1393,0.9931,0.9764,0.9988,0.9822,1.3729,0.8586
B049,B049_GMS_1_2,1,triangulated,3,202,268.86,202,0.3,1020.0,smooth_all,105.553,105.553,112.026,112.026,10.348,10.348,10.983,10.983,40.311,75.007,-0.19724,-0.01925,-0.04286,0.02768,0.02915,-0.0339,-0.01613,-0.00244,-0.01719,0.01184,95.788,101.573,93.864,170.852,59.968,182.265,181.203,,85.464,,,84.278,90.433,86.377,80.345,58.52,92.392,1.1899,0.9388,1.1528,1.0311,1.0476,0.9592,1.1174,0.8875,1.316,0.7747
B049,B049_GMS_1_2,2,triangulated,3,24,311.36,202,0.3,1020.0,smooth_all,84.335,84.448,85.558,85.673,8.268,8.279,8.388,8.399,46.655,52.133,-0.41179,-0.00637,0.00227,-0.00026,0.04251,-0.02676,-0.03908,-0.00173,0.00257,0.00083,65.263,71.126,111.325,70.975,75.731,62.505,36.599,,88.107,,,76.598,112.656,134.182,79.97,69.269,128.907,1.1621,0.9559,1.1235,1.0842,1.058,0.996,1.08,0.8798,1.35,0.7748
B049,B049_GMS_2_1,3,triangulated,3,125,232.1,138,0.3,1020.0,smooth_all,270.13,217.289,427.091,373.959,26.483,21.303,41.872,36.663,57.387,159.318,-0.38274,-0.0055,-0.01662,0.02471,0.00211,-0.02648,-0.01573,-0.00346,-0.02739,0.00586,,,39.195,,258.062,221.979,134.226,,354.099,,,394.146,455.34,560.492,274.727,180.577,98.587,,,1.2635,1.0309,1.0777,0.8839,1.0124,0.8951,,0.7913
B049,B049_GMS_2_1,1,triangulated,3,134,269.22,138,0.3,1020.0,smooth_all,112.054,112.054,110.407,110.407,10.986,10.986,10.824,10.824,44.624,95.306,-0.26256,-0.01759,-0.04532,0.03144,0.02274,-0.02891,-0.01591,-0.00631,-0.01436,0.00289,28.975,30.372,81.716,217.931,85.346,140.789,183.812,,98.997,,,108.942,113.348,83.757,103.448,69.528,75.885,1.306,0.9048,1.1542,0.9998,1.0825,0.9181,1.0269,0.9956,1.3112,0.8315
B049,B049_GMS_2_1,2,triangulated,3,27,314.7,138,0.3,1020.0,smooth_all,117.006,109.992,118.323,111.64,11.471,10.784,11.6,10.945,56.523,71.073,-0.39801,-0.05807,-0.072,-0.03543,-0.0214,-0.03434,-0.00207,-0.00237,-0.13352,-0.03356,100.074,104.068,133.419,132.011,116.024,103.835,99.328,,108.388,,,111.028,136.152,155.35,97.62,85.728,162.025,1.2231,0.8505,1.1607,1.0274,1.087,0.8933,1.0208,0.8957,1.3823,0.8314
B049,B049_GMS_2_2,3,triangulated,3,154,233.52,154,0.3,1020.0,smooth_all,163.245,163.245,161.699,161.699,16.004,16.004,15.853,15.853,47.586,73.12,-0.2006,-0.05477,0.02055,0.08083,0.03814,-0.02453,-0.01648,-0.00658,-0.01739,0.01222,185.847,197.274,170.95,151.552,175.201,114.586,111.4,,210.848,,,193.556,147.964,147.55,195.381,163.377,131.513,1.1348,1.0297,1.1744,0.9463,1.084,0.9339,1.0861,0.9702,1.3762,0.8558
B049,B049_GMS_2_2,1,triangulated,3,154,269.68,154,0.3,1020.0,smooth_all,154.863,154.863,157.41,157.41,15.183,15.183,15.432,15.432,49.469,104.051,-0.23799,0.00331,-0.00672,0.09006,0.01594,-0.03659,-0.01559,-0.0004,0.00594,0.03085,135.144,149.685,243.571,301.265,121.536,167.78,254.815,,101.86,,,99.993,110.054,123.32,100.745,105.059,150.713,1.1644,1.0423,1.2616,0.9729,1.0796,0.9615,1.0683,0.942,1.3046,0.805
B049,B049_GMS_2_2,2,triangulated,3,3,313.64,154,0.3,1020.0,smooth_all,92.762,92.046,99.762,98.811,9.094,9.024,9.781,9.687,42.881,46.348,-0.34896,-0.1422,-0.06256,-0.02168,-0.00453,-0.04912,0.06384,-0.00665,-0.25864,-0.05643,90.285,86.84,92.383,75.216,102.77,99.229,102.466,,88.633,,,61.983,83.149,70.82,87.333,77.468,180.937,1.1786,1.1339,1.2596,1.1382,1.1036,0.9623,1.0344,0.9698,1.3865,0.836
B049,B049_GMS_4_1,3,triangulated,3,96,232.17,96,0.3,1020.0,smooth_all,77.024,77.024,78.433,78.433,7.551,7.551,7.69,7.69,44.839,47.224,-0.27867,-0.00242,0.02562,0.04254,-0.00478,-0.02497,-0.03634,-0.01054,0.01054,0.01024,74.224,85.738,66.945,65.701,78.119,101.252,88.575,,87.977,,,79.982,47.868,50.345,72.609,89.807,79.866,1.1391,1.1393,1.2015,1.0991,1.1004,0.8179,1.0723,1.0536,1.3545,0.8621
B049,B049_GMS_4_1,1,triangulated,3,96,269.21,96,0.3,1020.0,smooth_all,60.477,60.477,60.784,60.784,5.929,5.929,5.959,5.959,39.034,50.627,-0.17615,0.01305,-0.00711,-0.04092,-0.00468,-0.03992,-0.00786,-0.00714,-0.04878,0.00041,40.326,73.823,53.105,68.421,34.64,73.183,51.469,,37.78,,,40.998,51.56,48.458,52.506,102.992,106.892,1.1756,1.1203,1.13,1.1183,1.1403,0.9671,1.0337,1.0349,1.2455,0.7929
B049,B049_GMS_4_1,2,triangulated,3,12,314.57,96,0.3,1020.0,smooth_all,121.637,121.637,121.768,121.768,11.925,11.925,11.938,11.938,43.765,46.445,-0.21508,-0.05649,0.00932,-0.01577,-0.00234,-0.03487,0.00028,-0.01396,-0.09133,-0.02062,141.552,135.979,147.203,109.782,151.108,120.089,70.099,,141.866,,,122.291,150.881,93.023,139.429,70.455,101.646,1.1817,1.0997,1.1346,1.1811,1.1321,0.9904,1.0355,0.98,1.3514,0.8689
B049,B049_GMS_4_2,3,triangulated,2,86,231.47,115,0.3,1020.0,smooth_all,63.553,63.504,64.81,64.584,6.231,6.226,6.354,6.332,44.332,48.326,-0.34215,0.02454,0.00026,0.01569,-0.00949,-0.02534,-0.03886,-0.00442,0.01815,0.00949,68.531,84.686,51.075,26.132,65.451,67.159,89.571,,58.343,,,52.737,87.081,88.232,50.564,59.984,39.234,1.1489,1.1504,1.1897,1.0615,1.0194,0.8548,1.1255,0.9339,1.3674,0.8673
B049,B049_GMS_4_2,1,triangulated,2,114,267.97,115,0.3,1020.0,smooth_all,62.972,62.972,64.352,64.352,6.174,6.174,6.309,6.309,48.331,59.731,-0.15296,-0.01304,0.01183,-0.03955,-0.00061,-0.03088,-0.01191,-0.00642,-0.02441,-0.00265,44.389,60.277,28.785,47.388,40.088,55.638,58.124,,31.018,,,41.766,60.525,67.663,41.257,150.332,162.565,1.1486,1.1546,1.1314,1.1001,1.0842,0.8932,1.0645,0.876,1.2372,0.8347
B058,B058_GMS_1_1,3,triangulated,3,150,236.54,150,0.3,1020.0,smooth_all,72.09,72.09,74.419,74.419,7.068,7.068,7.296,7.296,36.236,53.141,-0.34044,-0.07612,0.00065,0.03468,0.02803,-0.04656,0.01877,-0.00349,-0.09785,-0.00582,60.202,81.286,87.209,62.232,53.179,103.129,95.651,,74.927,,,72.453,66.112,62.204,80.382,60.009,50.922,1.1897,1.1725,1.4105,1.0299,1.1094,1.0481,1.1101,1.112,1.327,0.8067
B058,B058_GMS_1_1,1,triangulated,3,150,267.17,150,0.3,1020.0,smooth_all,140.204,140.204,147.044,147.044,13.745,13.745,14.416,14.416,38.786,51.648,-0.13461,-0.04871,0.04237,0.04767,0.02646,-0.03828,-0.00348,-0.00225,-0.02374,0.01581,152.396,141.353,103.19,82.704,168.426,135.991,120.354,,159.809,,,174.307,177.575,152.823,153.32,129.807,109.58,1.2087,1.1449,1.5532,1.0911,1.0655,1.0984,1.0469,1.0723,1.227,0.8049
B058,B058_GMS_1_1,2,triangulated,3,150,301.62,150,0.3,1020.0,smooth_all,128.065,128.065,136.879,136.879,12.555,12.555,13.42,13.42,45.176,50.925,-0.31176,-0.01359,0.02515,0.06226,0.01562,-0.04611,-0.00656,-0.00254,-0.02816,-0.00354,138.545,157.36,112.489,33.257,129.691,146.448,109.16,,158.91,,,137.399,139.845,127.648,153.817,108.067,140.275,1.3484,1.2005,1.42,1.1344,1.122,1.1205,1.0768,1.0202,1.3544,0.7807
B058,B058_GMS_1_2,3,triangulated,3,118,235.23,118,0.3,1020.0,smooth_all,66.338,66.338,63.194,63.194,6.504,6.504,6.196,6.196,45.929,51.616,-0.33481,-0.05961,-0.00502,0.02444,0.01702,-0.02335,0.00842,0.00077,-0.08823,-0.01292,90.451,99.66,53.687,77.902,87.974,54.008,40.506,,74.217,,,61.027,68.432,42.135,88.994,44.43,45.954,1.5283,1.0348,1.2027,1.2414,1.1208,1.0822,1.2106,1.1175,1.2823,0.8291
B058,B058_GMS_1_2,1,triangulated,3,118,265.75,118,0.3,1020.0,smooth_all,89.575,89.575,96.189,96.189,8.782,8.782,9.43,9.43,44.886,62.283,-0.1695,-0.04062,0.02461,0.00158,0.02391,-0.03046,-0.00331,0.0058,-0.04438,0.00027,99.927,106.099,128.008,136.898,98.73,48.487,70.823,,80.642,,,93.483,98.643,97.794,79.953,53.892,71.223,1.4185,1.0509,1.2432,1.2043,1.0372,1.1416,1.1532,1.1049,1.2547,0.8079
B058,B058_GMS_1_2,2,triangulated,3,118,300.19,118,0.3,1020.0,smooth_all,94.931,94.931,104.762,104.762,9.307,9.307,10.271,10.271,36.202,43.858,-0.32646,-0.05863,0.02511,-0.01085,0.03377,-0.03523,-0.01116,0.00155,-0.05623,-0.01485,100.064,107.091,64.59,46.355,105.458,101.601,62.134,,126.481,,,110.309,117.564,114.128,112.675,80.247,76.421,1.2929,1.0174,1.2602,1.1354,1.0635,1.1583,1.1297,1.0101,1.2803,0.8037
B058,B058_GMS_2_1,3,triangulated,3,145,234.39,145,0.3,1020.0,smooth_all,124.217,124.217,123.19,123.19,12.178,12.178,12.077,12.077,37.779,55.408,-0.24483,-0.04972,0.01947,0.02792,0.01346,-0.0185,-0.02134,-0.00418,-0.03914,0.00025,137.206,139.655,92.997,58.802,144.991,103.971,48.168,,182.38,,,186.272,153.466,113.345,154.698,120.963,104.282,1.3696,1.1561,1.3858,1.1851,1.0385,1.0796,1.1273,1.1107,1.4073,0.8081
B058,B058_GMS_2_1,1,triangulated,3,145,265.39,145,0.3,1020.0,smooth_all,124.613,124.17,132.118,131.636,12.217,12.174,12.953,12.905,39.609,57.087,-0.21325,-0.03645,0.00042,-0.00356,0.00318,-0.03094,-0.00623,-0.00234,-0.05826,0.00594,122.488,117.506,112.92,81.75,128.305,130.955,65.053,,158.59,,,164.49,157.278,138.374,137.594,105.732,113.494,1.3457,1.1426,1.3635,1.1532,1.061,1.0836,1.0705,1.0754,1.3137,0.7974
B058,B058_GMS_2_1,2,triangulated,3,88,300.54,145,0.3,1020.0,smooth_all,119.667,119.43,119.253,119.031,11.732,11.709,11.692,11.67,45.05,48.004,-0.28998,-0.10064,0.01662,0.03132,-0.01103,-0.04169,-0.01039,-0.01063,-0.09475,-0.02057,116.935,117.592,153.353,88.331,124.095,153.159,69.706,,122.187,,,103.646,131.455,142.586,111.382,93.18,147.225,1.3773,1.132,1.3218,1.2066,1.0954,1.0893,1.077,1.0135,1.3417,0.8061
B058,B058_GMS_2_2,3,triangulated,3,193,233.85,202,0.3,1020.0,smooth_all,92.723,91.942,95.957,95.081,9.091,9.014,9.408,9.322,48.211,68.679,-0.29178,-0.02544,0.00458,0.02664,-0.00246,-0.03029,-0.02251,-0.00873,-0.01637,0.0154,81.11,97.176,154.153,113.165,91.493,162.285,130.165,,68.776,,,69.634,66.916,69.928,67.99,52.771,70.173,1.4009,1.1433,1.3343,1.1805,1.0412,1.0147,1.011,1.2055,1.3904,0.8103
B058,B058_GMS_2_2,1,triangulated,3,192,266.17,202,0.3,1020.0,smooth_all,96.862,96.862,100.95,100.95,9.496,9.496,9.897,9.897,43.627,55.425,-0.30678,-0.03222,-0.00209,0.02982,-0.02337,-0.03115,-0.00862,-0.008,-0.03827,0.00639,73.349,74.473,149.786,110.512,94.455,139.539,123.958,,75.327,,,73.957,84.226,104.74,72.077,62.598,92.79,1.4012,1.1535,1.4093,1.1354,1.0428,1.026,1.0292,1.1099,1.2452,0.7945
B058,B058_GMS_2_2,2,triangulated,3,26,303.08,202,0.3,1020.0,smooth_all,157.408,155.697,160.761,158.663,15.432,15.264,15.761,15.555,47.613,56.17,-0.32946,-0.13339,0.01132,0.00347,-0.01815,-0.04871,0.01774,-0.01811,-0.17072,-0.04272,164.417,165.302,148.103,74.362,171.632,159.688,128.477,,173.077,,,139.09,172.679,170.759,176.412,139.832,205.437,1.3644,1.1557,1.4257,1.2064,1.062,1.0575,1.0329,1.097,1.3686,0.8077
B058,B058_GMS_3_1,3,triangulated,3,122,235.46,142,0.3,1020.0,smooth_all,215.773,215.773,203.573,203.573,21.154,21.154,19.958,19.958,38.017,58.841,-0.30868,-0.00761,0.00795,0.03399,0.01767,-0.02768,-0.01946,-0.00602,-0.02273,0.00403,222.257,230.989,200.11,133.134,215.732,195.588,127.567,,272.832,,,269.245,254.41,243.413,247.041,215.934,191.243,1.4963,1.194,1.3636,1.2001,1.0363,1.0386,1.1062,1.1122,1.329,0.7919
B058,B058_GMS_3_1,1,triangulated,3,123,265.75,142,0.3,1020.0,smooth_all,144.184,143.073,154.947,152.678,14.136,14.027,15.191,14.968,42.092,54.994,-0.23042,-0.01039,-0.01054,-0.01142,-0.00537,-0.03751,-0.01257,-0.00291,-0.03646,0.00723,139.483,137.13,148.677,120.187,147.053,156.634,90.033,,174.069,,,167.197,168.655,154.895,161.462,128.07,118.905,1.434,1.1787,1.4325,1.193,1.0448,1.0393,1.0727,1.0804,1.3993,0.7931
B058,B058_GMS_3_1,2,triangulated,3,104,299.88,142,0.3,1020.0,smooth_all,142.597,141.966,140.508,139.746,13.98,13.918,13.775,13.701,39.603,49.067,-0.27991,-0.06117,0.00195,0.07048,-0.00696,-0.03734,-0.01028,-0.01225,-0.07789,-0.01714,157.533,153.69,112.484,66.684,164.355,141.35,97.514,,165.176,,,138.59,159.495,150.691,164.39,145.473,179.321,1.468,1.1557,1.4716,1.2401,1.0732,1.0802,1.0543,1.0534,1.299,0.7821
B058,B058_GMS_3_2,3,triangulated,3,115,234.11,115,0.3,1020.0,smooth_all,200.724,200.724,211.352,211.352,19.679,19.679,20.721,20.721,42.687,70.67,-0.25166,-0.01939,0.00342,-0.0159,0.01524,-0.03545,-0.00466,-0.00442,-0.05732,-0.00529,200.798,193.611,151.165,97.957,214.398,202.555,115.16,,273.088,,,276.481,244.463,237.139,233.49,109.34,108.781,1.3487,1.1474,1.2836,1.2359,1.0468,1.0617,1.0238,1.1334,1.3074,0.7953
B058,B058_GMS_3_2,1,triangulated,3,115,264.99,115,0.3,1020.0,smooth_all,132.254,132.052,142.261,141.918,12.966,12.946,13.947,13.914,44.905,56.573,-0.19016,-0.06338,-0.02936,-0.04729,-0.00702,-0.0434,0.0011,-0.00281,-0.08747,-0.01912,119.407,109.193,127.582,124.445,135.093,161.165,108.766,,143.514,,,152.33,157.448,142.395,122.543,97.681,77.738,1.381,1.1257,1.3228,1.2133,1.0522,1.1153,1.0342,1.1111,1.2272,0.7741
B058,B058_GMS_3_2,2,triangulated,3,47,300.03,115,0.3,1020.0,smooth_all,153.33,148.985,170.436,166.555,15.032,14.606,16.709,16.329,47.624,56.534,-0.39399,-0.0511,-0.0236,0.09187,-0.00691,-0.02983,0.01271,-0.0151,-0.12995,-0.01926,147.116,150.069,184.763,137.867,148.386,139.694,81.853,,177.397,,,139.428,159.739,136.418,183.612,182.687,214.821,1.339,1.1133,1.3419,1.1785,1.0591,1.1576,1.0692,1.084,1.279,0.7987
B058,B058_GMS_3_3,3,triangulated,3,59,236.35,74,0.3,1020.0,smooth_all,132.216,129.849,131.607,128.743,12.962,12.73,12.903,12.622,39.077,51.125,-0.28799,-0.00162,0.02147,0.04366,0.01881,-0.03169,-0.02579,-0.01087,0.00031,0.009,138.827,145.561,112.97,89.833,136.831,114.306,73.272,,162.481,,,171.344,152.358,161.623,139.385,129.409,121.656,1.2859,1.2026,1.3206,1.2089,1.0366,1.0952,1.0733,1.152,1.335,0.7764
B058,B058_GMS_3_3,1,triangulated,3,74,267.34,74,0.3,1020.0,smooth_all,141.596,141.596,149.872,149.872,13.882,13.882,14.693,14.693,38.921,53.393,-0.1863,-0.02055,-0.01061,0.00167,-0.00448,-0.03643,-0.01045,-0.00396,-0.03431,0.0089,154.69,157.211,116.841,78.138,150.822,123.93,58.144,,195.076,,,192.142,157.291,141.165,178.828,147.155,134.755,1.3188,1.1703,1.3652,1.1969,1.0367,1.1653,1.038,1.111,1.2965,0.7674
B058,B058_GMS_3_3,2,triangulated,3,63,302.26,74,0.3,1020.0,smooth_all,106.868,106.868,111.401,111.401,10.477,10.477,10.922,10.922,41.861,47.41,-0.32092,-0.07537,-0.01694,0.00873,-0.01423,-0.0426,0.00415,-0.0098,-0.09363,-0.01595,116.056,122.491,115.67,59.225,117.187,104.307,47.273,,124.729,,,114.798,127.198,131.043,120.68,91.789,108.647,1.3202,1.2014,1.432,1.2025,1.1037,1.198,1.0226,1.0566,1.3275,0.7735
B058,B058_GMS_4_1,3,triangulated,3,102,236.91,102,0.3,1020.0,smooth_all,126.642,126.642,125.987,125.987,12.416,12.416,12.352,12.352,40.499,53.328,-0.19483,-0.01711,-0.02934,-0.03321,-0.00892,-0.04662,0.01763,-0.00019,-0.11229,-0.00975,130.052,124.213,103.926,66.251,145.984,162.323,60.949,,168.241,,,170.335,157.874,124.885,136.617,115.767,103.885,1.3239,1.3103,1.3725,1.1801,1.0172,1.0508,1.0241,1.1456,1.3581,0.8364
B058,B058_GMS_4_1,1,triangulated,3,89,267.71,102,0.3,1020.0,smooth_all,87.306,87.306,92.881,92.881,8.559,8.559,9.106,9.106,41.406,52.064,-0.20757,-0.01736,-0.04245,-0.04808,-0.01331,-0.04185,0.02461,-0.00074,-0.10489,-0.00677,95.164,94.115,85.256,49.849,97.996,93.527,28.807,,107.693,,,110.612,112.162,101.09,90.006,76.924,80.826,1.3177,1.2763,1.4072,1.1889,1.0713,1.0716,1.0525,1.11,1.2886,0.7827
B058,B058_GMS_4_1,2,triangulated,3,43,302.33,102,0.3,1020.0,smooth_all,146.337,146.337,149.012,149.012,14.347,14.347,14.609,14.609,43.053,55.573,-0.30899,-0.08778,0.00386,0.01026,-0.01286,-0.03932,0.00077,-0.01211,-0.11013,-0.0289,146.217,144.557,146.021,72.011,153.349,123.595,51.503,,179.877,,,147.232,187.941,171.783,186.178,144.376,194.403,1.2911,1.2729,1.3937,1.2117,1.076,1.1626,1.0544,1.0779,1.3477,0.8041
B058,B058_GMS_4_2,3,triangulated,3,105,235.61,105,0.3,1020.0,smooth_all,252.482,252.482,251.782,251.782,24.753,24.753,24.685,24.685,42.109,67.69,-0.26413,-0.02884,-0.01875,-0.03389,0.00225,-0.03403,0.01669,0.00227,-0.10541,-0.00783,267.621,245.339,181.98,111.332,295.088,242.599,130.34,,321.367,,,325.114,297.9,239.877,285.991,250.676,226.536,1.2942,1.3203,1.3022,1.2408,1.0686,0.9525,1.0607,1.0855,1.4305,0.8308
B058,B058_GMS_4_2,1,triangulated,3,85,267.56,105,0.3,1020.0,smooth_all,131.761,132.036,134.939,135.162,12.918,12.945,13.229,13.251,43.637,57.646,-0.17388,-0.00711,-0.0272,-0.0539,-0.0087,-0.03382,0.01196,0.00719,-0.07576,-0.00427,151.138,137.369,130.519,70.191,165.048,134.755,42.766,,165.0,,,163.299,184.671,136.477,146.898,106.608,93.421,1.3738,1.3298,1.3514,1.246,1.0525,1.0086,1.0771,1.1049,1.2393,0.8002
B058,B058_GMS_4_2,2,triangulated,3,30,303.76,105,0.3,1020.0,smooth_all,199.193,200.634,199.117,200.674,19.529,19.67,19.521,19.674,44.069,57.637,-0.25701,-0.0325,0.01447,0.00984,0.01715,-0.03486,-0.01059,-0.00471,-0.05129,-0.02601,213.113,212.071,206.879,122.683,217.527,175.344,93.357,,236.283,,,205.108,255.803,218.63,241.279,186.304,207.323,1.2635,1.2914,1.3157,1.2473,1.071,1.0178,1.1017,1.0779,1.3547,0.8071
B058,B058_GMS_4_4,3,triangulated,3,104,235.21,104,0.3,1020.0,smooth_all,96.188,96.188,97.495,97.495,9.43,9.43,9.558,9.558,64.176,76.468,-0.26263,0.01373,-0.05027,-0.06894,-0.01731,-0.0358,0.0067,0.0083,-0.07943,-0.01778,102.522,111.62,67.618,43.958,109.781,119.798,54.883,,117.186,,,111.835,98.746,127.826,114.993,71.23,88.579,1.4111,1.2284,1.3329,1.274,0.9809,0.9373,1.085,1.0663,1.3597,0.8877
B058,B058_GMS_4_4,1,triangulated,3,103,267.97,104,0.3,1020.0,smooth_all,92.21,92.21,93.556,93.556,9.04,9.04,9.172,9.172,59.366,63.639,-0.18713,-0.02092,-0.04082,-0.07939,-0.016,-0.03622,0.01766,0.00426,-0.09912,-0.01726,118.395,112.774,126.238,57.403,128.626,118.726,50.59,,101.953,,,107.973,77.332,57.045,84.413,60.043,89.876,1.3656,1.2178,1.3336,1.2199,1.0204,1.0512,1.0718,1.0609,1.265,0.8209
B058,B058_GMS_4_4,2,triangulated,3,50,305.19,104,0.3,1020.0,smooth_all,195.368,195.368,194.607,194.607,19.154,19.154,19.079,19.079,45.478,56.332,-0.32072,-0.07888,-0.02699,-0.00327,-0.00255,-0.03238,0.01539,-0.00646,-0.13581,-0.04153,211.955,206.769,236.31,126.719,219.978,186.34,98.198,,234.938,,,208.148,239.976,185.1,236.405,156.245,188.211,1.236,1.2117,1.2855,1.2456,1.0844,1.0547,1.0368,1.0785,1.3783,0.8566
B086,B086_GMS_2_1,1,triangulated,2,64,267.64,94,0.3,1020.0,smooth_all,138.843,138.843,140.018,140.018,13.612,13.612,13.727,13.727,48.198,58.352,-0.33529,-0.00114,-0.00581,0.02558,-0.00424,-0.02488,-0.01531,-0.00996,0.00058,0.01118,123.0,103.331,88.027,102.772,149.606,107.957,101.221,,147.254,,,159.147,213.438,186.802,159.984,174.596,224.065,1.2723,1.0902,1.2753,1.1056,0.9491,1.1669,1.0335,0.954,1.3186,0.8462
B086,B086_GMS_2_1,2,triangulated,2,61,309.76,94,0.3,1020.0,smooth_all,87.28,87.28,104.133,104.133,8.557,8.557,10.209,10.209,42.334,56.453,-0.36713,0.01682,-0.02743,0.02711,-0.02274,-0.02533,-0.01471,-0.00837,-0.0129,0.01037,72.149,80.47,118.444,95.653,80.871,45.239,91.326,,75.562,,,65.002,,109.755,66.592,83.925,153.392,1.2036,1.0186,1.2232,1.0591,,,1.0427,0.9388,1.3584,0.9013
B086,B086_GMS_2_2,3,triangulated,3,112,212.53,239,0.3,1020.0,smooth_all,63.201,62.64,69.427,69.082,6.196,6.141,6.807,6.773,30.557,34.78,-0.25768,0.02033,0.01579,0.04853,-0.00956,-0.01317,-0.02581,-0.01127,0.01658,0.01756,62.274,54.972,55.798,70.26,79.44,69.073,83.097,,53.112,,,39.873,72.821,74.424,57.196,52.105,60.57,1.2036,1.0805,1.2071,1.0676,1.0391,1.0309,1.0064,1.0757,1.4096,0.8684
B086,B086_GMS_2_2,1,triangulated,3,237,264.69,239,0.3,1020.0,smooth_all,95.475,95.475,97.57,97.57,9.36,9.36,9.566,9.566,29.181,40.518,-0.22969,0.01857,-0.00272,0.03002,-0.00806,-0.02738,-0.01185,-0.00894,0.00221,0.01715,100.977,95.948,80.505,89.071,112.099,81.586,96.644,,100.426,,,112.71,103.972,116.111,94.908,84.553,70.843,1.2119,1.0485,1.1939,1.085,0.9949,1.0633,0.9862,1.0882,1.3819,0.8351
B086,B086_GMS_2_2,2,triangulated,3,229,304.41,239,0.3,1020.0,smooth_all,98.101,98.186,97.975,98.079,9.618,9.626,9.605,9.616,32.653,41.752,-0.2645,-0.04025,-0.0407,-0.01287,-0.03413,-0.03714,0.00952,-0.00752,-0.09439,-0.00307,98.221,93.889,62.788,37.825,109.778,79.924,60.247,,126.552,,,109.811,124.823,128.972,118.446,97.421,129.184,1.1975,1.0104,1.1689,1.1099,1.021,1.0816,0.995,1.0712,1.4657,0.8763
B086,B086_GMS_2_3,3,triangulated,3,188,215.66,297,0.3,1020.0,smooth_all,49.825,48.024,55.351,53.538,4.885,4.708,5.427,5.249,30.659,37.001,-0.30331,-0.01396,-0.0233,0.01572,-0.00517,-0.03155,0.00344,-0.00517,-0.0601,0.001,41.372,38.13,55.154,65.455,60.301,62.21,67.454,,40.111,,,26.962,62.332,63.495,35.442,30.774,49.286,1.1883,1.0656,1.2292,1.0359,1.0174,1.0529,0.9838,1.0836,1.4333,0.8923
B086,B086_GMS_2_3,1,triangulated,3,297,266.13,297,0.3,1020.0,smooth_all,131.177,131.177,130.989,130.989,12.861,12.861,12.842,12.842,27.246,36.982,-0.15827,0.01571,-0.03723,-0.00581,-0.01182,-0.0416,0.00713,-0.00135,-0.04233,0.01826,153.878,146.239,93.579,102.497,164.148,112.67,117.673,,132.521,,,146.648,140.085,144.832,138.307,129.832,107.843,1.2152,1.0525,1.242,1.0496,1.0131,1.1069,0.9707,1.0585,1.3564,0.8461
B086,B086_GMS_2_3,2,triangulated,3,273,304.32,297,0.3,1020.0,smooth_all,73.313,73.661,77.29,77.643,7.188,7.222,7.577,7.612,31.123,34.773,-0.2531,-0.00995,-0.0581,-0.01802,-0.03055,-0.04532,0.01091,-0.00266,-0.09165,-0.0016,86.957,92.451,60.734,94.138,92.815,65.397,79.858,,69.391,,,80.231,60.419,78.242,60.536,60.294,44.111,1.2144,1.033,1.2333,1.0648,1.0426,1.1379,0.9786,1.0594,1.4115,0.8894
B086,B086_GMS_3_2,3,triangulated,3,39,212.35,81,0.3,1020.0,smooth_all,62.388,60.795,65.189,63.617,6.116,5.96,6.391,6.237,30.537,37.427,-0.31567,0.03644,-0.01749,0.02336,-0.01617,-0.01036,-0.01731,-0.01389,0.00855,0.02047,57.965,50.157,50.719,84.462,75.948,65.221,91.217,,49.525,,,40.272,74.65,72.105,52.471,41.59,65.915,1.2037,1.0806,1.2139,1.082,1.0191,1.0689,0.9734,1.075,1.426,0.8754
B086,B086_GMS_3_2,1,triangulated,3,81,265.52,81,0.3,1020.0,smooth_all,164.252,164.252,162.11,162.11,16.103,16.103,15.893,15.893,26.064,41.075,-0.24588,0.03292,-0.02581,0.03608,-0.00975,-0.02928,-0.02427,-0.0136,0.02646,0.02809,192.876,179.916,123.56,137.787,203.432,118.003,132.358,,186.852,,,203.759,165.892,145.567,190.827,168.847,153.348,1.2259,1.0635,1.2116,1.0613,1.0103,1.0722,0.9902,1.0795,1.3684,0.8377
B086,B086_GMS_3_2,2,triangulated,3,61,305.79,81,0.3,1020.0,smooth_all,91.223,91.56,95.239,95.273,8.943,8.976,9.337,9.34,32.891,45.5,-0.30698,-0.0067,-0.0793,-0.01604,-0.03739,-0.03778,0.01222,-0.00801,-0.10152,-0.01411,111.828,104.076,51.891,75.737,131.532,53.937,71.935,,96.608,,,119.108,108.591,120.144,88.749,90.845,67.534,1.2189,1.0593,1.1952,1.0805,1.0402,1.1067,0.9936,1.0473,1.4366,0.8814
B086,B086_GMS_3_3,3,triangulated,3,7,214.5,81,0.3,1020.0,smooth_all,150.516,148.041,153.794,151.803,14.756,14.514,15.078,14.883,36.226,43.124,-0.40746,0.05837,-0.04443,-0.0141,-0.01302,-0.00843,-0.00285,-0.00972,-0.01582,0.00668,151.445,136.352,150.943,155.211,170.413,162.333,180.933,,119.736,,,115.604,165.022,165.222,144.539,134.804,153.628,1.191,1.0871,1.2146,1.0783,1.0018,1.0656,0.9531,1.1249,1.4209,0.863
B086,B086_GMS_3_3,1,triangulated,3,80,265.75,81,0.3,1020.0,smooth_all,204.996,204.996,195.998,195.998,20.098,20.098,19.215,19.215,27.936,49.283,-0.24021,0.0328,-0.03027,0.026,0.00174,-0.03234,0.00506,-0.01214,-0.00291,0.03109,261.892,250.062,149.533,137.191,263.468,138.414,142.733,,229.389,,,240.551,216.319,205.414,249.602,222.188,188.313,1.2015,1.0529,1.2362,1.1026,1.0007,1.1239,0.958,1.0497,1.3873,0.8531
B086,B086_GMS_3_3,2,triangulated,3,64,304.56,81,0.3,1020.0,smooth_all,123.424,123.424,116.905,116.905,12.1,12.1,11.461,11.461,32.898,61.792,-0.2672,0.00688,-0.05824,0.01053,-0.01147,-0.03826,0.00866,-0.00463,-0.0719,-0.00985,154.317,146.003,45.057,56.941,175.836,61.155,66.287,,164.501,,,185.764,168.78,134.864,165.225,148.027,96.638,1.2413,1.0377,1.249,1.0917,0.979,1.1548,0.9724,1.0365,1.5188,0.8848
B088,B088_GMS_2_2,3,triangulated,3,109,215.15,126,0.3,1020.0,smooth_all,107.415,107.415,134.858,134.858,10.531,10.531,13.221,13.221,42.279,41.985,-0.27429,-0.00314,0.07325,0.0939,0.01566,-0.00634,-0.02181,-0.01218,0.01823,0.01273,135.075,143.301,114.129,85.683,131.28,113.543,83.616,,90.284,,,93.849,77.597,100.6,67.986,97.828,169.039,1.3029,1.1615,1.2111,1.1341,1.2786,1.1603,1.3332,0.9025,1.264,0.92
B088,B088_GMS_2_2,1,triangulated,3,124,267.12,126,0.3,1020.0,smooth_all,89.937,89.937,92.818,92.818,8.817,8.817,9.1,9.1,46.407,60.464,-0.23882,0.03456,0.05816,0.03655,0.00606,-0.01555,-0.02605,-0.0071,0.04566,0.02077,82.43,100.216,56.858,74.635,96.805,48.257,78.152,,66.238,,,114.936,136.634,145.932,74.912,75.729,92.203,1.2253,1.2438,1.2658,1.2182,1.2203,1.1537,1.2772,0.8835,1.2152,0.8531
B088,B088_GMS_2_2,2,triangulated,3,102,308.98,126,0.3,1020.0,smooth_all,212.7,212.421,219.29,219.125,20.853,20.826,21.499,21.483,53.304,64.922,-0.26012,-0.05363,0.03432,0.0372,0.00991,-0.03739,0.02207,-0.01565,-0.10831,-0.02873,226.758,220.765,187.831,110.368,235.585,186.316,114.162,,245.275,,,219.73,290.567,272.826,246.002,190.393,229.819,1.1752,1.2515,1.2421,1.1964,1.2907,1.2659,1.144,0.9169,1.311,0.9025
B088,B088_GMS_2_3,3,triangulated,3,110,213.93,174,0.3,1020.0,smooth_all,68.294,68.294,71.045,71.045,6.696,6.696,6.965,6.965,38.053,42.188,-0.3576,-0.04077,0.00876,0.03895,0.01372,-0.01933,-0.00845,-0.01318,-0.0428,0.00516,78.126,90.637,55.699,47.678,81.756,59.492,52.977,,68.59,,,65.61,75.296,72.67,62.262,67.896,77.562,1.2243,1.2619,1.2985,1.1854,1.2757,1.1861,1.1001,1.1683,1.3324,0.8548
B088,B088_GMS_2_3,1,triangulated,3,166,270.25,174,0.3,1020.0,smooth_all,144.352,144.352,144.88,144.88,14.152,14.152,14.204,14.204,39.357,51.389,-0.34321,0.05849,0.04831,0.10605,0.01619,-0.0224,-0.04289,-0.00693,0.05596,0.03589,150.425,174.826,183.1,101.835,133.807,152.937,70.299,,188.322,,,154.486,111.055,103.986,192.01,151.401,157.127,1.2772,1.1978,1.2989,1.2034,1.2333,1.1993,1.0838,1.1283,1.1594,0.7814
B088,B088_GMS_2_3,2,triangulated,3,155,315.01,174,0.3,1020.0,smooth_all,58.359,58.304,60.161,60.079,5.721,5.716,5.898,5.89,44.374,46.833,-0.2076,-0.04788,-0.011,0.04891,-0.01327,-0.0205,0.00164,-0.01364,-0.07497,-0.01568,64.361,69.515,41.548,50.587,75.622,28.261,51.541,,39.944,,,34.149,85.409,115.874,45.794,43.152,71.712,1.2443,1.2076,1.3004,1.2397,1.2111,1.2365,1.0867,1.0778,1.2756,0.8398
B088,B088_GMS_3_1,3,triangulated,3,49,212.18,150,0.3,1020.0,smooth_all,79.401,79.326,83.449,83.363,7.784,7.777,8.181,8.173,47.724,54.964,-0.29237,0.01014,0.0449,0.11954,0.01888,-0.00434,-0.03045,-0.01033,0.00367,0.01162,94.829,109.896,91.011,57.918,88.137,84.769,68.176,,66.047,,,57.553,72.812,79.128,70.979,76.515,92.449,1.2776,1.1773,1.3041,1.1987,1.1497,1.0918,1.188,1.0598,1.3592,0.862
B088,B088_GMS_3_1,1,triangulated,3,148,266.63,150,0.3,1020.0,smooth_all,73.336,73.336,79.579,79.579,7.19,7.19,7.802,7.802,47.461,58.317,-0.36612,0.01707,0.00312,0.02426,-0.01556,-0.01504,-0.03352,-0.00608,0.01379,0.00616,69.112,79.002,104.269,86.047,62.932,63.079,69.615,,78.969,,,83.826,67.394,91.479,72.11,47.442,63.228,1.2901,1.2418,1.2958,1.2195,1.153,1.1862,1.213,1.0893,1.258,0.8165
B088,B088_GMS_3_1,2,triangulated,3,129,310.59,150,0.3,1020.0,smooth_all,125.188,125.188,125.579,125.579,12.273,12.273,12.312,12.312,47.69,56.636,-0.32678,-0.03267,0.01553,0.06555,-0.00778,-0.02059,-0.00245,-0.01531,-0.05317,-0.01071,157.831,155.358,128.215,60.042,162.785,120.722,58.202,,156.415,,,136.775,175.774,183.884,156.8,72.112,92.197,1.2191,1.2463,1.3219,1.2233,1.1231,1.2433,1.1535,1.0407,1.3171,0.8515
B088,B088_GMS_4_2,3,triangulated,3,106,213.52,299,0.3,1020.0,smooth_all,88.164,88.164,89.238,89.238,8.643,8.643,8.749,8.749,39.98,41.971,-0.30902,0.0188,0.05411,0.07964,0.03759,-0.01499,-0.03398,-0.00177,0.04394,0.00261,95.454,103.352,79.827,83.01,94.722,82.072,87.856,,87.724,,,85.55,83.457,70.625,89.658,88.094,101.73,1.209,1.2955,1.2063,1.2552,1.2477,0.9221,1.259,0.9651,1.23,0.8638
B088,B088_GMS_4_2,1,triangulated,3,295,266.32,299,0.3,1020.0,smooth_all,102.456,102.456,100.099,100.099,10.045,10.045,9.814,9.814,37.114,46.058,-0.16375,0.0232,-0.0325,-0.06829,-0.00766,-0.02282,0.02224,0.00392,-0.05778,-0.03037,107.123,107.343,72.585,80.251,101.997,73.133,86.239,,90.61,,,115.772,141.864,145.365,94.437,111.118,114.243,1.2129,1.2128,1.2169,1.2682,1.1558,1.0487,1.1316,1.0371,1.1474,0.8097
B088,B088_GMS_4_2,2,triangulated,3,292,308.94,299,0.3,1020.0,smooth_all,99.802,99.802,98.89,98.89,9.784,9.784,9.695,9.695,39.897,44.036,-0.32947,0.00064,0.01406,0.0066,0.01082,-0.02822,-0.01182,0.00571,-0.04101,-0.0208,107.758,121.399,108.497,71.691,106.915,79.882,60.673,,90.725,,,84.975,127.814,117.341,99.399,110.391,112.429,1.2067,1.1633,1.1788,1.2274,1.2417,1.147,1.0977,0.9279,1.2819,0.8615
B126,B126_GMS_1_4,3,triangulated,3,222,226.89,244,0.3,1020.0,smooth_all,78.661,75.55,85.142,81.618,7.712,7.407,8.347,8.002,44.604,48.863,-0.30732,0.04009,0.03332,0.05776,0.01649,-0.01127,-0.03911,0.00313,0.04765,0.01082,70.82,77.157,83.317,57.637,69.414,49.408,42.037,,75.011,,,74.676,83.238,190.852,64.643,69.032,94.074,1.2171,1.0757,1.1066,1.0696,1.0354,1.1581,1.0658,1.2104,1.2562,0.8646
B126,B126_GMS_1_4,1,triangulated,3,244,268.81,244,0.3,1020.0,smooth_all,77.758,77.758,82.803,82.803,7.623,7.623,8.118,8.118,36.564,39.924,-0.23735,0.01263,-0.02275,-0.03213,0.00432,-0.03188,0.00944,0.00584,-0.03923,-0.00463,86.44,81.396,88.489,86.591,95.39,55.605,69.795,,71.408,,,82.038,98.397,77.38,67.19,69.354,70.86,1.1802,1.0543,1.1342,1.0806,0.995,1.1337,1.0033,1.1017,1.187,0.8069
B126,B126_GMS_1_4,2,triangulated,3,243,319.71,244,0.3,1020.0,smooth_all,138.373,138.373,147.813,147.813,13.566,13.566,14.492,14.492,33.648,41.591,-0.38887,-0.02273,0.02272,0.00404,0.01259,-0.03531,-0.03428,0.00317,0.00839,0.00517,136.914,141.548,132.007,99.758,136.089,129.468,92.802,,164.305,,,133.403,129.012,187.451,173.27,138.088,172.094,1.0889,1.1654,1.1691,1.0509,1.1026,1.204,1.0023,1.2042,1.1776,0.8387
B126,B126_GMS_2_1,3,triangulated,3,74,227.74,101,0.3,1020.0,smooth_all,68.547,66.467,73.302,71.371,6.72,6.516,7.187,6.997,37.62,41.094,-0.39265,-0.04733,-0.01337,0.0074,0.00296,-0.05153,0.0333,-0.00532,-0.10475,-0.01134,50.894,66.465,95.495,50.814,49.467,74.264,55.614,,68.061,,,64.827,63.285,138.416,48.108,58.028,77.354,1.0589,1.1065,1.1745,0.9474,1.0601,1.1664,1.0826,1.2006,1.2597,0.8841
B126,B126_GMS_2_1,1,triangulated,3,101,269.83,101,0.3,1020.0,smooth_all,114.203,114.203,133.235,133.235,11.196,11.196,13.062,13.062,38.274,50.435,-0.2945,0.05594,-0.04254,-0.01495,0.00639,-0.05122,0.03846,0.00533,-0.0699,0.00959,122.22,110.883,63.724,51.826,135.434,114.964,96.732,,140.2,,,143.928,136.756,81.518,142.649,128.525,126.718,1.0562,1.1414,1.2894,0.9907,1.0783,1.166,0.958,1.1653,1.138,0.8424
B126,B126_GMS_2_1,2,triangulated,3,101,320.52,101,0.3,1020.0,smooth_all,110.357,110.357,114.039,114.039,10.819,10.819,11.18,11.18,36.18,40.542,-0.42031,0.00811,-0.05864,-0.08092,-0.02254,-0.0543,0.03412,0.00184,-0.10348,-0.01099,95.926,90.861,132.433,121.036,106.303,117.801,156.482,,104.214,,,84.353,55.602,98.903,106.33,104.135,142.884,1.1001,1.0889,1.3344,1.0412,1.0248,1.1407,0.9611,1.1521,1.2543,0.8721
B126,B126_GMS_2_2,3,triangulated,3,95,227.13,96,0.3,1020.0,smooth_all,72.906,72.906,75.43,75.43,7.148,7.148,7.395,7.395,33.276,39.15,-0.36572,-0.0327,0.00525,0.00633,0.00454,-0.03794,-0.00748,-0.00652,-0.02658,0.00197,65.862,76.684,76.863,49.519,66.25,57.919,36.017,,85.367,,,84.547,68.375,141.067,64.67,64.771,82.827,1.1521,1.1218,1.1457,1.0824,1.035,1.0819,1.0754,1.1369,1.2404,0.8595
B126,B126_GMS_2_2,1,triangulated,3,96,269.76,96,0.3,1020.0,smooth_all,83.555,83.555,88.114,88.114,8.192,8.192,8.639,8.639,32.829,42.515,-0.24116,0.04525,-0.04481,-0.07664,-0.00297,-0.05403,0.02613,0.00853,-0.05631,0.00593,75.477,80.864,92.318,66.762,78.363,71.054,61.484,,107.184,,,97.169,86.287,75.079,111.593,79.446,86.175,1.1657,1.1248,1.1869,1.1052,0.9452,1.1377,0.9984,1.0891,1.1783,0.809
B126,B126_GMS_2_2,2,triangulated,3,88,320.87,96,0.3,1020.0,smooth_all,148.743,145.613,153.413,150.581,14.583,14.276,15.041,14.763,38.7,44.702,-0.3323,-0.02142,-0.02192,-0.05201,-0.01027,-0.0449,0.01232,0.00092,-0.07487,-0.01217,140.361,146.953,133.303,77.592,143.424,145.418,132.641,,157.817,,,121.945,158.871,172.526,172.05,156.391,229.599,1.1279,1.1568,1.1625,1.1167,1.0827,1.1344,0.9888,1.0181,1.2928,0.8465
B126,B126_GMS_2_3,3,triangulated,3,167,228.59,167,0.3,1020.0,smooth_all,59.599,59.511,62.586,62.509,5.843,5.834,6.136,6.128,35.874,45.315,-0.4442,-0.04431,-0.02608,-0.01777,0.01078,-0.05222,0.03964,-0.00661,-0.09097,-0.00755,36.472,55.453,97.228,86.068,37.352,71.661,74.284,,43.736,,,35.936,48.503,75.662,38.845,62.365,77.797,1.1865,1.1007,1.1809,1.0033,1.0809,1.0317,1.1311,1.1972,1.2462,0.8917
B126,B126_GMS_2_3,1,triangulated,3,167,270.8,167,0.3,1020.0,smooth_all,117.815,117.815,124.713,124.713,11.55,11.55,12.227,12.227,36.602,51.18,-0.30436,0.03613,-0.05075,-0.07904,-0.0189,-0.04657,0.05504,0.00475,-0.08664,-0.00515,110.678,112.091,91.513,93.355,117.248,108.539,97.378,,142.04,,,151.569,116.804,115.07,138.981,138.422,120.718,1.1279,1.0905,1.2241,1.0232,0.9714,1.0634,0.9594,1.1344,1.1599,0.8019
B126,B126_GMS_2_3,2,triangulated,3,151,321.29,167,0.3,1020.0,smooth_all,118.71,115.386,126.868,123.749,11.638,11.312,12.438,12.132,41.337,45.142,-0.4399,0.03953,-0.0696,-0.08848,-0.02633,-0.05291,0.0504,-0.0,-0.09565,-0.01763,101.724,105.675,107.873,79.299,113.212,125.589,118.346,,109.984,,,82.235,118.48,129.249,120.582,144.007,208.344,1.1287,1.0989,1.1828,1.0643,1.0276,1.0644,1.0283,0.9767,1.268,0.8637
B126,B126_GMS_3_3,3,triangulated,3,89,227.66,181,0.3,1020.0,smooth_all,127.069,125.799,128.496,127.358,12.458,12.333,12.598,12.486,38.289,45.82,-0.1543,0.04044,0.08844,0.13867,0.02793,-0.00108,-0.02816,-0.01575,0.08362,0.03074,119.379,131.914,113.785,70.329,111.008,102.18,82.82,,141.678,,,144.782,140.611,232.125,121.891,126.528,149.821,1.1346,1.1818,1.1593,1.097,1.0084,1.2,1.0221,1.0712,1.2028,0.8544
B126,B126_GMS_3_3,1,triangulated,3,149,269.38,181,0.3,1020.0,smooth_all,65.307,65.307,73.117,73.117,6.403,6.403,7.168,7.168,34.244,38.668,-0.23934,0.00688,0.00375,-0.0104,0.00106,-0.03291,-0.0109,-0.01785,-0.01021,0.01494,78.712,62.129,38.511,65.463,99.852,56.114,85.095,,62.108,,,86.42,39.173,41.016,66.64,49.234,52.064,1.1257,1.1775,1.1483,1.1443,0.9694,1.1846,1.005,1.1107,1.1703,0.825
B126,B126_GMS_3_3,2,triangulated,3,133,319.94,181,0.3,1020.0,smooth_all,162.05,162.05,167.505,167.505,15.887,15.887,16.422,16.422,38.259,43.362,-0.33322,0.05671,0.0047,0.04693,-0.018,-0.02018,-0.0255,-0.0106,-0.00227,0.00369,145.383,168.813,208.743,149.334,129.291,142.728,86.096,,168.615,,,132.775,168.143,221.008,170.26,163.831,224.318,1.1869,1.1229,1.1874,1.1172,0.9536,1.2487,0.9651,1.0442,1.2005,0.8704
B156,B156_GMS_1_2,3,triangulated,3,155,224.63,168,0.3,1020.0,smooth_all,73.648,73.648,75.078,75.078,7.22,7.22,7.361,7.361,38.027,52.413,-0.29052,-0.0866,0.0206,0.03133,0.03616,-0.03519,-0.00377,-0.00421,-0.06172,-0.01194,84.897,92.711,37.415,32.51,85.13,68.651,43.462,,89.69,,,100.404,86.739,107.653,67.758,64.339,69.093,1.2999,1.1854,1.3288,1.1289,1.0842,0.9755,1.0077,1.056,1.2829,0.8111
B156,B156_GMS_1_2,1,triangulated,3,168,269.69,168,0.3,1020.0,smooth_all,164.888,164.888,164.393,164.393,16.166,16.166,16.117,16.117,41.575,59.653,-0.10166,-0.05745,-0.0323,0.04051,0.01384,-0.0461,0.02768,0.0019,-0.0782,0.00812,154.903,163.351,176.732,133.641,149.044,198.13,150.723,,209.835,,,202.732,162.243,141.568,193.168,136.085,135.761,1.3173,1.1545,1.3128,1.1812,1.0595,0.9963,0.991,0.999,1.1838,0.76
B156,B156_GMS_1_2,2,triangulated,3,168,309.06,168,0.3,1020.0,smooth_all,117.315,117.315,123.511,123.511,11.501,11.501,12.109,12.109,41.446,55.069,-0.36219,-0.04587,-0.05924,-0.01826,-0.00665,-0.05112,0.03926,0.00037,-0.13031,-0.02214,124.876,135.881,113.583,38.169,123.455,111.24,58.06,,153.049,,,117.434,102.369,85.448,160.224,130.87,185.667,1.3321,1.128,1.2967,1.1867,1.0916,0.9864,1.0212,0.9782,1.268,0.8007
B156,B156_GMS_1_5,3,triangulated,3,333,227.16,344,0.3,1020.0,smooth_all,78.722,78.509,80.699,80.481,7.718,7.697,7.912,7.89,41.16,67.586,-0.28312,-0.0597,0.01558,0.03622,0.03304,-0.04058,0.01101,-0.00201,-0.06978,-0.00781,61.567,77.742,68.663,64.822,62.527,81.925,94.063,,67.919,,,50.981,63.19,109.014,81.07,103.526,115.345,1.2483,1.1646,1.3162,0.9966,1.0487,0.9921,1.0387,1.0029,1.2723,0.821
B156,B156_GMS_1_5,1,triangulated,3,344,271.3,344,0.3,1020.0,smooth_all,86.368,86.368,89.872,89.872,8.467,8.467,8.811,8.811,42.968,60.55,-0.12743,-0.00706,0.00624,0.07148,0.02246,-0.03786,0.00079,-0.00246,-0.02875,0.01756,84.77,88.352,82.208,82.637,86.309,75.374,125.801,,95.971,,,105.907,89.713,76.696,87.554,67.367,59.698,1.2618,1.1238,1.3893,1.026,1.0386,1.0476,1.0597,0.9804,1.1934,0.7701
B156,B156_GMS_1_5,2,triangulated,3,344,309.81,344,0.3,1020.0,smooth_all,119.761,119.761,124.542,124.542,11.741,11.741,12.21,12.21,44.152,57.093,-0.36356,-0.0084,-0.04398,-0.00328,-0.00788,-0.05167,0.02682,-0.00152,-0.1192,-0.01486,119.602,131.663,94.107,46.776,115.974,117.517,66.693,,150.37,,,118.486,109.949,89.652,154.115,138.446,219.555,1.3343,1.1794,1.3532,1.1336,1.0698,1.062,1.0664,0.9782,1.2325,0.796
B156,B156_GMS_2_1,3,triangulated,3,45,221.71,168,0.3,1020.0,smooth_all,127.798,126.009,149.376,147.016,12.529,12.354,14.645,14.413,44.378,59.179,-0.39615,0.0003,0.01214,0.04451,-1e-05,-0.01859,-0.02044,-0.00804,-0.02233,0.01207,135.783,138.02,113.616,96.096,141.481,132.421,119.677,,136.954,,,146.843,141.64,161.215,126.028,104.595,90.651,1.3353,1.1722,1.3423,1.0973,1.0346,0.9992,1.0399,1.0427,1.3058,0.7935
B156,B156_GMS_2_1,1,triangulated,3,163,269.45,168,0.3,1020.0,smooth_all,130.82,130.82,139.774,139.774,12.826,12.826,13.703,13.703,45.351,64.265,-0.23881,-0.03651,-0.02517,0.01119,-0.00449,-0.03819,0.01644,-0.00473,-0.06776,0.00813,116.812,123.34,129.163,123.387,118.075,127.058,123.852,,158.31,,,156.382,141.94,122.06,156.049,122.377,104.221,1.3581,1.1323,1.3689,1.1161,1.0085,1.0232,1.0373,0.9991,1.2018,0.7258
B156,B156_GMS_2_1,2,triangulated,3,153,311.2,168,0.3,1020.0,smooth_all,118.856,118.856,127.708,127.708,11.653,11.653,12.52,12.52,42.383,59.816,-0.40072,-0.06434,-0.03911,-0.00241,-0.02727,-0.04724,0.01314,-0.00924,-0.12029,-0.02171,125.15,121.088,117.311,55.145,140.079,106.282,73.738,,152.126,,,139.316,124.636,109.535,153.938,121.529,121.585,1.3312,1.1314,1.3413,1.1302,1.0311,1.002,1.0404,0.9612,1.3173,0.7967
B156,B156_GMS_2_2,3,triangulated,3,137,226.26,226,0.3,1020.0,smooth_all,75.56,73.978,76.874,75.115,7.408,7.253,7.537,7.364,41.302,54.882,-0.27391,-0.06359,-0.0193,0.02602,0.01522,-0.03088,0.01967,-0.00557,-0.12454,-0.00852,66.921,81.809,87.771,52.88,65.198,82.254,56.148,,76.165,,,74.252,84.496,143.098,70.773,60.94,56.012,1.3032,1.2173,1.3589,1.1243,1.0565,1.0211,1.0002,1.0503,1.2654,0.8229
B156,B156_GMS_2_2,1,triangulated,3,226,271.09,226,0.3,1020.0,smooth_all,75.381,75.381,82.133,82.133,7.39,7.39,8.052,8.052,39.247,61.343,-0.16033,-0.02534,0.00823,0.01791,0.01433,-0.04104,0.00289,-0.00343,-0.05049,0.00567,69.487,68.251,78.908,87.882,70.67,79.47,90.006,,75.153,,,84.57,58.987,71.587,81.636,61.956,69.052,1.33,1.1993,1.3949,1.1486,1.0151,1.0471,1.0,1.0153,1.2236,0.7663
B156,B156_GMS_2_2,2,triangulated,3,216,310.18,226,0.3,1020.0,smooth_all,118.137,118.137,128.224,128.224,11.582,11.582,12.571,12.571,43.201,50.5,-0.30545,-0.08696,-0.00097,0.03095,-0.01821,-0.05202,0.01942,-0.01208,-0.13422,-0.02211,118.28,131.29,112.986,47.577,114.658,136.207,93.829,,142.759,,,113.678,103.469,101.057,142.906,122.041,169.549,1.3305,1.164,1.3608,1.1219,1.065,1.0816,0.9953,0.9556,1.2734,0.8213
B156,B156_GMS_2_3,3,triangulated,3,60,223.32,201,0.3,1020.0,smooth_all,93.685,90.67,98.049,95.169,9.185,8.889,9.613,9.33,49.139,59.915,-0.4126,0.01568,0.01817,0.06196,-0.00696,-0.0111,-0.03163,-0.00596,0.01462,0.00805,97.005,101.726,105.149,82.387,100.174,64.419,53.075,,91.682,,,86.064,98.248,125.484,87.236,104.52,118.224,1.4251,1.0744,1.2679,1.1369,1.0577,1.0374,1.0877,1.0278,1.2999,0.8138
B156,B156_GMS_2_3,1,triangulated,3,194,269.51,201,0.3,1020.0,smooth_all,88.884,88.884,97.749,97.749,8.714,8.714,9.583,9.583,43.564,55.52,-0.28392,-0.02341,0.00102,0.01991,0.00144,-0.0289,-0.02331,-0.00998,0.0043,0.0156,80.166,88.103,106.422,109.142,84.001,80.369,58.36,,92.658,,,99.715,97.659,113.191,80.864,81.64,84.827,1.3675,1.0815,1.2675,1.1685,1.0166,1.0455,1.0539,1.0123,1.2107,0.7502
B156,B156_GMS_2_3,2,triangulated,3,171,309.88,201,0.3,1020.0,smooth_all,152.343,152.326,148.494,148.756,14.936,14.934,14.558,14.584,44.241,52.983,-0.37269,-0.10932,0.01642,0.02524,-0.01582,-0.04068,-0.00946,-0.01024,-0.10598,-0.0208,147.093,160.102,198.12,122.047,144.506,156.235,87.14,,174.873,,,137.271,152.404,163.588,176.583,137.977,178.985,1.3462,1.026,1.2726,1.1655,1.0491,1.0377,1.096,0.9349,1.3025,0.8259
B156,B156_GMS_3_1,3,triangulated,3,80,225.95,106,0.3,1020.0,smooth_all,44.28,44.28,44.662,44.662,4.341,4.341,4.379,4.379,36.327,40.987,-0.19643,0.03266,0.08296,0.11712,0.02787,-0.00493,-0.06464,-0.01159,0.09552,0.03039,60.218,79.072,46.288,34.362,50.936,30.454,61.636,,31.2,,,37.98,28.768,42.295,25.106,39.905,51.695,1.332,1.2149,1.3306,1.1429,1.1104,0.9839,1.076,1.1306,1.3598,0.81
B156,B156_GMS_3_1,1,triangulated,3,96,270.18,106,0.3,1020.0,smooth_all,62.425,62.425,60.002,60.002,6.12,6.12,5.883,5.883,37.069,49.166,-0.10011,-0.02865,0.03715,0.05426,0.01454,-0.02845,-0.02751,-0.0046,0.01009,0.01356,66.292,72.098,67.837,42.543,62.413,69.293,41.237,,69.461,,,72.74,72.822,64.378,75.155,51.091,49.173,1.289,1.2214,1.2255,1.2386,1.0536,1.1311,1.0717,1.0905,1.2057,0.7602
B156,B156_GMS_3_1,2,triangulated,3,81,308.82,106,0.3,1020.0,smooth_all,117.234,117.234,122.789,122.789,11.494,11.494,12.038,12.038,40.975,44.9,-0.17838,-0.08646,0.04312,0.03593,0.00784,-0.03814,-0.00689,-0.01209,-0.07039,-0.02118,117.703,138.482,96.083,52.188,108.712,142.94,91.323,,137.046,,,106.202,132.471,140.87,137.389,104.193,135.674,1.2972,1.2085,1.2382,1.1968,1.0981,1.122,1.0874,0.9906,1.2888,0.8146
B156,B156_GMS_3_2,3,triangulated,3,53,226.13,187,0.3,1020.0,smooth_all,120.147,113.185,124.544,117.069,11.779,11.097,12.21,11.477,40.477,67.345,-0.20827,-0.0023,0.01303,0.02741,0.00605,-0.01691,-0.01871,-0.01165,-0.01458,0.00424,117.915,123.333,84.313,41.273,123.048,98.147,60.473,,167.403,,,189.475,191.225,199.69,118.199,91.245,76.318,1.3045,1.2827,1.3367,1.263,0.9795,1.0445,1.0418,1.0432,1.2491,0.8098
B156,B156_GMS_3_2,1,triangulated,3,146,269.91,187,0.3,1020.0,smooth_all,106.722,106.722,111.161,111.161,10.463,10.463,10.898,10.898,37.623,51.458,-0.06774,-0.01393,0.026,0.05216,0.02258,-0.03158,-0.01509,-0.009,0.01619,0.01388,118.005,119.269,86.772,64.191,118.712,90.028,73.743,,134.858,,,137.973,152.076,139.027,134.55,98.592,73.095,1.3075,1.2253,1.326,1.2497,0.9752,1.0096,1.0194,1.0036,1.1512,0.7482
B156,B156_GMS_3_2,2,triangulated,3,136,308.17,187,0.3,1020.0,smooth_all,153.185,153.185,156.365,156.365,15.018,15.018,15.33,15.33,47.771,55.441,-0.24325,-0.07094,0.03073,0.05841,-0.00315,-0.03935,-0.00855,-0.01305,-0.05329,-0.01354,141.614,169.777,161.192,71.403,127.917,163.38,85.609,,183.539,,,143.44,163.324,170.275,192.456,159.63,225.098,1.3284,1.214,1.2994,1.2034,0.9938,1.0218,1.0247,0.9689,1.2585,0.8018
B156,B156_GMS_3_3,3,triangulated,3,119,227.04,199,0.3,1020.0,smooth_all,132.372,131.601,135.586,135.696,12.978,12.902,13.293,13.304,34.246,58.889,-0.18922,-0.0434,0.02236,0.04375,0.01282,-0.02079,-0.01466,-0.01076,-0.02748,-0.00069,141.122,142.145,100.989,32.479,146.553,113.085,45.677,,195.112,,,207.291,171.517,168.936,156.219,123.343,105.265,1.2656,1.2917,1.2814,1.2169,0.9981,0.9819,0.9933,1.0104,1.2999,0.863
B156,B156_GMS_3_3,1,triangulated,3,124,270.29,199,0.3,1020.0,smooth_all,153.552,153.552,155.079,155.079,15.054,15.054,15.204,15.204,32.794,54.246,-0.10984,-0.00486,0.01059,0.01436,0.00208,-0.03921,-0.01681,-0.00466,-0.01469,0.0049,160.385,164.389,132.834,48.776,157.82,133.931,55.249,,218.652,,,205.98,174.123,152.237,207.193,170.456,168.322,1.2646,1.2919,1.249,1.2925,1.0291,1.0464,1.0087,0.9898,1.1888,0.7599
B156,B156_GMS_3_3,2,triangulated,3,118,308.08,199,0.3,1020.0,smooth_all,122.505,122.591,125.399,125.474,12.01,12.019,12.294,12.301,41.689,51.405,-0.21614,-0.06786,0.03164,0.05619,-0.00265,-0.02963,-0.00574,-0.01346,-0.08386,-0.0237,122.926,138.111,94.902,34.239,119.845,123.535,71.534,,156.354,,,119.387,123.935,125.634,166.905,137.823,182.538,1.275,1.2399,1.2629,1.2429,1.0621,1.0092,1.0261,0.9734,1.3014,0.8061
B156,B156_GMS_3_4,3,triangulated,3,69,226.85,145,0.3,1020.0,smooth_all,95.964,93.197,97.002,93.948,9.408,9.137,9.51,9.211,38.248,64.352,-0.15799,-0.01322,0.02428,0.03794,0.00648,-0.01393,-0.01149,-0.01444,-0.03262,-0.00027,95.219,97.17,39.62,49.438,102.736,64.185,71.752,,133.787,,,151.491,138.205,166.879,95.587,73.379,64.053,1.2951,1.2494,1.2678,1.2572,1.0423,0.9892,1.0269,1.0805,1.2362,0.8064
B156,B156_GMS_3_4,1,triangulated,3,126,269.16,145,0.3,1020.0,smooth_all,101.367,101.367,101.364,101.364,9.938,9.938,9.938,9.938,34.028,55.368,-0.05481,0.00866,0.02869,0.04273,0.01449,-0.03284,-0.02158,-0.00964,0.01384,0.01633,105.545,106.305,76.911,24.628,106.7,74.392,49.209,,164.782,,,165.605,131.934,118.509,143.219,88.424,78.033,1.2926,1.2272,1.2627,1.2938,1.0096,1.029,1.0195,1.0501,1.1726,0.772
B156,B156_GMS_3_4,2,triangulated,3,116,306.14,145,0.3,1020.0,smooth_all,126.927,126.927,126.992,126.992,12.444,12.444,12.45,12.45,43.755,55.203,-0.23001,-0.01182,0.07884,0.11976,0.02229,-0.02686,-0.05479,-0.01005,0.05427,0.01392,117.379,141.81,194.541,88.098,106.15,120.979,39.409,,157.039,,,125.69,108.479,101.596,161.656,125.815,175.882,1.3242,1.1686,1.2824,1.182,1.0895,1.0027,1.0289,0.9852,1.2784,0.8124
B156,B156_GMS_3_5,3,triangulated,3,62,225.3,143,0.3,1020.0,smooth_all,90.547,87.855,89.897,86.701,8.877,8.613,8.813,8.5,40.477,56.874,-0.22838,-0.01245,0.04316,0.07624,0.02762,-0.0206,-0.04137,-0.01695,0.02593,0.01654,88.671,97.667,86.021,54.279,94.302,75.066,63.514,,108.923,,,129.393,133.432,142.924,78.396,58.399,52.819,1.3448,1.2857,1.3621,1.247,1.0465,1.0218,0.984,1.0532,1.3472,0.8131
B156,B156_GMS_3_5,1,triangulated,3,98,269.49,143,0.3,1020.0,smooth_all,143.969,143.969,147.843,147.843,14.115,14.115,14.494,14.494,38.038,56.275,-0.16792,0.01045,0.05749,0.10732,0.01562,-0.02187,-0.04494,-0.0142,0.04959,0.01789,156.951,162.342,151.983,60.618,152.141,127.947,41.298,,203.036,,,199.649,164.28,151.612,182.494,142.625,132.793,1.3668,1.2034,1.2656,1.2876,1.032,1.0096,0.9827,1.0216,1.1975,0.7551
B156,B156_GMS_3_5,2,triangulated,3,84,308.12,143,0.3,1020.0,smooth_all,121.273,121.792,122.298,122.862,11.89,11.94,11.99,12.045,47.711,53.654,-0.24659,-0.06438,0.03946,0.06515,-0.00252,-0.03207,-0.01846,-0.01274,-0.0578,-0.01396,123.032,135.9,99.498,70.31,125.974,121.41,80.382,,138.562,,,118.557,125.127,131.206,144.286,126.81,163.227,1.3839,1.2162,1.319,1.2683,1.0515,1.0266,1.0025,0.979,1.3216,0.8051
B156,B156_GMS_4_1,3,triangulated,3,57,224.88,143,0.3,1020.0,smooth_all,65.425,64.932,62.825,62.739,6.414,6.366,6.159,6.151,39.076,46.232,-0.24306,-0.01802,-0.00773,0.04052,-0.00181,-0.0086,-0.00863,-0.00485,-0.06646,-0.00676,64.135,76.879,61.344,47.313,66.754,71.215,63.478,,55.687,,,53.794,58.401,96.048,60.343,161.68,65.104,1.2605,1.2185,1.22,1.145,1.0879,0.9584,1.1107,1.0955,1.346,0.8422
B156,B156_GMS_4_1,1,triangulated,3,141,270.14,143,0.3,1020.0,smooth_all,157.862,157.862,159.015,159.015,15.477,15.477,15.59,15.59,40.545,45.472,-0.17709,-0.00718,0.01054,0.02578,0.00228,-0.02144,-0.02884,-0.00428,-0.00588,0.00069,139.68,154.588,139.948,173.652,126.551,140.405,157.804,,157.943,,,134.722,94.929,123.877,185.175,226.488,257.727,1.2863,1.2041,1.2265,1.1924,1.1054,0.9787,1.1089,0.9313,1.2589,0.8476
B156,B156_GMS_4_1,2,triangulated,3,92,309.66,143,0.3,1020.0,smooth_all,109.874,111.054,113.255,114.483,10.772,10.888,11.103,11.224,47.088,56.644,-0.28103,-0.06984,0.02043,0.05275,0.01996,-0.03639,0.00208,-0.01091,-0.09227,-0.02572,116.435,126.592,108.186,64.369,116.454,120.596,75.76,,123.973,,,95.106,143.825,129.676,130.258,71.485,122.399,1.2558,1.1969,1.2036,1.1583,1.1233,0.9618,1.1025,0.9432,1.3483,0.8208
B156,B156_GMS_4_2,3,triangulated,3,58,224.23,140,0.3,1020.0,smooth_all,110.068,110.068,115.084,115.084,10.791,10.791,11.283,11.283,38.182,52.376,-0.2062,0.00149,0.07395,0.11204,0.02957,-0.01143,-0.05332,-0.01381,0.0565,0.01919,116.223,124.907,100.698,51.577,114.196,115.929,56.618,,139.81,,,149.98,135.354,133.861,114.065,100.952,80.871,1.2818,1.23,1.3331,1.1544,1.0443,1.0156,1.0122,1.0577,1.3141,0.7984
B156,B156_GMS_4_2,1,triangulated,3,136,269.6,140,0.3,1020.0,smooth_all,118.738,118.738,122.52,122.52,11.641,11.641,12.012,12.012,34.014,41.012,-0.13894,-0.00545,-0.00996,-0.0063,-0.00901,-0.02271,-0.00069,-0.00113,-0.04983,-0.00999,122.176,126.941,92.016,99.711,119.432,87.773,92.935,,146.506,,,139.682,110.776,118.302,142.175,121.509,139.373,1.2266,1.1682,1.2285,1.1388,1.1212,0.9974,1.0995,0.9671,1.2072,0.8128
B156,B156_GMS_4_2,2,triangulated,3,105,309.25,140,0.3,1020.0,smooth_all,114.917,115.156,118.291,118.848,11.266,11.29,11.597,11.652,42.741,53.815,-0.23675,-0.06075,0.02052,0.04614,0.02028,-0.03542,8e-05,-0.00536,-0.0896,-0.02281,115.651,128.741,96.074,36.634,113.502,98.65,62.692,,138.456,,,116.108,150.119,115.953,143.127,123.835,175.423,1.2995,1.1919,1.2687,1.2332,1.0968,1.0277,1.0309,0.9551,1.3107,0.8199
B197,B197_GMS_1_2,3,triangulated,3,125,220.95,153,0.3,1020.0,smooth_all,65.622,65.549,68.819,68.729,6.434,6.426,6.747,6.738,38.47,42.177,-0.40829,0.01333,-0.04352,-0.02357,-0.00139,-0.02157,0.0028,0.0016,-0.06611,-0.00996,74.471,77.466,62.66,43.708,83.897,49.27,47.583,,71.395,,,57.856,60.359,114.783,68.317,52.787,54.155,1.3082,0.9993,1.2639,1.1226,1.0782,1.0219,1.066,1.171,1.369,0.8533
B197,B197_GMS_1_2,1,triangulated,3,153,269.17,153,0.3,1020.0,smooth_all,104.3,104.3,110.663,110.663,10.226,10.226,10.849,10.849,36.959,53.705,-0.19078,-0.0092,-0.00039,0.01265,0.01273,-0.03751,-0.00109,-0.00068,-0.03396,0.01304,115.763,115.254,73.045,62.095,121.384,60.398,62.559,,111.047,,,120.062,149.659,123.564,125.852,118.915,111.853,1.2875,0.9951,1.1991,1.1038,1.0917,1.0707,1.0572,1.1432,1.2579,0.8336
B197,B197_GMS_1_2,2,triangulated,3,153,315.67,153,0.3,1020.0,smooth_all,66.687,66.687,68.336,68.336,6.538,6.538,6.7,6.7,37.381,50.123,-0.34257,-0.04371,-0.00723,-0.00505,0.00082,-0.03924,-0.0125,-0.00273,-0.0698,-0.00894,45.867,62.421,60.331,62.397,54.206,43.761,45.029,,77.83,,,74.118,91.157,91.864,71.097,73.264,78.323,1.2676,0.979,1.2056,1.1052,1.1236,1.0811,1.0776,1.0673,1.3757,0.8584
B197,B197_GMS_1_4,3,triangulated,3,103,221.58,128,0.3,1020.0,smooth_all,65.606,64.069,67.218,65.64,6.432,6.281,6.59,6.435,37.217,41.38,-0.42162,0.01183,-0.02045,0.01206,0.01271,-0.02304,-0.01015,0.00281,-0.03026,0.00464,78.63,76.054,53.667,35.308,89.005,49.691,52.271,,67.242,,,58.996,78.956,89.865,78.977,49.007,62.155,1.3151,0.9952,1.2602,1.0319,1.1077,1.0383,1.0582,1.255,1.3359,0.8709
B197,B197_GMS_1_4,1,triangulated,3,128,269.71,128,0.3,1020.0,smooth_all,119.49,119.49,120.635,120.635,11.715,11.715,11.827,11.827,33.298,51.489,-0.34928,0.01327,-0.0373,0.00966,0.023,-0.03345,-0.00376,-0.00361,-0.03025,0.01674,138.971,138.224,101.687,40.511,143.37,70.687,50.928,,143.745,,,149.185,155.862,141.424,159.158,143.183,112.226,1.2261,0.979,1.1492,1.0422,1.1334,1.0492,1.015,1.2221,1.3,0.8396
B197,B197_GMS_1_4,2,triangulated,3,128,316.09,128,0.3,1020.0,smooth_all,61.736,61.736,62.048,62.048,6.053,6.053,6.083,6.083,36.911,43.136,-0.34228,-0.02275,0.0026,-0.00468,0.00923,-0.03218,-0.02824,-0.0044,-0.04633,-0.00872,48.64,61.654,107.707,87.172,51.321,39.087,38.474,,66.83,,,61.869,61.208,57.285,61.85,55.396,63.167,1.1807,0.9589,1.088,1.0739,1.0931,1.1461,1.0161,1.1897,1.325,0.8797
B197,B197_GMS_1_5,3,triangulated,3,123,223.18,123,0.3,1020.0,smooth_all,73.899,73.899,78.845,78.845,7.245,7.245,7.73,7.73,36.98,46.637,-0.25048,-0.03193,0.05567,0.04767,0.03094,-0.03072,-0.02648,-0.00897,0.00541,0.00817,81.225,93.57,53.827,39.204,84.828,51.268,64.234,,94.438,,,93.38,71.611,92.847,67.106,66.323,81.619,1.2332,1.1195,1.2461,1.0056,1.1401,1.1206,1.0751,1.1251,1.4592,0.856
B197,B197_GMS_1_5,1,triangulated,3,123,271.11,123,0.3,1020.0,smooth_all,90.081,90.081,94.238,94.238,8.831,8.831,9.239,9.239,33.308,44.425,-0.16505,0.01514,-0.03111,0.02343,0.00596,-0.04272,0.03232,-0.00213,-0.06232,0.01754,104.138,120.114,79.682,91.516,92.999,55.173,45.51,,88.533,,,90.82,89.539,74.368,109.677,122.268,100.654,1.2327,1.086,1.3036,0.9827,1.0532,1.1548,1.0219,1.0515,1.3064,0.8548
B197,B197_GMS_1_5,2,triangulated,3,123,317.2,123,0.3,1020.0,smooth_all,78.542,78.542,81.547,81.547,7.7,7.7,7.995,7.995,43.814,45.759,-0.30141,-0.01424,-0.02739,-0.01138,-0.0037,-0.03925,0.02745,-0.00674,-0.10754,-0.01533,73.025,75.849,42.421,35.808,86.248,80.518,53.625,,73.922,,,55.126,100.355,100.591,68.288,71.767,181.703,1.2858,1.0713,1.3511,0.968,1.1456,1.1952,1.1083,1.0797,1.434,0.8692
B197,B197_GMS_1_7,3,triangulated,3,2,222.97,141,0.3,1020.0,smooth_all,112.656,99.441,113.001,99.735,11.045,9.749,11.079,9.778,49.97,53.569,-0.51596,0.0026,-0.02546,-0.00897,0.00548,-0.03065,-0.00114,-0.00438,-0.00999,0.00679,118.635,147.217,105.22,38.037,91.696,58.131,99.399,,118.651,,,120.045,131.292,252.6,86.773,102.156,107.336,1.0928,1.1153,1.302,0.9341,1.2672,1.2653,1.0338,1.0813,1.3857,0.881
B197,B197_GMS_1_7,1,triangulated,3,141,269.95,141,0.3,1020.0,smooth_all,93.039,93.039,94.355,94.355,9.121,9.121,9.25,9.25,35.277,40.226,-0.28213,-0.021,0.02687,0.0435,0.03938,-0.03819,-0.01073,-0.00193,0.02221,0.01651,85.079,55.288,92.306,137.372,120.503,97.581,97.781,,86.87,,,116.172,,,99.815,73.721,53.979,1.1699,1.1464,1.3661,1.0228,,,1.0043,1.0104,1.2778,0.8431
B197,B197_GMS_1_7,2,triangulated,3,141,315.04,141,0.3,1020.0,smooth_all,nan,nan,nan,nan,nan,nan,nan,nan,nan,nan,-0.13885,0.04263,-0.00944,0.04406,0.01619,-0.04491,0.02147,0.00161,-0.02659,0.01804,,,,,,,,,,,,,,,,,,,,,,,,,,,
B197,B197_GMS_2_1,3,triangulated,3,3,222.78,148,0.3,1020.0,smooth_all,85.284,79.162,95.784,89.373,8.361,7.761,9.391,8.762,41.918,48.922,-0.67884,0.03195,-0.0798,-0.05307,-0.01563,-0.02945,-0.02089,0.00998,-0.06225,-0.01316,86.594,75.712,76.53,60.966,105.966,56.04,82.32,,88.824,,,68.487,117.257,128.637,109.627,85.091,51.921,1.2034,0.9078,1.166,1.1195,1.0379,1.0836,1.1674,1.1679,1.3247,0.8475
B197,B197_GMS_2_1,1,triangulated,3,148,268.95,148,0.3,1020.0,smooth_all,174.067,174.067,171.836,171.836,17.065,17.065,16.847,16.847,40.513,57.176,-0.353,0.08495,-0.06654,0.01164,0.02354,-0.02043,-0.00718,0.00289,0.00891,0.01907,211.348,202.866,177.49,74.107,223.004,103.103,75.87,,238.127,,,240.212,,,244.017,158.529,140.125,1.171,0.9844,1.1497,1.0801,,,1.1314,1.1942,1.3602,0.829
B197,B197_GMS_2_1,2,triangulated,3,148,313.12,148,0.3,1020.0,smooth_all,69.495,69.495,69.727,69.727,6.813,6.813,6.836,6.836,32.014,60.532,-0.3368,0.04926,0.03145,0.07334,0.0244,-0.02958,-0.05849,-0.00183,0.05671,0.02257,39.86,51.125,26.225,129.151,52.32,86.44,75.515,,83.407,,,113.652,129.571,92.465,70.91,79.58,23.82,1.1175,0.9413,1.087,1.1172,1.1263,1.1026,1.1294,1.0728,1.4146,0.8595
B197,B197_GMS_3_2,3,triangulated,3,2,221.48,125,0.3,1020.0,smooth_all,127.724,97.733,124.602,94.174,12.522,9.582,12.216,9.233,45.783,72.886,-0.35456,0.03451,0.08854,0.11093,0.03397,-0.00415,-0.06027,-0.01794,0.08894,0.00334,109.043,121.412,85.878,51.838,107.496,78.941,63.425,,130.619,,,139.805,236.047,339.034,90.325,66.378,143.81,1.2257,1.1265,1.2044,1.0959,1.0852,1.1064,0.9592,1.2468,1.4366,0.8913
B197,B197_GMS_3_2,1,triangulated,3,125,267.95,125,0.3,1020.0,smooth_all,nan,nan,nan,nan,nan,nan,nan,nan,nan,nan,-0.16632,0.03305,0.06221,0.0688,0.03637,-0.02298,-0.04402,-0.00972,0.07131,0.0296,,,,,,,,,,,,,,,,,,,,,,,,,,,
B197,B197_GMS_3_2,2,triangulated,3,35,312.45,125,0.3,1020.0,smooth_all,90.64,76.457,92.078,78.219,8.886,7.496,9.027,7.669,45.124,56.483,-0.33982,0.0168,0.01505,0.02128,-7e-05,-0.03395,-0.0122,-0.00506,-0.00857,-0.00583,83.688,90.597,58.977,47.113,92.759,71.962,55.547,,89.569,,,74.946,,,92.268,133.589,196.66,1.2213,1.1173,1.2214,1.1424,,,1.0613,1.1317,1.4831,0.8804
B197,B197_GMS_3_3,1,triangulated,2,120,268.04,127,0.3,1020.0,smooth_all,nan,nan,nan,nan,nan,nan,nan,nan,nan,nan,-0.1854,0.04289,0.0474,0.05182,0.01814,-0.02162,-0.05443,-0.01265,0.08279,0.03245,,,,,,,,,,,,,,,,,,,,,,,,,,,
B197,B197_GMS_3_3,2,triangulated,2,3,312.73,127,0.3,1020.0,smooth_all,113.528,89.577,114.101,90.098,11.13,8.782,11.186,8.833,59.426,72.775,-0.29623,-0.00509,0.06575,0.0923,0.00933,-0.02696,-0.03078,-0.01522,0.01106,-0.0027,92.919,102.847,71.588,49.304,104.202,109.161,75.276,,103.547,,,84.131,,,102.793,201.79,264.779,1.2268,1.1193,1.1962,1.1702,,,1.0519,1.2138,1.4429,0.8601
B197,B197_GMS_3_4,3,triangulated,3,36,221.98,151,0.3,1020.0,smooth_all,88.053,82.253,89.463,83.567,8.633,8.064,8.771,8.193,34.826,45.951,-0.23805,0.03545,0.07417,0.12122,0.03519,-0.00684,-0.05197,-0.01267,0.07579,0.02344,92.13,105.797,77.078,49.048,85.134,51.741,40.865,,117.46,,,123.865,114.501,170.698,75.088,60.152,51.591,1.2764,1.1119,1.2743,1.0854,1.1133,1.0791,1.088,1.1444,1.3269,0.8276
B197,B197_GMS_3_4,1,triangulated,3,151,267.92,151,0.3,1020.0,smooth_all,127.207,127.207,126.283,126.283,12.471,12.471,12.381,12.381,27.885,34.773,-0.14504,0.04588,0.03627,0.05747,0.0164,-0.0226,-0.03867,-0.00981,0.04957,0.02555,145.527,122.46,100.268,120.654,170.692,123.365,163.564,,116.568,,,131.439,151.798,124.784,128.738,110.843,70.195,1.2615,1.1056,1.2471,1.1424,1.0792,1.0821,0.9801,1.0724,1.279,0.8142
B197,B197_GMS_3_4,2,triangulated,3,35,311.78,151,0.3,1020.0,smooth_all,82.407,65.976,85.04,68.298,8.079,6.468,8.337,6.696,46.044,61.547,-0.27462,-0.01502,0.07239,0.11148,0.02153,-0.02581,-0.05304,-0.01021,0.03315,0.01537,70.848,91.644,47.219,32.827,77.816,59.209,40.414,,78.341,,,51.407,59.882,53.043,83.811,132.675,233.036,1.2442,1.1089,1.1966,1.1765,1.1045,1.0911,1.0267,1.1771,1.3772,0.8644
B197,B197_GMS_4_4,3,triangulated,3,125,222.3,142,0.3,1020.0,smooth_all,65.719,66.062,63.182,63.481,6.443,6.477,6.194,6.224,40.794,43.421,-0.20344,0.09257,0.02613,0.08205,0.02875,-0.01036,-0.04011,-0.0039,0.06447,0.01749,65.973,81.611,86.061,83.775,58.467,45.31,58.672,,54.315,,,52.976,78.305,67.63,48.899,77.639,60.611,1.124,1.158,1.1911,1.0595,1.0342,0.934,1.0075,0.9626,1.3544,0.8936
B197,B197_GMS_4_4,1,triangulated,3,142,269.35,142,0.3,1020.0,smooth_all,162.261,161.987,163.21,162.94,15.908,15.881,16.001,15.974,39.088,60.238,-0.12641,0.04805,-0.03404,-0.0468,-0.01243,-0.0287,0.00419,0.00686,-0.03952,-0.00544,150.657,132.729,90.614,92.094,171.035,104.34,107.115,,206.248,,,215.11,247.562,247.499,191.391,167.369,169.238,1.1432,1.1339,1.1551,1.1283,1.1018,1.0145,0.9484,1.1661,1.2722,0.8477
B197,B197_GMS_4_4,2,triangulated,3,142,314.51,142,0.3,1020.0,smooth_all,60.419,60.509,62.661,62.683,5.923,5.932,6.143,6.145,48.616,54.56,-0.27054,0.02188,-0.00683,0.03851,0.01317,-0.02753,-0.01251,-0.00163,-0.00709,-0.00507,44.746,58.107,29.081,34.307,56.825,48.013,38.352,,36.066,,,44.698,77.777,64.502,38.919,145.989,145.806,1.1652,1.1064,1.164,1.1436,1.039,1.1068,0.9448,1.0086,1.4641,0.8782
B199,B199_GMS_1_2,3,triangulated,3,150,216.04,197,0.3,1020.0,smooth_all,84.325,82.875,88.219,86.769,8.267,8.125,8.649,8.507,34.847,47.381,-0.17958,0.00608,0.03797,0.04955,0.0268,-0.01328,-0.0204,-0.00826,0.00676,0.00361,89.409,96.053,46.639,75.639,87.82,58.681,66.393,,106.583,,,106.781,91.538,105.048,86.19,87.47,76.309,1.2249,1.2869,1.2294,1.2003,1.0505,1.1046,1.1337,1.0841,1.3273,0.8315
B199,B199_GMS_1_2,1,triangulated,3,197,261.65,197,0.3,1020.0,smooth_all,98.048,98.048,104.215,104.215,9.613,9.613,10.217,10.217,33.792,56.34,-0.11389,-0.00477,0.02986,0.03028,0.029,-0.03039,-0.01258,-0.00594,-0.00979,0.01995,92.251,97.047,72.016,103.442,96.012,68.288,64.66,,133.744,,,141.031,133.819,132.898,111.223,79.438,68.443,1.1868,1.2648,1.2136,1.2139,1.03,1.1356,1.0851,1.0016,1.2605,0.8172
B199,B199_GMS_1_2,2,triangulated,3,197,318.94,197,0.3,1020.0,smooth_all,143.406,143.406,149.364,149.364,14.059,14.059,14.644,14.644,39.453,59.276,-0.21048,-0.0136,0.04176,0.02944,0.01551,-0.03523,-0.02437,-0.00788,-0.00219,0.0059,150.906,159.545,104.611,50.017,149.551,118.296,82.761,,203.364,,,172.842,124.313,122.51,201.522,163.195,188.655,1.2025,1.2133,1.2013,1.218,1.0745,1.1932,1.1381,0.9916,1.3497,0.7869
B199,B199_GMS_1_3,3,triangulated,3,99,217.21,118,0.3,1020.0,smooth_all,93.216,91.896,94.015,92.683,9.139,9.009,9.217,9.087,40.659,60.103,-0.18047,-0.02252,-0.00343,0.00036,0.01401,-0.01986,0.00568,-0.00626,-0.05838,-0.01105,87.409,94.202,78.736,139.533,90.826,57.028,80.864,,99.076,,,104.426,106.24,108.148,81.247,84.031,91.121,1.2256,1.3414,1.252,1.2614,1.1012,1.0818,1.1926,1.1452,1.3686,0.7786
B199,B199_GMS_1_3,1,triangulated,3,118,263.86,118,0.3,1020.0,smooth_all,190.518,190.518,189.541,189.541,18.678,18.678,18.582,18.582,31.688,61.805,-0.10448,-0.02511,0.04453,0.03691,0.02615,-0.03056,-0.02716,-0.0111,0.00876,0.02274,190.101,196.968,154.274,48.442,184.469,160.388,58.528,,282.744,,,273.807,249.539,249.144,253.665,179.425,185.759,1.1917,1.2932,1.1207,1.3214,1.0544,0.9687,1.1129,0.9928,1.199,0.784
B199,B199_GMS_1_3,2,triangulated,3,106,320.79,118,0.3,1020.0,smooth_all,177.747,176.415,178.288,177.231,17.426,17.296,17.479,17.376,47.874,66.422,-0.20531,-0.0332,0.03614,0.02551,0.00546,-0.0328,-0.00715,-0.00846,-0.04376,-0.00522,180.385,197.906,170.217,115.091,173.452,135.243,95.272,,218.562,,,183.906,184.941,180.908,225.023,198.054,232.017,1.2368,1.2529,1.1971,1.3019,1.1189,1.1326,1.1597,1.043,1.4174,0.799
B199,B199_GMS_2_1,3,triangulated,3,76,213.47,135,0.3,1020.0,smooth_all,127.523,126.597,137.389,136.915,12.502,12.411,13.47,13.423,40.423,58.277,-0.30464,0.0269,0.08281,0.1283,0.01579,-0.01223,-0.03755,-0.01389,0.04996,0.0195,137.932,144.796,81.416,79.95,140.733,81.806,86.793,,156.727,,,171.538,133.578,136.604,132.95,151.54,152.478,1.2114,1.1868,1.213,1.2087,1.0762,1.1135,1.1411,1.1296,1.2754,0.8228
B199,B199_GMS_2_1,1,triangulated,3,135,261.46,135,0.3,1020.0,smooth_all,120.429,120.429,121.144,121.144,11.807,11.807,11.877,11.877,45.021,55.374,-0.29138,0.00034,0.02146,0.04109,0.00575,-0.0161,-0.01974,-0.01082,-0.01543,0.01306,118.726,115.309,121.968,156.146,130.627,95.426,132.904,,101.475,,,97.157,201.157,169.288,125.851,114.505,117.423,1.2333,1.2509,1.271,1.2113,1.0652,0.9545,1.1059,1.1536,1.2754,0.8359
B199,B199_GMS_2_1,2,triangulated,3,135,322.12,135,0.3,1020.0,smooth_all,122.159,121.977,129.065,128.899,11.976,11.959,12.653,12.637,49.903,55.935,-0.23838,-0.07214,-0.00258,-0.01124,-0.00356,-0.03681,0.00899,-0.01361,-0.07973,-0.01751,128.915,124.671,115.429,65.859,140.295,105.172,71.794,,143.442,,,120.554,162.132,170.37,147.353,77.453,154.129,1.1035,1.2588,1.1787,1.2205,1.1112,1.2183,1.1202,0.9273,1.32,0.8286
B199,B199_GMS_2_2,3,triangulated,3,114,217.22,124,0.3,1020.0,smooth_all,92.702,92.702,92.587,92.587,9.088,9.088,9.077,9.077,34.963,49.671,-0.139,0.00576,0.03485,0.03606,0.0216,-0.01643,-0.01166,-0.0062,-0.01197,-0.00269,92.464,104.779,49.199,51.602,89.149,76.632,65.09,,124.158,,,133.937,109.25,148.612,93.329,95.491,66.878,1.1404,1.2108,1.1788,1.24,1.1223,1.1335,1.1239,1.0601,1.3503,0.8169
B199,B199_GMS_2_2,1,triangulated,3,124,262.28,124,0.3,1020.0,smooth_all,173.247,173.247,170.997,170.997,16.985,16.985,16.764,16.764,43.902,52.156,-0.11603,0.01,0.05405,0.06122,0.01724,-0.02595,-0.04259,-0.01189,0.0533,0.03362,162.155,162.58,203.559,154.308,172.992,188.337,154.712,,213.853,,,201.476,147.322,184.128,203.206,138.566,133.932,1.1472,1.2544,1.1407,1.2426,1.0561,1.1365,1.0663,0.9892,1.1733,0.808
B199,B199_GMS_2_2,2,triangulated,3,124,318.34,124,0.3,1020.0,smooth_all,173.715,173.715,174.389,174.389,17.031,17.031,17.097,17.097,41.165,51.943,-0.2118,-0.01355,0.04224,0.04412,0.01636,-0.02303,-0.02665,-0.00782,-0.00707,-0.00767,178.687,196.681,164.781,97.56,170.765,153.8,76.224,,210.141,,,176.669,195.192,206.679,214.738,180.988,209.108,1.1196,1.2254,1.0954,1.2697,1.1316,1.2288,1.0989,1.0314,1.3663,0.8134
B199,B199_GMS_2_3,3,triangulated,3,96,217.24,96,0.3,1020.0,smooth_all,63.68,63.68,75.916,75.916,6.243,6.243,7.443,7.443,36.541,40.824,-0.30011,-0.02844,0.0356,0.04916,0.01943,-0.01852,-0.01657,-0.01503,-0.01589,0.00613,60.043,63.958,61.701,85.677,65.475,45.285,61.887,,57.225,,,51.676,81.583,82.169,61.675,50.465,61.19,1.1838,1.2702,1.207,1.1946,1.1258,1.0143,1.1593,1.1591,1.3341,0.824
B199,B199_GMS_2_3,1,triangulated,3,96,262.83,96,0.3,1020.0,smooth_all,74.275,74.275,85.052,85.052,7.282,7.282,8.338,8.338,35.418,45.428,-0.18021,-0.04011,0.01038,-0.01941,0.02426,-0.03762,0.01452,-0.00856,-0.05512,-0.00141,73.645,87.053,44.107,47.378,69.001,52.368,59.35,,80.827,,,88.456,85.104,88.587,82.341,100.349,99.005,1.212,1.1661,1.208,1.2147,1.0908,1.0301,1.1134,1.0195,1.2979,0.821
B199,B199_GMS_2_3,2,triangulated,3,81,319.19,96,0.3,1020.0,smooth_all,109.333,108.311,116.774,115.792,10.719,10.619,11.448,11.352,43.8,49.48,-0.30245,-0.0849,-0.02378,-0.0536,-0.01247,-0.04164,0.03593,-0.01328,-0.15907,-0.03578,117.5,114.568,116.052,75.334,128.853,83.504,60.088,,130.714,,,103.599,130.275,96.498,133.667,102.985,137.613,1.2104,1.1563,1.2454,1.235,1.1562,1.1253,1.1369,1.0152,1.3185,0.8147
B199,B199_GMS_2_4,1,triangulated,2,203,262.38,203,0.3,1020.0,smooth_all,171.859,171.859,172.745,172.745,16.849,16.849,16.936,16.936,43.477,89.05,-0.2086,0.02277,0.07014,0.10994,0.04469,-0.01797,-0.05252,-0.00446,0.06183,0.02221,202.168,194.524,107.606,86.961,216.427,129.507,81.619,,263.065,,,283.156,,,212.346,157.849,127.077,1.2448,1.1976,1.2765,1.2557,,,1.0983,1.1115,1.2968,0.8572
B199,B199_GMS_2_4,2,triangulated,2,203,319.41,203,0.3,1020.0,smooth_all,203.064,203.064,201.988,201.988,19.908,19.908,19.803,19.803,38.274,64.498,-0.013,-0.00157,0.02759,-0.03878,0.02421,-0.03243,0.00178,0.00247,-0.02311,0.01335,240.303,248.511,173.718,89.845,234.356,169.357,62.086,,275.422,,,254.689,,,265.176,215.444,207.859,1.2239,1.1767,1.2452,1.235,,,1.073,1.0427,1.2916,0.7747
B199,B199_GMS_3_1,3,triangulated,3,94,214.64,114,0.3,1020.0,smooth_all,104.902,103.99,111.189,110.105,10.285,10.195,10.901,10.795,33.987,47.786,-0.1562,0.02065,0.08259,0.12847,0.03318,0.00399,-0.02847,-0.01862,0.05127,0.01556,118.031,127.554,64.453,45.013,113.155,73.02,62.641,,134.914,,,140.034,106.353,130.751,108.923,133.58,144.912,1.241,1.2311,1.2674,1.0909,1.037,1.182,1.1213,1.1518,1.3436,0.8546
B199,B199_GMS_3_1,1,triangulated,3,114,261.42,114,0.3,1020.0,smooth_all,62.297,62.297,69.623,69.623,6.108,6.108,6.826,6.826,35.668,44.604,-0.18059,-0.00671,0.06467,0.06305,0.0075,-0.02026,-0.0491,-0.01327,0.04308,0.02269,54.076,66.677,52.24,54.22,46.891,42.923,54.498,,69.047,,,78.814,81.504,95.283,53.504,56.326,75.315,1.1953,1.2301,1.1928,1.1957,1.038,1.1024,1.0232,1.0785,1.2085,0.8579
B199,B199_GMS_3_1,2,triangulated,3,113,320.48,114,0.3,1020.0,smooth_all,60.893,60.621,63.707,63.383,5.97,5.943,6.246,6.214,36.499,40.545,-0.18989,-0.06655,0.03487,0.00962,-0.01396,-0.03139,-0.01201,-0.01365,-0.0803,-0.02213,66.137,71.118,58.202,46.673,79.812,40.7,66.464,,61.133,,,54.56,51.427,100.003,54.08,39.469,65.137,1.2079,1.2411,1.1901,1.311,1.0262,1.219,1.0511,1.0898,1.4152,0.8513
B200,B200_GMS_1_5,3,triangulated,3,164,226.97,303,0.3,1020.0,smooth_all,81.162,73.494,86.164,78.158,7.957,7.205,8.447,7.663,46.622,60.599,-0.33912,-0.01256,0.04134,0.07479,0.02577,-0.01619,-0.02824,-0.00906,0.01576,0.0019,79.043,90.226,51.852,66.613,75.757,52.604,76.581,,78.319,,,90.745,100.259,165.506,59.497,72.083,74.295,1.3118,1.266,1.3394,1.1957,1.0807,1.1063,1.1068,1.125,1.2355,0.8113
B200,B200_GMS_1_5,1,triangulated,3,303,275.5,303,0.3,1020.0,smooth_all,228.918,228.918,225.422,225.422,22.443,22.443,22.1,22.1,42.67,73.058,-0.12586,-0.02093,0.03017,0.0055,0.02934,-0.03776,0.0037,-0.00573,-0.03881,0.00743,250.421,257.59,187.284,95.706,244.266,203.179,113.651,,326.423,,,319.777,257.83,253.504,295.12,219.037,201.863,1.3086,1.2686,1.336,1.1944,1.0189,1.1442,1.0516,1.1139,1.1656,0.7668
B200,B200_GMS_1_5,2,triangulated,3,297,323.13,303,0.3,1020.0,smooth_all,122.012,122.012,126.29,126.29,11.962,11.962,12.381,12.381,48.283,61.613,-0.29627,-0.04046,0.00673,-0.00267,0.00077,-0.04409,0.00142,-0.00443,-0.06091,-0.00357,135.696,146.351,87.43,46.125,134.703,92.367,70.192,,149.642,,,128.27,134.153,133.973,148.518,118.644,194.277,1.324,1.2344,1.3724,1.2484,1.0936,1.1763,1.0865,1.0631,1.2225,0.82
B200,B200_GMS_4_2,3,triangulated,3,51,226.45,144,0.3,1020.0,smooth_all,140.145,137.475,141.6,138.515,13.74,13.478,13.882,13.58,43.0,56.791,-0.31166,0.04539,0.0206,0.05664,0.04126,-0.01641,-0.0349,-0.00231,0.02725,-0.0013,154.254,165.697,115.744,84.163,146.591,104.376,95.479,,181.994,,,193.878,145.203,153.455,152.079,149.354,119.762,1.2321,1.3367,1.3664,1.2332,1.0287,1.1283,1.0548,1.1045,1.2363,0.8328
B200,B200_GMS_4_2,1,triangulated,3,144,275.69,144,0.3,1020.0,smooth_all,169.695,169.695,169.865,169.865,16.637,16.637,16.653,16.653,41.676,57.799,-0.23013,-0.01716,0.01836,0.01053,0.0266,-0.02591,-0.01121,-0.00434,-0.03844,-0.00083,202.615,211.784,157.857,87.02,192.081,146.981,114.885,,218.474,,,222.603,199.307,179.709,187.741,151.716,127.192,1.2409,1.3293,1.3727,1.196,1.0462,1.1166,1.0036,1.1724,1.1687,0.8139
B200,B200_GMS_4_2,2,triangulated,3,144,323.98,144,0.3,1020.0,smooth_all,68.814,68.814,125.947,125.947,6.746,6.746,12.348,12.348,40.45,51.793,-0.07243,-0.03758,0.00423,-0.09001,-0.0037,-0.03567,0.01875,0.00207,-0.10102,-0.0222,56.019,68.936,68.731,121.373,50.154,68.449,114.184,,31.986,,,50.097,,,41.495,80.918,73.427,1.3303,1.0973,1.4118,1.1946,,,0.9709,1.0249,1.249,0.8158
B200,B200_GMS_4_3,3,triangulated,3,158,226.86,214,0.3,1020.0,smooth_all,72.56,71.308,78.955,77.362,7.114,6.991,7.741,7.585,38.774,48.111,-0.30737,0.00996,0.00985,0.02906,0.02764,-0.0135,-0.0227,-0.00568,0.01296,-0.00835,77.119,87.065,50.321,64.503,76.264,50.329,63.506,,72.463,,,84.817,68.679,103.62,61.3,71.481,84.332,1.2372,1.3527,1.3513,1.1684,1.0378,1.1024,1.0731,1.0857,1.2149,0.8186
B200,B200_GMS_4_3,1,triangulated,3,214,276.21,214,0.3,1020.0,smooth_all,222.65,222.65,223.794,223.794,21.828,21.828,21.941,21.941,39.226,67.945,-0.24052,-0.02475,-0.01259,-0.00377,0.0107,-0.03217,0.01515,-0.00301,-0.06735,-0.00757,241.179,243.677,183.361,94.764,236.341,182.57,127.001,,307.308,,,304.234,274.081,252.632,282.707,220.895,192.36,1.2562,1.3564,1.3499,1.1944,0.9873,1.166,1.0693,1.1103,1.1586,0.762
B200,B200_GMS_4_3,2,triangulated,3,211,324.44,214,0.3,1020.0,smooth_all,114.511,114.511,111.09,111.09,11.227,11.227,10.891,10.891,37.765,56.475,-0.21291,-0.0087,-0.02368,-0.01914,0.00598,-0.04348,0.0273,0.00231,-0.09693,-0.0139,124.629,146.306,110.572,27.647,114.646,89.701,42.293,,166.22,,,125.235,104.28,95.72,178.362,123.222,153.184,1.3048,1.1998,1.3598,1.2359,1.0428,1.0872,1.0245,1.0125,1.2534,0.8495
B200,B200_GMS_4_4,3,triangulated,3,112,229.73,247,0.3,1020.0,smooth_all,132.0,130.48,132.163,130.089,12.941,12.792,12.957,12.754,42.088,54.368,-0.27448,0.04159,-0.02893,0.00577,0.01488,-0.00822,-0.02079,0.00687,-0.0134,-0.02361,157.649,169.772,112.734,68.884,147.678,105.777,85.934,,171.583,,,187.121,133.306,136.119,137.567,134.565,99.9,1.2448,1.3653,1.3249,1.3095,1.0124,1.091,1.0391,1.0949,1.2554,0.8254
B200,B200_GMS_4_4,1,triangulated,3,242,276.66,247,0.3,1020.0,smooth_all,211.665,211.665,214.789,214.789,20.751,20.751,21.058,21.058,41.254,64.591,-0.24501,-0.00712,-0.00312,0.00652,0.01295,-0.0251,0.00873,0.00052,-0.05477,-0.00335,233.643,248.189,200.574,120.11,229.79,189.482,124.168,,265.923,,,266.955,180.867,230.041,249.104,220.321,194.8,1.2314,1.3229,1.3136,1.2716,1.0368,1.1114,1.0154,1.0645,1.2237,0.8114
B200,B200_GMS_4_4,2,triangulated,3,247,322.4,247,0.3,1020.0,smooth_all,269.899,269.899,271.511,271.511,26.461,26.461,26.619,26.619,42.482,73.276,-0.19764,-0.00918,0.00482,-0.02172,-0.00338,-0.03794,0.00919,0.00026,-0.05613,-0.01162,306.748,327.269,251.964,125.738,288.521,227.862,111.621,,362.735,,,345.124,273.173,273.653,348.59,278.256,260.762,1.2867,1.2404,1.3635,1.3095,0.9552,1.0612,1.0125,1.0379,1.2418,0.8619
B200,B200_GMS_4_5,3,triangulated,3,93,227.35,148,0.3,1020.0,smooth_all,89.688,90.79,94.965,95.892,8.793,8.901,9.31,9.401,38.99,41.36,-0.30294,0.00021,-0.03955,0.00756,0.01381,-0.01727,-0.00333,0.0043,-0.03843,-0.02592,108.733,118.365,93.503,57.857,104.134,71.642,74.414,,98.381,,,107.373,72.356,79.531,76.983,99.736,109.399,1.2385,1.2685,1.3325,1.1573,1.1067,1.0983,1.1285,1.0671,1.2384,0.8398
B200,B200_GMS_4_5,1,triangulated,3,148,275.47,148,0.3,1020.0,smooth_all,136.904,136.904,122.119,122.119,13.422,13.422,11.972,11.972,46.291,60.003,-0.21152,-0.02047,-0.0096,-0.03666,0.01677,-0.0362,0.0214,0.00079,-0.07635,-0.01903,145.578,152.126,126.996,104.147,143.245,103.009,96.116,,151.467,,,148.393,132.549,156.067,159.741,149.554,155.33,1.2058,1.3074,1.3295,1.1756,1.1363,1.0592,1.1491,1.0243,1.1999,0.8121
B200,B200_GMS_4_5,2,triangulated,3,134,322.69,148,0.3,1020.0,smooth_all,117.124,119.434,106.465,108.37,11.483,11.709,10.438,10.625,40.101,49.505,-0.26835,-0.03433,-0.02134,-0.0228,-0.01417,-0.03127,0.0196,0.00133,-0.10262,-0.03613,119.896,123.308,85.092,90.352,129.204,87.086,80.419,,128.775,,,132.717,108.105,138.576,131.537,150.987,141.122,1.2847,1.2534,1.3917,1.149,1.0907,1.1395,1.1177,1.0016,1.2248,0.829
B213,B213_GMS_1_4,3,triangulated,3,94,230.33,166,0.3,1020.0,smooth_all,57.742,57.742,57.322,57.322,5.661,5.661,5.62,5.62,33.872,39.845,-0.27278,-0.01636,0.07313,0.09746,0.01662,-0.01144,-0.04106,-0.01209,0.01701,0.0084,62.661,77.637,38.295,55.957,59.997,45.328,69.367,,47.583,,,43.757,42.85,44.181,61.341,79.695,79.466,1.1876,1.1816,1.1977,1.1467,1.1228,1.0629,1.0771,1.1272,1.2734,0.772
B213,B213_GMS_1_4,1,triangulated,3,166,274.34,166,0.3,1020.0,smooth_all,58.245,58.25,62.642,62.641,5.71,5.711,6.141,6.141,33.973,39.915,-0.19486,-0.04521,0.00248,0.0197,0.01093,-0.03397,-0.001,-0.00843,-0.03178,0.01325,60.149,66.293,42.363,57.338,58.131,57.796,76.388,,72.724,,,78.452,56.773,48.007,67.499,35.669,33.484,1.2414,1.1388,1.2435,1.1143,1.1241,1.0754,1.0917,1.0354,1.1873,0.7288
B213,B213_GMS_1_4,2,triangulated,3,162,316.36,166,0.3,1020.0,smooth_all,69.211,69.336,75.11,75.268,6.785,6.798,7.364,7.379,35.427,45.422,-0.34207,-0.06535,-0.0185,-0.00423,-0.00776,-0.04246,0.00656,-0.00386,-0.1127,-0.02156,62.017,69.293,58.602,52.587,76.16,45.711,41.535,,89.396,,,67.731,73.241,65.832,91.492,66.104,108.163,1.1906,1.112,1.2071,1.121,1.1529,1.0932,1.1162,1.0668,1.2765,0.7637
B213,B213_GMS_2_1,3,triangulated,3,119,232.74,261,0.3,1020.0,smooth_all,115.479,108.681,117.396,110.039,11.321,10.655,11.509,10.788,47.239,64.115,-0.22304,-0.01655,0.02759,0.05147,0.00106,-0.02198,-0.03351,-0.01394,0.01827,0.0122,117.509,125.169,76.19,88.87,118.055,87.401,83.049,,129.112,,,133.962,117.697,155.636,121.345,153.234,125.363,1.2414,1.1096,1.2351,1.1348,1.0496,1.0951,1.1291,1.0463,1.2351,0.7845
B213,B213_GMS_2_1,1,triangulated,3,235,274.29,261,0.3,1020.0,smooth_all,84.276,84.276,89.626,89.626,8.262,8.262,8.787,8.787,36.775,46.304,-0.28859,-0.03326,-0.01845,0.00293,0.00085,-0.03386,0.00108,-0.00894,-0.04553,0.00037,87.991,91.704,67.019,82.4,96.753,56.211,63.183,,90.952,,,93.698,91.953,89.891,93.344,96.512,92.077,1.2599,1.1528,1.2415,1.1634,1.0551,1.1255,1.1195,1.0849,1.2391,0.7532
B213,B213_GMS_2_1,2,triangulated,3,193,314.23,261,0.3,1020.0,smooth_all,98.057,91.463,101.148,94.578,9.613,8.967,9.916,9.272,39.361,51.486,-0.3916,-0.07739,-0.01841,-0.00818,-0.01586,-0.03803,-0.00395,-0.00813,-0.08136,-0.01062,93.164,96.951,83.88,76.99,98.584,80.078,80.214,,106.847,,,82.34,86.085,81.625,111.033,114.016,201.781,1.2235,1.1524,1.2738,1.1684,1.0487,1.1607,1.0968,1.0777,1.2664,0.7691
B213,B213_GMS_2_3,3,triangulated,3,298,225.97,311,0.3,1020.0,smooth_all,87.214,86.459,90.691,89.791,8.55,8.476,8.891,8.803,39.658,52.882,-0.3146,-0.07465,-0.00407,0.00348,0.00213,-0.03662,0.01619,-0.00907,-0.09081,-0.00716,94.315,113.339,65.581,89.986,88.413,55.598,71.823,,81.25,,,66.848,87.651,67.149,112.653,125.814,114.482,1.249,1.1368,1.29,1.1034,1.0726,1.0435,1.1034,1.1449,1.2711,0.7906
B213,B213_GMS_2_3,1,triangulated,3,311,268.35,311,0.3,1020.0,smooth_all,93.614,93.614,95.051,95.051,9.178,9.178,9.319,9.319,37.672,49.392,-0.25296,-0.06164,-0.01219,-0.03297,0.00062,-0.0452,0.02716,-0.00535,-0.10593,-0.01457,99.244,103.886,58.847,84.205,98.652,58.837,70.084,,95.326,,,107.121,106.808,100.38,101.463,130.781,105.966,1.2614,1.1088,1.2512,1.1097,1.0955,1.0657,1.1144,1.0862,1.2083,0.7575
B213,B213_GMS_2_3,2,triangulated,3,253,309.95,311,0.3,1020.0,smooth_all,64.573,63.858,74.908,74.278,6.331,6.261,7.344,7.282,41.421,48.089,-0.37771,-0.07517,-0.03235,-0.04735,-0.0238,-0.05061,0.02732,-0.01166,-0.15664,-0.0278,55.047,62.159,71.967,64.784,68.736,49.09,66.277,,65.575,,,56.826,55.192,63.454,61.914,53.193,108.872,1.2537,1.1042,1.2481,1.1151,1.1133,1.1028,1.1325,1.0578,1.2781,0.781
B213,B213_GMS_2_4,3,triangulated,3,264,232.02,290,0.3,1020.0,smooth_all,62.837,62.837,67.389,67.389,6.16,6.16,6.607,6.607,35.198,46.165,-0.27843,-0.02966,0.03593,0.06298,0.00703,-0.0213,-0.02542,-0.01363,-0.00817,0.00968,55.339,70.787,48.047,93.812,53.174,50.372,78.494,,50.761,,,52.959,54.002,62.179,56.764,75.727,82.547,1.2375,1.166,1.2527,1.1585,1.0431,1.0556,1.0616,1.1443,1.2495,0.8114
B213,B213_GMS_2_4,1,triangulated,3,290,273.0,290,0.3,1020.0,smooth_all,84.523,84.523,87.054,87.054,8.287,8.287,8.535,8.535,34.135,44.8,-0.20999,-0.04188,0.01121,0.02709,-0.00201,-0.02909,-0.01245,-0.011,-0.03269,0.00383,100.66,105.149,48.212,93.109,99.535,61.813,110.361,,74.003,,,88.108,78.344,71.1,77.621,93.78,83.911,1.2468,1.1397,1.2359,1.1674,1.0673,1.0592,1.055,1.1275,1.2015,0.768
B213,B213_GMS_2_4,2,triangulated,3,244,312.59,290,0.3,1020.0,smooth_all,80.733,79.974,87.009,86.265,7.915,7.841,8.53,8.457,40.468,52.106,-0.33976,-0.0737,-0.0179,-0.00609,-0.02121,-0.04049,0.00968,-0.01259,-0.12231,-0.02699,82.593,90.945,64.572,55.851,85.466,54.617,66.844,,98.184,,,73.674,74.43,80.53,96.26,79.7,125.83,1.2642,1.1535,1.2502,1.1738,1.1154,1.0776,1.0697,1.1524,1.2426,0.7864
B213,B213_GMS_3_2,3,triangulated,3,52,230.22,121,0.3,1020.0,smooth_all,167.617,167.993,163.316,163.654,16.433,16.47,16.011,16.045,34.128,42.141,-0.22892,-0.01675,0.01273,0.04825,0.0028,-0.02039,-0.00605,-0.01493,-0.01754,0.0086,188.584,195.739,154.129,175.612,185.902,147.927,176.192,,158.379,,,136.856,145.907,108.573,206.716,195.229,180.095,1.2109,1.1356,1.2441,1.1213,1.0509,1.0748,1.0882,1.1295,1.2281,0.7671
B213,B213_GMS_3_2,1,triangulated,3,86,270.46,121,0.3,1020.0,smooth_all,126.284,126.284,124.488,124.488,12.381,12.381,12.205,12.205,30.885,36.572,-0.08513,-0.09546,0.00313,0.01748,-0.00365,-0.03564,0.00772,-0.0101,-0.07426,0.0108,150.588,151.495,120.155,147.46,155.471,108.152,135.976,,79.648,,,99.074,116.878,125.184,114.501,143.963,119.181,1.2363,1.1258,1.259,1.1025,1.0402,1.1262,1.1161,1.1259,1.1893,0.745
B213,B213_GMS_3_2,2,triangulated,3,63,309.61,121,0.3,1020.0,smooth_all,60.511,60.324,62.835,62.7,5.932,5.914,6.16,6.147,40.738,45.011,-0.25364,-0.08168,-0.01235,0.01264,-0.02287,-0.04195,0.01416,-0.01417,-0.11809,-0.03073,57.533,53.206,47.768,77.199,83.291,60.621,53.101,,54.968,,,67.28,55.146,55.406,42.403,45.285,93.484,1.2221,1.1339,1.2358,1.1358,1.0755,1.1,1.1238,1.0725,1.2672,0.7736
B213,B213_GMS_4_2,3,triangulated,3,177,232.2,196,0.3,1020.0,smooth_all,88.851,85.932,97.143,94.469,8.711,8.425,9.524,9.262,34.022,53.63,-0.3348,0.01363,0.02801,0.09706,0.01544,-0.01909,-0.03943,-0.00936,0.05786,0.01929,90.322,100.553,44.695,64.458,89.662,54.699,68.81,,85.376,,,85.875,140.127,131.81,98.286,133.321,102.556,1.1693,1.0848,1.2077,1.0674,1.0708,1.0187,1.0504,1.1497,1.277,0.8225
B213,B213_GMS_4_2,1,triangulated,3,189,272.67,196,0.3,1020.0,smooth_all,77.254,77.254,79.929,79.929,7.574,7.574,7.836,7.836,30.458,35.04,-0.21632,0.00456,0.01335,0.03314,0.00164,-0.01955,-0.02007,-0.00942,0.01273,0.00725,83.564,88.36,59.015,97.378,83.163,70.033,101.548,,78.772,,,87.274,41.491,45.301,80.856,109.274,60.471,1.2603,1.1212,1.2268,1.0997,1.1534,1.0964,1.0764,1.119,1.2612,0.7406
B213,B213_GMS_4_2,2,triangulated,3,160,311.82,196,0.3,1020.0,smooth_all,67.041,65.957,70.908,69.793,6.573,6.466,6.952,6.842,40.12,46.075,-0.34378,-0.0659,0.01417,0.03134,-0.00084,-0.0337,0.0081,-0.0087,-0.08795,-0.02381,58.958,66.485,45.331,87.389,70.062,53.961,87.902,,62.06,,,76.003,52.174,79.81,39.435,43.429,113.48,1.2052,1.1364,1.1931,1.1156,1.1907,1.0716,1.1154,1.1237,1.336,0.779
B213,B213_GMS_4_3,3,triangulated,3,134,230.48,162,0.3,1020.0,smooth_all,130.617,130.617,123.593,123.593,12.806,12.806,12.117,12.117,35.614,43.619,-0.32734,-0.0096,-0.01112,0.0362,0.00239,-0.02381,-0.01519,-0.00297,-0.03124,-0.00162,127.81,128.422,105.069,117.23,135.928,110.787,119.268,,138.071,,,125.83,138.667,152.938,167.012,148.605,113.113,1.2305,1.1181,1.2198,1.09,1.016,1.0722,1.0801,1.0919,1.2591,0.7881
B213,B213_GMS_4_3,1,triangulated,3,161,272.2,162,0.3,1020.0,smooth_all,241.686,241.686,242.413,242.413,23.695,23.695,23.766,23.766,31.217,40.206,-0.15615,-0.02796,-0.03533,-0.03225,-0.02501,-0.02898,0.00732,-0.00188,-0.05801,-0.01271,231.157,249.966,233.471,245.007,216.754,214.493,230.695,,255.537,,,254.279,219.1,203.66,265.704,281.598,286.268,1.2365,1.1388,1.2212,1.1111,1.0387,1.1136,1.085,1.1109,1.2786,0.7871
B213,B213_GMS_4_3,2,triangulated,3,159,312.55,162,0.3,1020.0,smooth_all,79.701,79.502,81.369,81.161,7.814,7.794,7.977,7.957,38.893,43.162,-0.30098,-0.01889,-0.02893,0.00809,-0.00473,-0.02773,0.01144,-0.00609,-0.07041,-0.00938,67.919,80.441,64.827,102.978,70.416,58.615,69.524,,73.532,,,77.006,39.378,48.65,67.144,128.216,154.341,1.1483,1.1595,1.1719,1.1479,1.0904,1.0491,1.0854,0.9925,1.3165,0.8102
B213,B213_GMS_4_4,3,triangulated,3,140,226.94,189,0.3,1020.0,smooth_all,120.676,119.799,123.247,122.461,11.831,11.745,12.083,12.006,35.423,43.609,-0.21495,0.01396,-0.01873,0.02817,0.0154,-0.0198,-0.00513,-0.00311,-0.02603,-0.00322,129.835,142.368,114.246,150.467,127.367,89.276,117.408,,104.785,,,77.336,121.658,115.458,141.324,134.489,123.798,1.1948,1.1766,1.2692,1.1478,1.0977,1.0631,1.1558,1.1202,1.2751,0.7682
B213,B213_GMS_4_4,1,triangulated,3,188,267.63,189,0.3,1020.0,smooth_all,94.177,94.177,98.039,98.039,9.233,9.233,9.612,9.612,30.032,37.438,-0.18432,-0.03474,-0.01552,-0.00176,0.01261,-0.03315,-0.00317,-0.00295,-0.05077,-0.00431,97.951,88.007,75.138,118.619,109.392,84.298,116.961,,81.673,,,95.262,111.999,120.717,81.071,76.876,66.474,1.2284,1.1274,1.2295,1.1383,1.0897,1.1262,1.1123,1.0961,1.1702,0.7355
B213,B213_GMS_4_4,2,triangulated,3,185,307.55,189,0.3,1020.0,smooth_all,91.704,91.704,91.782,91.782,8.991,8.991,8.998,8.998,34.099,51.927,-0.21479,-0.03206,-0.0021,-0.01427,0.00165,-0.03301,-0.00759,0.00021,-0.04656,-0.00789,87.138,110.882,88.197,30.654,86.088,45.26,43.786,,132.761,,,87.397,82.01,74.122,144.251,115.406,153.392,1.2328,1.0917,1.1997,1.1236,1.1065,1.0993,1.1581,1.0944,1.3311,0.7538
B213,B213_GMS_4_5,3,triangulated,3,102,230.41,307,0.3,1020.0,smooth_all,66.012,65.173,71.062,70.137,6.472,6.389,6.967,6.876,38.527,50.194,-0.32121,0.07539,0.08128,0.16134,0.04356,-0.00654,-0.06927,-0.01011,0.12086,0.04623,61.916,73.222,38.172,56.872,63.666,46.08,70.176,,64.345,,,64.941,73.824,73.386,58.196,69.517,110.714,1.2277,1.1195,1.2797,1.0914,1.0635,1.041,1.1644,1.1161,1.2858,0.7611
B213,B213_GMS_4_5,1,triangulated,3,304,271.16,307,0.3,1020.0,smooth_all,130.792,130.792,128.638,128.638,12.823,12.823,12.612,12.612,38.011,55.455,-0.37826,0.01251,0.0107,0.05085,0.00555,-0.01873,-0.02027,-0.00781,-0.00179,0.00576,151.061,143.364,87.693,99.249,167.721,93.504,102.889,,149.743,,,162.64,150.07,121.016,150.826,145.023,116.145,1.2246,1.098,1.2436,1.1409,1.0608,1.0581,1.0941,1.0368,1.2166,0.7837
B213,B213_GMS_4_5,2,triangulated,3,304,310.72,307,0.3,1020.0,smooth_all,59.483,59.483,61.459,61.459,5.832,5.832,6.025,6.025,39.675,47.278,-0.29577,-0.01083,-0.00467,0.02142,0.00444,-0.0244,-0.0114,-0.00681,-0.02806,-0.0033,46.706,50.208,44.746,72.532,74.358,38.587,53.038,,56.29,,,43.492,34.33,42.54,58.864,75.501,138.318,1.2191,1.1066,1.1911,1.1667,1.0815,1.0995,1.1575,1.0691,1.2834,0.762
B225,B225_GMS_1_1,3,triangulated,3,136,221.33,211,0.3,1020.0,smooth_all,55.794,55.12,58.192,57.527,5.47,5.404,5.705,5.64,41.052,45.979,-0.21749,0.02298,0.09229,0.12894,0.04622,-0.0126,-0.05408,-0.01507,0.09844,0.02585,57.451,70.3,24.79,42.379,55.367,29.567,46.137,,64.015,,,68.292,57.048,122.821,42.316,49.56,50.859,1.2353,1.211,1.2704,1.0969,0.9846,1.0468,1.0842,1.0835,1.3028,0.8072
B225,B225_GMS_1_1,1,triangulated,3,168,270.6,211,0.3,1020.0,smooth_all,76.629,76.629,76.742,76.742,7.513,7.513,7.524,7.524,35.455,48.056,-0.06534,0.02491,0.05058,0.06193,0.02664,-0.02628,-0.03375,-0.00608,0.055,0.02864,70.362,77.428,80.284,31.321,68.883,56.62,23.502,,135.99,,,124.093,97.302,158.175,120.116,51.629,52.552,1.2298,1.1843,1.2975,1.1188,1.1374,1.101,0.9992,1.1001,1.2192,0.7703
B225,B225_GMS_1_1,2,triangulated,3,155,318.97,211,0.3,1020.0,smooth_all,102.817,102.817,102.296,102.296,10.08,10.08,10.029,10.029,39.617,56.404,-0.21965,0.00634,0.01847,0.03852,0.01657,-0.02804,-0.02288,-0.0068,0.01132,0.00354,96.381,112.432,58.872,32.563,94.742,62.423,53.701,,138.819,,,103.718,122.472,160.643,148.053,124.149,185.864,1.2285,1.2071,1.2748,1.1627,1.1352,1.2054,1.0594,1.0464,1.3006,0.8131
B225,B225_GMS_2_1,3,triangulated,3,18,219.36,127,0.3,1020.0,smooth_all,61.697,55.646,69.545,62.859,6.049,5.455,6.818,6.163,33.113,47.772,-0.44347,0.04121,-0.02731,0.03536,0.00712,-0.02215,-0.02422,-0.00659,0.01269,0.01217,60.548,72.746,40.73,59.927,62.908,36.926,58.661,,61.373,,,66.682,80.847,129.412,39.517,39.191,53.839,1.3271,1.1448,1.298,1.094,1.0292,1.2427,1.0522,1.2505,1.3776,0.8221
B225,B225_GMS_2_1,1,triangulated,3,126,268.69,127,0.3,1020.0,smooth_all,123.661,123.661,125.352,125.352,12.124,12.124,12.289,12.289,36.031,43.714,-0.25396,0.00648,-0.01636,0.03738,0.02558,-0.03401,-0.00785,-0.00959,-0.01138,0.02184,146.383,136.687,85.876,92.527,158.552,94.276,135.892,,114.584,,,130.805,112.779,37.072,131.537,142.047,121.263,1.2927,1.1083,1.2268,1.1686,1.0582,1.0997,1.0242,1.1931,1.2639,0.7922
B225,B225_GMS_2_1,2,triangulated,3,119,317.94,127,0.3,1020.0,smooth_all,99.38,99.38,98.716,98.716,9.743,9.743,9.678,9.678,42.507,49.802,-0.37919,0.00275,-0.02991,0.0327,-0.01088,-0.03557,-0.01337,-0.00404,-0.03107,0.00538,112.817,110.031,76.663,81.774,129.891,67.883,92.851,,97.166,,,101.684,93.86,129.851,91.771,95.661,131.598,1.3138,1.0924,1.2454,1.2202,1.0525,1.2396,1.0408,1.0959,1.4521,0.8577
B225,B225_GMS_4_2,3,triangulated,3,14,218.6,153,0.3,1020.0,smooth_all,63.993,61.231,70.386,67.184,6.274,6.003,6.901,6.587,37.211,44.072,-0.30919,0.01148,0.01184,0.04333,0.00902,-0.01132,-0.0185,-0.01424,0.00207,0.002,62.284,74.949,45.373,46.673,63.299,44.628,49.493,,64.153,,,67.671,79.989,102.24,55.729,73.362,87.156,1.1208,1.1272,1.183,1.0732,1.1136,1.0732,1.1017,1.0616,1.3426,0.8201
B225,B225_GMS_4_2,1,triangulated,3,152,269.19,153,0.3,1020.0,smooth_all,66.85,66.85,61.777,61.777,6.554,6.554,6.057,6.057,32.637,41.342,-0.32839,0.01747,-0.02712,-0.00153,0.00953,-0.02725,-0.00374,-8e-05,-0.02461,2e-05,72.798,63.285,52.703,55.372,90.381,37.819,49.587,,65.559,,,69.373,327.67,312.407,72.673,49.95,58.346,1.1242,1.1302,1.1652,1.1189,1.0541,1.09,1.0632,1.1055,1.2174,0.8076
B225,B225_GMS_4_2,2,triangulated,3,149,319.21,153,0.3,1020.0,smooth_all,58.808,58.476,57.121,56.747,5.765,5.733,5.6,5.563,36.951,44.74,-0.24162,0.0071,-0.01319,-0.01451,-0.00567,-0.02442,0.00635,0.00099,-0.05034,-0.02027,63.981,81.262,44.542,34.584,64.325,44.381,43.98,,48.894,,,61.535,,,42.853,88.386,86.971,1.1786,1.1188,1.178,1.1658,,,1.0298,1.071,1.396,0.8132
B228,B228_GMS_1_1,3,triangulated,3,187,222.35,187,0.3,1020.0,smooth_all,131.323,131.323,130.282,130.282,12.875,12.875,12.773,12.773,48.822,73.533,-0.31563,-0.00997,0.04739,0.05388,0.03175,-0.02575,-0.03325,-0.00431,0.01931,0.00672,141.084,140.263,82.549,35.526,150.771,131.369,74.052,,162.784,,,202.122,189.083,273.361,101.536,76.077,60.078,1.2849,1.2864,1.3382,1.1743,1.0362,1.0812,1.0219,1.2206,1.1899,0.7018
B228,B228_GMS_1_1,1,triangulated,3,187,266.92,187,0.3,1020.0,smooth_all,244.019,244.019,244.226,244.226,23.923,23.923,23.944,23.944,44.183,60.612,-0.09041,-0.05141,0.01166,0.0057,0.03369,-0.0436,0.0296,-0.00193,-0.08453,-0.00363,240.753,241.665,238.689,136.506,240.3,243.285,139.045,,309.947,,,311.247,285.717,300.739,277.307,219.463,226.83,1.3385,1.2109,1.335,1.2265,1.0354,1.1821,1.053,1.1345,1.0798,0.6361
B228,B228_GMS_1_1,2,triangulated,3,187,317.94,187,0.3,1020.0,smooth_all,219.717,220.183,226.86,227.261,21.541,21.587,22.241,22.281,44.459,78.694,-0.23028,-0.02557,-0.00015,0.01308,0.00137,-0.0484,0.01113,-0.00243,-0.06217,-0.00324,221.553,253.92,215.487,117.038,204.178,186.19,113.961,,282.46,,,217.964,183.997,155.823,311.874,271.254,326.698,1.3357,1.1779,1.2684,1.2828,1.0715,1.1907,1.0605,1.0856,1.2313,0.7295
B228,B228_GMS_1_2,3,triangulated,3,77,222.61,206,0.3,1020.0,smooth_all,88.71,79.713,91.968,82.679,8.697,7.815,9.016,8.106,49.853,66.224,-0.33997,0.01183,0.03877,0.05645,0.0396,-0.02444,-0.04666,-0.00029,0.04585,0.02311,87.223,91.537,56.722,68.477,91.247,70.08,62.014,,78.451,,,94.732,140.595,190.107,74.004,62.202,72.68,1.3114,1.3008,1.3718,1.247,1.0805,1.1421,1.0443,1.1506,1.1996,0.7061
B228,B228_GMS_1_2,1,triangulated,3,206,266.8,206,0.3,1020.0,smooth_all,185.8,185.8,189.97,189.97,18.216,18.216,18.624,18.624,45.643,65.891,-0.13471,-0.04862,0.0147,0.00288,0.03629,-0.04458,0.0346,-0.00171,-0.09159,0.00614,198.723,203.316,168.696,74.079,194.743,180.715,94.453,,277.395,,,283.417,312.276,283.7,237.121,160.182,137.912,1.3369,1.2479,1.34,1.2378,1.0525,1.1624,1.0402,1.1375,1.0827,0.6573
B228,B228_GMS_1_2,2,triangulated,3,206,317.55,206,0.3,1020.0,smooth_all,272.633,272.633,269.552,269.552,26.729,26.729,26.427,26.427,43.012,82.51,-0.22538,-0.04032,-0.03626,-0.00949,-0.00174,-0.04901,0.05194,0.00575,-0.12137,0.00169,267.196,299.522,250.979,133.254,245.685,208.529,118.764,,352.434,,,286.167,351.292,302.997,378.954,329.513,365.552,1.3544,1.1543,1.2965,1.2694,1.0769,1.2083,1.0562,1.0624,1.2711,0.7418
B228,B228_GMS_1_3,3,triangulated,3,101,222.45,183,0.3,1020.0,smooth_all,90.154,75.144,91.093,75.969,8.839,7.367,8.931,7.448,62.617,81.267,-0.41721,-0.04365,-0.00149,0.01833,0.0158,-0.03504,0.01408,0.00244,-0.06607,-0.02383,75.753,92.423,47.213,46.091,73.622,83.474,78.197,,54.953,,,63.911,134.603,287.405,68.305,88.425,67.504,1.3014,1.2515,1.3124,1.2392,1.1049,1.0946,1.1474,1.0979,1.1891,0.7254
B228,B228_GMS_1_3,1,triangulated,3,183,266.47,183,0.3,1020.0,smooth_all,126.422,126.422,124.987,124.987,12.394,12.394,12.254,12.254,47.837,63.667,-0.15656,-0.08235,-0.00328,0.00141,0.03687,-0.04634,0.03438,-0.00398,-0.0719,-0.01434,137.683,140.931,110.638,37.97,135.755,153.915,77.099,,173.01,,,187.542,88.093,203.987,144.894,92.648,108.67,1.2824,1.2171,1.2452,1.2536,1.0335,1.0794,1.1341,1.0553,1.0714,0.6435
B228,B228_GMS_1_3,2,triangulated,3,183,317.29,183,0.3,1020.0,smooth_all,243.858,243.858,255.717,255.717,23.908,23.908,25.07,25.07,51.769,82.152,-0.33074,-0.07041,-0.03428,-0.04369,0.01545,-0.05031,0.04276,0.00458,-0.10806,-0.02145,234.114,274.532,229.469,123.587,210.293,202.333,116.738,,286.389,,,224.205,71.784,100.036,313.422,293.411,462.935,1.2346,1.1844,1.1754,1.3472,1.2326,1.0008,1.1759,1.0428,1.2675,0.7243
B228,B228_GMS_1_4,3,triangulated,3,58,223.38,158,0.3,1020.0,smooth_all,74.078,67.114,78.324,71.72,7.263,6.58,7.679,7.031,55.34,68.552,-0.33349,0.02716,0.06372,0.10153,0.04497,-0.01291,-0.04004,-0.00438,0.07414,0.00695,69.177,84.68,28.552,59.363,62.806,46.875,64.992,,47.974,,,45.217,122.953,137.492,67.308,93.81,105.895,1.3187,1.2664,1.3029,1.1955,1.1735,1.2081,1.1127,1.083,1.1863,0.7414
B228,B228_GMS_1_4,1,triangulated,3,158,267.67,158,0.3,1020.0,smooth_all,121.217,121.217,124.636,124.636,11.884,11.884,12.219,12.219,49.017,67.315,-0.14768,-0.05377,0.03153,-0.0011,0.03371,-0.03507,0.02507,-0.00168,-0.0484,-0.00732,147.001,152.847,83.976,39.114,141.365,137.514,86.012,,170.597,,,188.22,,207.853,130.578,59.549,85.219,1.2901,1.2079,1.2455,1.253,,,1.0844,1.1097,1.0703,0.6776
B228,B228_GMS_1_4,2,triangulated,3,158,317.96,158,0.3,1020.0,smooth_all,187.753,187.753,239.921,239.921,18.407,18.407,23.522,23.522,50.147,76.604,-0.13244,-0.05259,0.01627,0.00091,0.01812,-0.04712,0.02266,-0.00253,-0.06811,-0.00307,168.89,214.511,184.528,99.953,153.261,135.243,84.091,,241.506,,,182.975,,65.885,262.84,220.755,345.11,1.3144,1.3041,1.4854,1.1327,,,1.0362,1.0275,1.2697,0.7839
B228,B228_GMS_1_5,3,triangulated,3,159,221.07,160,0.3,1020.0,smooth_all,77.338,77.338,79.563,79.563,7.582,7.582,7.8,7.8,47.039,60.219,-0.32147,-0.07211,0.02923,0.04916,0.02854,-0.03425,-0.00214,-0.00379,-0.0223,-0.00281,75.315,87.503,45.266,73.726,78.715,63.955,63.78,,74.776,,,76.919,80.825,129.452,76.72,77.011,76.354,1.2857,1.2854,1.329,1.2263,1.0942,1.0081,1.0839,1.1292,1.1918,0.709
B228,B228_GMS_1_5,1,triangulated,3,160,264.26,160,0.3,1020.0,smooth_all,189.686,189.686,192.294,192.294,18.597,18.597,18.852,18.852,43.448,64.107,-0.16442,-0.10897,-0.00247,-0.01247,0.02153,-0.04837,0.04273,-0.00255,-0.11205,-0.00212,180.108,187.678,178.753,98.081,172.548,160.9,86.404,,247.033,,,245.954,215.261,255.468,225.647,184.671,209.851,1.2625,1.2635,1.3054,1.2245,1.1784,1.0034,1.0684,1.0786,1.0935,0.6626
B228,B228_GMS_1_5,2,triangulated,3,160,315.71,160,0.3,1020.0,smooth_all,118.612,118.612,126.051,126.051,11.629,11.629,12.358,12.358,49.022,69.736,-0.34325,-0.02394,-0.02277,-0.03652,0.00936,-0.04929,0.03089,0.00475,-0.09042,-0.00237,124.359,145.757,95.967,66.042,125.764,79.266,59.725,,128.515,,,97.627,114.531,107.757,149.329,124.814,239.268,1.3259,1.2213,1.2944,1.2688,1.1231,1.1015,1.0826,1.0423,1.2131,0.718
B228,B228_GMS_2_1,3,triangulated,3,283,221.31,284,0.3,1020.0,smooth_all,226.264,221.529,225.245,219.698,22.183,21.719,22.083,21.539,45.764,88.83,-0.23254,-0.0081,0.04767,0.05992,0.03435,-0.02014,-0.02799,-0.00627,0.0077,0.00191,248.986,234.747,156.117,58.727,268.72,209.085,109.178,,311.951,,,355.177,357.123,297.376,233.221,186.186,148.374,1.2492,1.3006,1.271,1.2364,1.1113,1.1105,1.0438,1.1284,1.2043,0.7062
B228,B228_GMS_2_1,1,triangulated,3,284,265.8,284,0.3,1020.0,smooth_all,215.732,215.732,214.481,214.481,21.15,21.15,21.028,21.028,43.013,61.743,-0.09738,-0.04109,0.02722,0.00465,0.03591,-0.03865,0.01142,-0.00292,-0.06199,-0.0011,220.089,226.007,211.552,109.199,214.268,199.418,86.186,,295.557,,,293.505,273.472,289.121,266.088,212.749,209.709,1.3434,1.2339,1.3045,1.2656,1.0429,1.0418,1.0428,1.1277,1.0513,0.6391
B228,B228_GMS_2_1,2,triangulated,3,284,317.48,284,0.3,1020.0,smooth_all,161.372,161.372,160.444,160.444,15.821,15.821,15.73,15.73,42.007,69.172,-0.17752,-0.02718,0.01368,-0.01373,0.01654,-0.03449,0.00732,0.00105,-0.05157,-0.00867,167.391,193.589,151.295,84.888,156.165,100.578,57.796,,208.069,,,147.716,135.543,132.947,237.869,198.764,254.641,1.3638,1.2172,1.2962,1.3136,1.1146,1.2017,1.0516,1.0479,1.2348,0.7239
B228,B228_GMS_4_1,3,triangulated,3,150,221.76,156,0.3,1020.0,smooth_all,392.844,383.809,390.583,381.262,38.514,37.628,38.292,37.379,45.344,106.29,-0.18649,-0.03136,0.04971,0.04362,0.03382,-0.02205,-0.01336,-0.00874,-0.01938,-0.01411,426.611,400.033,295.084,177.735,458.837,388.315,281.393,,510.809,,,566.094,527.852,549.126,414.182,336.252,293.927,1.3207,1.2969,1.3051,1.3411,1.0512,1.1172,1.0679,1.2053,1.2001,0.7001
B228,B228_GMS_4_1,1,triangulated,3,156,265.17,156,0.3,1020.0,smooth_all,305.627,305.627,305.742,305.742,29.963,29.963,29.975,29.975,47.437,73.46,-0.0344,-0.0214,0.02617,-0.00729,0.03945,-0.03544,0.01822,-0.00119,-0.0635,-0.00116,312.587,304.854,302.598,171.372,320.482,291.309,144.285,,410.368,,,412.543,400.783,,373.615,305.305,312.609,1.2873,1.2863,1.2718,1.3014,1.0555,,1.0548,1.1105,1.0491,0.6456
B228,B228_GMS_4_1,2,triangulated,3,156,316.25,156,0.3,1020.0,smooth_all,315.839,315.839,317.233,317.233,30.965,30.965,31.101,31.101,51.623,97.297,-0.19584,-0.01585,0.00278,-0.01076,0.01622,-0.04057,0.00216,-0.00111,-0.04181,-0.00153,322.837,360.219,319.737,183.354,290.73,221.581,82.683,,411.814,,,334.514,245.284,,445.465,393.488,425.689,1.2245,1.3397,1.2045,1.4352,1.03,,1.0424,1.1156,1.2466,0.7357
B228,B228_GMS_4_2,3,triangulated,3,147,219.09,166,0.3,1020.0,smooth_all,159.823,159.818,161.459,161.389,15.669,15.668,15.829,15.822,50.657,77.594,-0.32944,-0.00147,0.05473,0.08456,0.03346,-0.01457,-0.03749,-0.00328,0.02978,0.01146,176.249,171.561,106.164,46.341,187.265,147.688,80.005,,208.035,,,245.778,232.005,286.548,142.565,115.282,90.922,1.3146,1.278,1.3244,1.1928,1.0857,1.136,1.061,1.1378,1.1726,0.7187
B228,B228_GMS_4_2,1,triangulated,3,165,261.59,166,0.3,1020.0,smooth_all,141.945,141.945,144.108,144.108,13.916,13.916,14.128,14.128,47.538,54.823,-0.18906,-0.00368,0.00782,0.03429,0.02694,-0.02865,-0.01231,-0.00664,-0.00442,0.01192,137.238,136.067,156.032,80.697,138.883,179.34,103.353,,157.602,,,167.902,174.185,225.885,139.079,98.137,111.821,1.3421,1.2608,1.354,1.2203,1.0376,1.0602,1.0527,1.0554,1.071,0.645
B228,B228_GMS_4_2,2,triangulated,3,161,314.12,166,0.3,1020.0,smooth_all,147.377,147.377,150.313,150.313,14.449,14.449,14.737,14.737,43.301,69.544,-0.26947,-0.02128,0.00354,0.02338,0.00342,-0.02808,-0.00483,-0.00828,-0.05304,-0.00283,141.462,175.617,187.925,88.036,122.173,118.834,41.605,,203.619,,,134.588,106.738,85.314,240.817,189.169,217.409,1.2793,1.1944,1.2563,1.2853,1.0504,1.1128,0.9826,1.0212,1.2721,0.7355
B228,B228_GMS_4_3,3,triangulated,3,156,219.02,190,0.3,1020.0,smooth_all,90.717,90.417,93.183,92.304,8.894,8.864,9.136,9.049,50.813,60.516,-0.40202,0.00417,0.06961,0.12882,0.04389,-0.01534,-0.04534,-0.00792,0.06131,0.01611,102.533,107.299,47.942,48.743,107.494,84.222,76.154,,97.08,,,128.29,93.59,167.837,52.001,79.648,77.764,1.3049,1.2757,1.405,1.2231,1.128,0.9809,1.1703,1.0374,1.1439,0.7324
B228,B228_GMS_4_3,1,triangulated,3,186,260.68,190,0.3,1020.0,smooth_all,91.855,91.855,91.408,91.408,9.005,9.005,8.962,8.962,47.99,56.447,-0.29966,-0.06926,0.0122,0.04203,0.02099,-0.02876,-0.00118,-0.00767,-0.04312,-0.00497,91.568,100.163,107.107,65.892,85.628,166.983,101.437,,72.724,,,96.33,95.454,102.989,76.321,72.773,48.665,1.2887,1.2072,1.3003,1.2135,1.1723,0.958,1.0592,1.0775,1.0692,0.6814
B228,B228_GMS_4_3,2,triangulated,3,178,312.91,190,0.3,1020.0,smooth_all,84.426,84.426,86.181,86.181,8.277,8.277,8.449,8.449,56.277,82.354,-0.1779,-0.03325,0.0033,-0.00329,0.00812,-0.02873,0.00595,-0.00606,-0.05729,-0.01725,63.422,69.382,62.671,41.103,89.397,56.409,76.391,,29.699,,,68.295,183.646,220.993,55.608,36.284,139.897,1.3422,1.1836,1.2736,1.3909,1.1815,1.0489,1.1566,0.9457,1.1858,0.706
B228,B228_GMS_4_4,3,triangulated,3,137,214.93,140,0.3,1020.0,smooth_all,123.078,123.103,122.314,122.335,12.066,12.069,11.992,11.994,54.488,66.478,-0.33615,-0.06644,0.06477,0.08167,0.03107,-0.01632,-0.02273,-0.01103,-0.01042,-0.00376,136.207,141.077,64.572,51.543,136.875,125.83,105.416,,135.692,,,166.887,150.26,250.899,87.985,88.396,84.999,1.343,1.3121,1.3242,1.2489,1.07,0.9762,1.1134,1.0283,1.1457,0.6975
B228,B228_GMS_4_4,1,triangulated,3,139,258.36,140,0.3,1020.0,smooth_all,230.8,230.8,235.718,235.718,22.627,22.627,23.11,23.11,49.71,70.843,-0.25701,-0.10769,0.03453,0.08128,0.02068,-0.03307,-0.00634,-0.01355,-0.0571,-0.01093,258.016,257.323,259.631,175.276,222.908,275.789,187.674,,271.33,,,279.195,245.455,274.531,235.704,145.785,166.638,1.2997,1.2129,1.2462,1.2681,1.2187,0.9739,1.1113,0.9965,1.0842,0.6812
B228,B228_GMS_4_4,2,triangulated,3,140,314.37,140,0.3,1020.0,smooth_all,153.341,153.341,152.281,152.281,15.033,15.033,14.93,14.93,62.318,95.782,-0.239,-0.07545,0.03308,0.04199,0.01611,-0.03454,0.00094,-0.00718,-0.06147,-0.01471,145.213,187.12,187.257,111.833,125.793,106.543,49.817,,179.22,,,127.738,106.892,139.72,216.318,186.17,275.952,1.3116,1.2199,1.2209,1.3265,1.0782,1.0186,1.0495,1.0092,1.2284,0.6933
B229,B229_GMS_1_2,3,triangulated,3,69,218.65,149,0.3,1020.0,smooth_all,100.318,99.993,104.79,104.82,9.835,9.803,10.274,10.276,52.748,59.569,-0.32694,-0.02731,-0.01635,0.01328,0.00372,-0.02939,0.01371,-0.00555,-0.06787,2e-05,100.086,94.669,107.75,97.475,109.97,73.451,79.781,,99.344,,,86.568,97.835,127.535,109.107,111.204,110.328,1.3545,1.0851,1.2455,1.124,1.0936,1.0027,1.1246,1.0677,1.2681,0.7892
B229,B229_GMS_1_2,1,triangulated,3,149,267.22,149,0.3,1020.0,smooth_all,102.347,102.347,104.892,104.892,10.034,10.034,10.284,10.284,41.916,59.141,-0.32228,-0.05336,-0.02564,-0.00587,0.00976,-0.02972,0.00416,-0.0045,-0.05663,0.00349,90.034,96.577,98.162,96.379,90.315,70.569,84.061,,123.862,,,121.192,132.935,94.125,133.711,112.743,97.736,1.3586,1.0805,1.2195,1.1195,1.0484,1.0742,1.0472,1.1096,1.1354,0.7491
B229,B229_GMS_1_2,2,triangulated,3,149,320.51,149,0.3,1020.0,smooth_all,82.819,82.819,84.385,84.385,8.12,8.12,8.273,8.273,39.515,52.41,-0.23646,-0.07062,-0.01688,0.00677,0.00448,-0.03123,-0.01853,-0.01127,-0.03804,0.01451,87.51,96.527,49.461,79.95,91.916,63.559,71.912,,72.79,,,103.079,117.518,144.08,57.7,65.765,80.45,1.2074,1.14,1.2753,1.0798,0.9954,1.1203,1.1042,0.9841,1.2888,0.8015
B229,B229_GMS_1_5,3,triangulated,3,34,220.47,175,0.3,1020.0,smooth_all,184.844,169.515,194.328,179.187,18.122,16.619,19.052,17.567,56.21,71.554,-0.37875,-0.02423,0.03349,0.04519,0.02728,-0.0204,-0.02873,-0.01055,0.00882,0.0016,196.09,203.008,121.632,81.708,193.911,185.467,180.379,,206.992,,,218.276,229.262,311.786,161.436,147.679,143.76,1.2953,1.12,1.2526,1.108,1.0762,1.0364,1.1258,0.9904,1.2123,0.8015
B229,B229_GMS_1_5,1,triangulated,3,175,269.26,175,0.3,1020.0,smooth_all,213.037,213.037,212.663,212.663,20.886,20.886,20.849,20.849,50.533,140.565,-0.27904,-0.07821,0.0206,0.01542,0.00258,-0.03764,-0.00464,-0.01137,-0.06,0.00223,178.915,189.636,292.953,371.608,169.85,350.012,475.702,,96.205,,,83.167,77.599,77.96,96.522,75.781,187.845,1.2064,1.1203,1.2879,1.0782,1.1254,1.0469,1.0885,0.9859,1.1524,0.7861
B229,B229_GMS_1_5,2,triangulated,3,175,321.35,175,0.3,1020.0,smooth_all,125.766,125.52,126.994,126.809,12.33,12.306,12.45,12.432,54.785,84.588,-0.16257,-0.04003,-0.02593,-0.01358,-0.00164,-0.03319,0.01334,-0.00776,-0.09428,-0.00174,101.25,124.754,166.528,214.684,102.575,105.313,134.284,,62.879,,,62.327,72.05,82.953,78.416,125.29,248.301,1.2228,1.1057,1.2563,1.1245,1.0812,1.0924,1.1196,0.9944,1.2671,0.7968
B229,B229_GMS_2_1,3,triangulated,3,221,216.08,299,0.3,1020.0,smooth_all,91.828,91.828,95.975,95.975,9.003,9.003,9.409,9.409,30.645,37.033,-0.28197,0.01447,0.00027,0.05593,0.0027,-0.01417,-0.02816,-0.00693,-0.02225,0.00824,94.304,90.401,103.65,120.801,108.023,99.371,128.957,,64.249,,,46.377,87.159,72.239,92.013,89.666,91.407,1.384,1.0908,1.3563,1.1666,1.0554,0.9891,1.0184,1.055,1.3113,0.8323
B229,B229_GMS_2_1,1,triangulated,3,299,267.13,299,0.3,1020.0,smooth_all,119.631,119.631,123.767,123.767,11.729,11.729,12.134,12.134,35.006,57.115,-0.26414,-0.0213,-0.01106,0.03355,-0.00081,-0.03015,-0.01398,-0.00807,-0.04518,0.00672,124.637,128.276,103.157,92.051,119.357,88.279,117.433,,160.65,,,157.98,83.216,85.543,157.591,134.16,103.183,1.3877,1.0797,1.3184,1.1051,1.0383,1.039,1.0006,1.0766,1.1365,0.73
B229,B229_GMS_2_1,2,triangulated,3,285,323.3,299,0.3,1020.0,smooth_all,105.135,103.26,108.586,106.589,10.307,10.124,10.646,10.45,37.428,40.55,-0.2523,-0.03629,-0.05626,0.00823,-0.02786,-0.02681,0.01018,-0.01134,-0.08392,-0.00297,111.856,119.382,100.602,138.452,125.991,98.426,140.627,,100.492,,,130.473,92.152,67.623,90.763,103.553,51.011,1.3235,1.0441,1.4159,1.15,1.0724,1.0019,1.0333,1.0239,1.3464,0.8427
B229,B229_GMS_2_2,3,triangulated,3,181,218.65,241,0.3,1020.0,smooth_all,73.604,71.487,77.357,74.903,7.216,7.009,7.584,7.343,42.782,48.84,-0.24323,0.00962,0.01526,0.06034,0.01143,-0.0112,-0.02451,-0.01133,-0.00996,0.00783,77.202,83.919,56.748,60.746,78.433,79.069,87.186,,74.199,,,73.24,66.499,90.753,54.851,69.948,76.85,1.2739,1.1064,1.2699,1.1247,1.0843,1.0814,1.0956,1.1302,1.2559,0.7911
B229,B229_GMS_2_2,1,triangulated,3,241,268.19,241,0.3,1020.0,smooth_all,90.387,90.387,98.58,98.58,8.861,8.861,9.665,9.665,39.665,59.132,-0.21964,-0.04129,0.01173,0.01893,0.0079,-0.02826,-0.0238,-0.01197,-0.01757,0.01267,86.447,97.039,95.037,84.016,82.114,65.454,80.844,,115.337,,,107.136,103.932,96.859,106.665,79.349,73.548,1.3363,1.1236,1.2952,1.1182,1.0232,1.1404,1.0905,1.1402,1.1504,0.732
B229,B229_GMS_2_2,2,triangulated,3,237,321.84,241,0.3,1020.0,smooth_all,83.811,83.811,84.602,84.602,8.217,8.217,8.294,8.294,42.01,49.478,-0.22827,-0.03897,-0.02877,0.00661,-0.0132,-0.02711,-0.00306,-0.01115,-0.05347,0.0054,80.868,90.483,56.439,75.423,94.966,86.915,140.201,,75.347,,,88.532,67.687,64.243,68.822,91.478,83.904,1.2424,1.1216,1.3216,1.1171,1.096,1.0865,1.0566,1.0558,1.2834,0.8219
B229,B229_GMS_2_3,3,triangulated,3,141,220.89,295,0.3,1020.0,smooth_all,79.602,77.744,78.016,76.006,7.804,7.622,7.649,7.452,39.282,45.428,-0.47372,0.05745,0.01033,0.13949,0.03045,-0.00325,-0.05522,-0.00938,0.07367,0.02385,88.263,100.544,67.605,69.959,79.934,73.832,90.328,,70.945,,,77.535,74.459,110.391,56.524,70.161,83.851,1.2658,1.0939,1.257,1.1049,1.1223,1.101,1.1154,1.139,1.2357,0.804
B229,B229_GMS_2_3,1,triangulated,3,294,268.43,295,0.3,1020.0,smooth_all,116.621,116.621,144.696,144.696,11.433,11.433,14.186,14.186,40.555,59.421,-0.47738,0.044,0.00572,0.0727,0.0063,-0.0212,-0.05538,-0.00721,0.07399,0.02535,105.933,102.576,82.07,87.617,117.515,82.99,94.813,,134.624,,,140.287,169.132,167.94,130.532,114.221,124.448,1.2473,1.0922,1.2876,1.0964,1.044,1.0829,1.0691,1.0975,1.1628,0.7672
B229,B229_GMS_2_3,2,triangulated,3,273,319.75,295,0.3,1020.0,smooth_all,74.543,74.543,82.018,82.018,7.308,7.308,8.041,8.041,36.028,58.403,-0.44847,0.01301,-0.0214,0.03895,-0.00513,-0.02237,-0.03275,-0.01368,0.00029,0.00611,65.017,76.165,58.551,51.644,70.0,52.063,65.775,,98.766,,,95.428,71.766,66.459,97.379,85.044,87.972,1.2425,1.0776,1.3141,1.1136,1.0451,1.1494,1.0553,1.0158,1.2696,0.8446
B229,B229_GMS_2_4,3,triangulated,3,147,219.55,296,0.3,1020.0,smooth_all,116.686,111.598,122.896,117.796,11.44,10.941,12.049,11.549,47.279,52.761,-0.38147,0.05394,0.01076,0.1275,0.02885,-0.00357,-0.03951,-0.01467,0.04781,0.02492,121.628,118.645,126.388,132.354,128.114,92.073,104.713,,108.878,,,96.769,96.977,152.952,128.129,115.431,107.215,1.3068,1.1005,1.3203,1.1258,1.0781,1.1184,1.1046,1.1199,1.2255,0.7865
B229,B229_GMS_2_4,1,triangulated,3,269,268.14,296,0.3,1020.0,smooth_all,121.437,121.437,133.676,133.676,11.906,11.906,13.105,13.105,37.296,61.415,-0.25293,-0.00554,-0.00701,0.05677,-0.00268,-0.02629,0.00015,-0.01482,-0.03953,0.0157,121.083,115.828,82.707,91.016,130.062,78.999,89.018,,142.546,,,141.585,156.863,120.08,169.277,152.102,133.187,1.2388,1.0867,1.3173,1.0922,1.0169,1.0788,1.0771,1.0489,1.1324,0.7655
B229,B229_GMS_2_4,2,triangulated,3,259,320.8,296,0.3,1020.0,smooth_all,110.244,110.244,109.213,109.213,10.808,10.808,10.707,10.707,51.345,67.531,-0.29972,-0.00833,-0.01944,0.10056,-0.01094,-0.02076,-0.01328,-0.01055,-0.02131,0.00859,104.866,114.539,112.717,102.341,117.361,102.738,143.071,,84.61,,,119.167,130.052,136.802,83.426,107.849,109.298,1.1834,1.0436,1.3642,1.1118,1.1106,0.9708,1.0717,1.0119,1.3307,0.7865
B229,B229_GMS_3_1,3,triangulated,3,109,218.4,253,0.3,1020.0,smooth_all,182.525,173.483,192.054,183.717,17.895,17.008,18.829,18.011,51.929,58.964,-0.39509,0.07682,-0.01023,0.10943,0.03488,-0.00182,-0.03457,-0.00584,0.04489,0.01852,174.494,163.182,150.999,157.33,182.786,182.976,195.062,,167.822,,,160.934,191.143,267.298,181.159,176.924,205.045,1.2463,1.134,1.2915,1.1248,1.1061,1.0347,1.1236,1.0326,1.2736,0.7776
B229,B229_GMS_3_1,1,triangulated,3,252,267.95,253,0.3,1020.0,smooth_all,130.601,130.601,151.55,151.55,12.804,12.804,14.858,14.858,37.324,48.125,-0.31157,0.0377,-0.03212,0.09159,0.01845,-0.01934,-0.00482,-0.01295,-0.0049,0.02036,78.736,80.392,100.202,134.125,104.893,93.008,118.668,,125.814,,,125.601,267.786,232.596,159.329,172.034,171.004,1.2215,1.1145,1.3203,1.1011,1.0744,1.1055,1.0979,1.0494,1.1777,0.7376
B229,B229_GMS_3_1,2,triangulated,3,199,321.8,253,0.3,1020.0,smooth_all,74.265,74.265,73.003,73.003,7.281,7.281,7.157,7.157,53.672,58.397,-0.32515,-0.005,-0.04466,0.0689,-0.01436,-0.02505,0.01565,-0.01137,-0.07608,0.003,75.927,104.015,76.397,58.603,68.265,52.557,70.912,,52.41,,,78.229,78.4,98.396,39.622,70.052,119.962,1.1348,1.0648,1.3303,1.1234,1.1293,0.9977,1.0963,0.9706,1.2941,0.837
B229,B229_GMS_3_2,3,triangulated,3,93,216.46,170,0.3,1020.0,smooth_all,102.166,98.377,106.886,102.443,10.016,9.645,10.479,10.043,44.18,52.59,-0.34498,0.02043,0.03317,0.11441,0.03307,-0.00815,-0.0306,-0.01193,0.04206,0.02524,99.114,96.691,94.162,103.205,105.259,79.598,97.301,,89.676,,,88.186,114.366,117.888,103.111,112.181,131.336,1.3343,1.1166,1.2838,1.161,1.0901,1.0193,1.11,1.0277,1.2456,0.834
B229,B229_GMS_3_2,1,triangulated,3,150,267.8,170,0.3,1020.0,smooth_all,166.795,166.795,194.738,194.738,16.352,16.352,19.092,19.092,38.78,56.012,-0.31416,-0.03827,-0.02812,0.03467,-0.00403,-0.02527,-0.00451,-0.01577,-0.05084,0.01062,174.732,171.037,124.725,128.339,177.704,146.269,143.791,,178.339,,,172.826,222.22,206.532,201.12,172.29,149.284,1.2867,1.1287,1.3181,1.1266,1.0688,1.1147,1.0504,1.0554,1.1626,0.7812
B229,B229_GMS_3_2,2,triangulated,3,130,323.73,170,0.3,1020.0,smooth_all,119.716,117.164,146.62,143.938,11.737,11.487,14.374,14.112,45.185,58.304,-0.36523,-0.01565,-0.04908,0.05495,-0.01708,-0.02299,-3e-05,-0.01327,-0.04993,0.0001,120.696,133.598,87.21,78.973,126.64,81.825,99.703,,116.626,,,141.641,176.644,173.864,120.357,132.85,125.842,1.2012,1.0295,1.3669,1.1328,1.147,1.1253,1.0784,1.0144,1.2855,0.8408
B229,B229_GMS_3_3,3,triangulated,3,34,209.16,154,0.3,1020.0,smooth_all,72.594,70.479,79.326,77.505,7.117,6.91,7.777,7.599,45.526,51.343,-0.43996,0.05852,0.00277,0.10283,0.02544,-0.00402,-0.05276,-0.0078,0.0742,0.02845,69.563,67.922,45.615,62.426,82.417,48.726,65.819,,73.254,,,77.908,78.929,109.141,72.45,80.582,81.84,1.2661,1.1708,1.3383,1.1393,1.1382,1.0433,1.0601,1.0249,1.2169,0.8154
B229,B229_GMS_3_3,1,triangulated,3,114,264.55,154,0.3,1020.0,smooth_all,175.998,175.998,180.332,180.332,17.255,17.255,17.68,17.68,54.128,66.986,-0.28636,-0.01545,0.04157,0.08694,0.02771,-0.01895,-0.0366,-0.01135,-0.01265,0.02146,169.01,160.778,139.407,130.614,177.717,168.009,158.587,,72.881,,,95.624,216.017,277.703,201.856,195.935,202.527,1.1635,1.1763,1.1636,1.18,1.0223,0.9951,1.0452,1.054,1.2378,0.7634
B229,B229_GMS_3_3,2,triangulated,3,108,328.41,154,0.3,1020.0,smooth_all,98.138,98.138,108.56,108.56,9.621,9.621,10.643,10.643,41.315,51.658,-0.35366,0.01289,0.00422,0.0753,0.01334,-0.02378,-0.00888,-0.00894,-0.02416,0.0085,95.841,110.794,52.581,68.958,104.025,59.43,92.882,,104.631,,,100.584,109.614,139.945,111.703,119.633,112.067,1.2509,1.1154,1.3337,1.1293,1.099,1.1517,1.0123,1.0208,1.2389,0.7772
B230,B230_GMS_1_2,3,triangulated,3,85,222.5,171,0.3,1020.0,smooth_all,119.182,115.935,121.387,117.337,11.684,11.366,11.901,11.504,43.932,58.924,-0.26019,0.01656,0.02909,0.05271,0.02659,-0.01349,-0.02364,-0.00838,0.01623,-0.00339,124.432,132.062,89.885,62.138,121.063,102.837,98.401,,139.35,,,147.931,136.958,166.791,124.468,115.244,105.343,1.2286,1.3385,1.3297,1.2399,1.0182,1.0907,1.032,1.0491,1.2592,0.8005
B230,B230_GMS_1_2,1,triangulated,3,171,269.22,171,0.3,1020.0,smooth_all,310.332,310.332,315.093,315.093,30.425,30.425,30.891,30.891,39.085,74.84,-0.0975,-0.05011,0.0178,-0.0171,0.0218,-0.04183,0.01571,-0.00925,-0.06441,0.00226,325.127,320.637,270.027,155.967,322.586,270.969,180.053,,405.397,,,399.273,393.468,382.716,381.403,314.766,291.504,1.2217,1.2903,1.2571,1.2716,1.0,1.0068,1.0245,1.019,1.151,0.7965
B230,B230_GMS_1_2,2,triangulated,3,167,320.45,171,0.3,1020.0,smooth_all,128.305,128.305,126.814,126.814,12.579,12.579,12.433,12.433,60.909,72.366,-0.22547,-0.01913,-0.01223,-0.0076,0.00431,-0.04188,-0.0038,-0.0047,-0.06331,-0.00075,161.227,160.965,93.516,102.316,175.28,142.546,235.269,,102.204,,,118.297,114.581,114.98,91.061,89.752,76.439,1.2722,1.2463,1.3861,1.2845,1.1038,1.1999,1.0832,1.0309,1.236,0.7856
B230,B230_GMS_1_5,3,triangulated,3,72,221.36,173,0.3,1020.0,smooth_all,74.462,70.934,76.686,73.182,7.3,6.954,7.518,7.175,43.686,55.262,-0.4068,0.054,-0.00965,0.04526,0.01428,-0.01409,-0.03393,0.00523,0.01234,0.0129,94.143,95.561,42.617,62.413,96.474,45.355,37.894,,88.507,,,88.722,73.851,119.219,71.319,66.486,59.908,1.4365,1.1535,1.246,1.223,1.0525,1.1095,1.05,1.1096,1.1877,0.8142
B230,B230_GMS_1_5,1,triangulated,3,173,267.99,173,0.3,1020.0,smooth_all,251.348,251.348,257.257,257.257,24.642,24.642,25.221,25.221,36.284,75.434,-0.24755,-0.02209,0.04888,0.04416,0.03519,-0.02436,-0.02576,-0.003,0.00375,0.00862,297.662,291.272,187.562,118.309,290.967,210.651,149.528,,350.831,,,354.806,121.026,149.935,323.765,279.911,249.843,1.3382,1.1252,1.2453,1.2212,0.9913,1.0834,1.0363,1.0683,1.1225,0.7854
B230,B230_GMS_1_5,2,triangulated,3,173,319.72,173,0.3,1020.0,smooth_all,131.445,131.445,136.783,136.783,12.887,12.887,13.41,13.41,43.855,66.345,-0.22505,-0.03025,-0.00383,-0.02151,0.01734,-0.03347,0.00086,0.0004,-0.05956,-0.00261,121.975,144.474,138.647,60.633,109.342,62.181,31.1,,198.938,,,170.491,106.86,115.923,197.867,149.596,200.993,1.3229,1.2077,1.2944,1.2336,1.097,1.187,1.0298,1.0197,1.2222,0.7662
B230,B230_GMS_3_4,3,triangulated,3,93,215.74,173,0.3,1020.0,smooth_all,105.178,102.898,108.251,105.494,10.312,10.088,10.613,10.343,45.575,65.118,-0.26161,0.00827,0.06942,0.11653,0.03769,-0.00473,-0.03722,-0.01781,0.05943,0.01838,117.317,120.651,62.588,57.479,116.881,66.856,56.3,,134.021,,,146.097,134.892,182.062,99.083,97.448,84.736,1.3851,1.2114,1.3414,1.2843,1.0201,1.0978,1.0173,1.1402,1.1633,0.7944
B230,B230_GMS_3_4,1,triangulated,3,160,268.14,173,0.3,1020.0,smooth_all,208.066,208.066,202.616,202.616,20.399,20.399,19.864,19.864,36.569,61.637,-0.2127,-0.04024,0.03955,0.05303,0.03042,-0.03738,-0.00505,-0.01319,-0.02801,0.00772,220.529,224.74,166.778,105.606,216.836,174.877,105.256,,264.79,,,261.674,304.006,259.597,240.008,213.723,202.188,1.3483,1.2225,1.3807,1.214,1.0006,1.0897,1.0134,1.1029,1.1279,0.7917
B230,B230_GMS_3_4,2,triangulated,3,143,326.25,173,0.3,1020.0,smooth_all,77.95,78.245,78.999,79.389,7.642,7.671,7.745,7.783,48.949,58.76,-0.26668,-0.04761,0.01854,0.03328,-0.00265,-0.03475,-0.00424,-0.01263,-0.06463,-0.0185,82.181,91.527,46.808,50.444,85.332,36.201,80.759,,76.491,,,49.268,135.054,84.569,82.095,70.108,166.546,1.3489,1.221,1.4179,1.1884,1.0381,1.1902,1.0136,1.0559,1.1705,0.7966
B230,B230_GMS_3_5,3,triangulated,3,86,215.39,143,0.3,1020.0,smooth_all,88.399,81.512,90.404,83.393,8.667,7.991,8.863,8.176,45.925,59.249,-0.2405,-0.03583,0.00659,0.03141,0.01821,-0.01984,-0.00864,-0.01563,-0.0385,-0.00558,99.523,105.57,54.488,57.952,97.928,53.368,54.071,,98.41,,,115.316,114.299,165.328,72.151,78.434,64.912,1.3101,1.2834,1.3125,1.2446,1.0409,1.0866,1.0107,1.1236,1.1737,0.8102
B230,B230_GMS_3_5,1,triangulated,3,143,267.64,143,0.3,1020.0,smooth_all,243.76,243.76,248.887,248.887,23.898,23.898,24.401,24.401,39.184,65.763,-0.2438,-0.02497,0.02614,0.05066,0.03028,-0.03843,-0.00955,-0.01556,-0.03418,0.01179,259.026,263.35,202.168,117.298,255.29,234.191,143.847,,327.357,,,328.652,250.394,267.289,294.509,242.68,234.266,1.3079,1.1972,1.3364,1.2233,0.9777,1.0641,1.0433,1.0756,1.1241,0.7794
B230,B230_GMS_3_5,2,triangulated,3,104,325.95,143,0.3,1020.0,smooth_all,90.533,89.295,92.209,90.868,8.876,8.754,9.04,8.909,41.16,53.397,-0.27202,-0.03401,-0.00354,0.00699,-0.00498,-0.03728,-0.00295,-0.00864,-0.05998,-0.00958,98.792,106.754,69.282,28.352,103.482,64.422,43.403,,116.45,,,87.987,114.334,81.675,121.406,108.052,134.835,1.3027,1.2041,1.3512,1.1826,0.9977,1.2002,1.0281,1.0796,1.2007,0.803
B230,B230_GMS_4_1,3,triangulated,3,38,221.62,159,0.3,1020.0,smooth_all,108.752,108.913,110.707,110.668,10.662,10.678,10.854,10.85,46.058,56.392,-0.19037,0.03549,0.07433,0.0939,0.05363,-0.01055,-0.04035,-0.01097,0.06461,0.00552,122.119,135.384,73.647,64.706,110.705,75.96,69.716,,128.393,,,142.533,98.587,70.607,111.789,201.688,153.241,1.2568,1.3802,1.2257,1.2298,1.0474,0.9593,0.9717,0.9201,1.1878,0.8098
B230,B230_GMS_4_1,1,triangulated,3,159,269.02,159,0.3,1020.0,smooth_all,79.003,78.87,82.064,81.908,7.745,7.732,8.045,8.03,45.323,49.142,-0.07882,0.00962,-0.01702,-0.04271,0.01269,-0.03989,0.04066,0.01184,-0.09082,-0.01719,79.362,90.054,63.179,69.186,73.824,70.345,68.802,,71.956,,,67.933,115.663,126.38,79.414,104.728,74.037,1.2468,1.2342,1.2483,1.2485,1.1048,0.9535,1.0166,0.8882,1.1888,0.8402
B230,B230_GMS_4_1,2,triangulated,3,150,321.08,159,0.3,1020.0,smooth_all,nan,nan,nan,nan,nan,nan,nan,nan,nan,nan,-0.20102,-0.02031,-0.02167,-0.032,0.00824,-0.04266,0.02053,0.00182,-0.09386,-0.02735,,,,,,,,,,,,,,,,,,,,,,,,,,,
B230,B230_GMS_4_2,3,triangulated,3,105,221.31,133,0.3,1020.0,smooth_all,117.241,116.998,126.101,125.88,11.494,11.47,12.363,12.341,43.966,55.664,-0.28026,0.00569,0.03914,0.06017,0.03047,-0.0172,-0.02956,-0.00813,0.01764,-0.00099,122.321,122.031,107.941,136.985,128.585,100.793,110.487,,112.015,,,114.986,108.54,102.822,108.288,113.691,152.569,1.3124,1.357,1.3469,1.2378,1.0339,1.0157,1.136,1.1265,1.2019,0.7883
B230,B230_GMS_4_2,1,triangulated,3,133,268.98,133,0.3,1020.0,smooth_all,83.219,83.219,86.903,86.903,8.159,8.159,8.52,8.52,53.298,59.335,-0.14621,0.01096,-0.0003,-0.01708,0.0176,-0.03562,0.01329,0.00377,-0.06012,-0.00916,83.23,83.287,57.849,66.992,89.529,53.153,64.81,,60.31,,,79.517,166.996,172.637,68.496,75.48,74.848,1.2143,1.2628,1.2316,1.1886,1.0646,0.9067,1.013,1.0166,1.1008,0.7986
B230,B230_GMS_4_2,2,triangulated,3,130,321.35,133,0.3,1020.0,smooth_all,122.129,122.129,121.515,121.515,11.973,11.973,11.913,11.913,54.673,63.753,-0.26257,-0.03326,-0.01547,-0.01152,0.00767,-0.03484,0.0103,-0.00082,-0.08467,-0.02391,128.439,144.103,133.644,79.385,120.19,117.377,64.073,,157.628,,,151.093,188.883,143.507,152.605,56.089,89.438,1.2096,1.2692,1.2105,1.2467,1.0084,1.0934,0.9695,0.9464,1.2287,0.8249
B230,B230_GMS_4_4,3,triangulated,3,146,221.29,203,0.3,1020.0,smooth_all,143.577,142.962,144.856,143.301,14.076,14.016,14.202,14.049,40.621,59.348,-0.2316,0.02653,0.05089,0.0714,0.03437,-0.01717,-0.03052,-0.00751,0.04136,0.00517,161.933,169.233,105.313,59.086,156.158,107.613,80.351,,190.522,,,195.656,164.296,210.633,154.396,149.264,105.626,1.2688,1.4238,1.3065,1.2452,1.0086,1.0776,1.0183,1.1004,1.1789,0.7766
B230,B230_GMS_4_4,1,triangulated,3,203,269.08,203,0.3,1020.0,smooth_all,187.682,187.682,190.352,190.352,18.4,18.4,18.662,18.662,40.64,59.761,-0.09508,-0.0003,-0.0456,-0.08105,0.00301,-0.04184,0.04055,0.00494,-0.12104,-0.01191,193.325,200.107,148.488,86.002,187.866,156.309,95.935,,225.069,,,218.197,235.28,260.923,213.778,214.641,217.799,1.2519,1.2881,1.3057,1.2053,1.0328,1.0571,1.0338,1.0579,1.1464,0.8042
B230,B230_GMS_4_4,2,triangulated,3,203,321.53,203,0.3,1020.0,smooth_all,147.451,147.451,151.751,151.751,14.456,14.456,14.878,14.878,43.09,58.075,-0.22291,-0.03942,0.01722,0.00725,0.01896,-0.04296,0.00551,-0.00597,-0.07209,-0.02306,165.425,179.55,128.31,59.019,156.722,121.629,52.213,,190.779,,,164.291,189.048,149.492,190.762,146.502,185.753,1.2498,1.2775,1.2559,1.2942,1.1245,1.1655,1.0219,1.0608,1.2264,0.7673
B230,B230_GMS_4_5,3,triangulated,3,121,220.59,189,0.3,1020.0,smooth_all,135.888,132.145,139.56,135.516,13.322,12.955,13.682,13.286,47.083,66.374,-0.2655,0.01614,0.00819,0.03499,0.02088,-0.0162,-0.01475,-0.0064,-0.01033,-0.00292,150.599,155.839,96.754,47.869,150.249,104.821,74.339,,177.336,,,189.386,137.387,163.801,147.912,165.674,140.849,1.204,1.3962,1.2727,1.2646,1.0606,1.0242,1.038,1.0512,1.2152,0.8076
B230,B230_GMS_4_5,1,triangulated,3,184,268.43,189,0.3,1020.0,smooth_all,211.016,212.098,215.268,216.377,20.688,20.794,21.105,21.213,41.294,63.09,-0.1233,0.0096,0.00038,-0.00623,0.0117,-0.03222,0.0004,-0.00058,-0.03695,-0.00571,210.468,218.872,199.75,96.362,208.372,198.432,121.229,,279.75,,,255.82,152.632,210.082,274.162,262.672,251.501,1.2319,1.3176,1.2778,1.2103,1.0346,1.0686,1.0408,1.0325,1.1192,0.7766
B230,B230_GMS_4_5,2,triangulated,3,176,321.28,189,0.3,1020.0,smooth_all,157.678,158.936,161.424,162.582,15.459,15.582,15.826,15.939,47.249,64.602,-0.26773,-0.03285,0.08025,0.09366,0.03055,-0.02987,-0.04694,-0.00725,0.01564,0.00464,177.695,195.948,159.472,97.208,165.973,127.102,60.072,,196.979,,,170.83,155.45,139.344,210.903,158.686,218.101,1.2917,1.2623,1.2394,1.2563,1.0438,0.9952,1.0672,1.0515,1.2336,0.7897
B234,B234_GMS_1_1,3,triangulated,3,2,209.53,156,0.3,1020.0,smooth_all,68.974,68.974,69.416,69.416,6.762,6.762,6.805,6.805,41.567,45.973,-0.34249,-0.04191,0.01868,0.04033,0.02064,-0.03322,-0.00299,-0.00599,-0.05318,-0.01054,63.608,80.061,60.869,31.142,61.006,90.937,85.517,,77.508,,,79.757,62.479,92.012,54.465,56.885,68.687,1.2749,1.1445,1.2803,1.077,1.0282,0.9617,1.0547,1.115,1.2837,0.8397
B234,B234_GMS_1_1,1,triangulated,3,156,260.05,156,0.3,1020.0,smooth_all,72.118,72.118,71.722,71.722,7.07,7.07,7.032,7.032,38.497,47.714,-0.12677,-0.01189,0.00269,0.00967,0.01507,-0.03132,0.00715,-0.00392,-0.08095,-0.01058,81.137,85.044,51.81,54.277,77.465,74.043,39.967,,82.66,,,82.591,66.139,93.877,70.817,69.943,79.894,1.3109,1.1952,1.2895,1.1176,0.9982,0.9943,1.0247,1.0717,1.1851,0.8289
B234,B234_GMS_1_1,2,triangulated,3,151,305.77,156,0.3,1020.0,smooth_all,101.791,101.791,101.335,101.335,9.98,9.98,9.935,9.935,36.732,44.029,-0.19955,0.01555,-0.02996,-0.01416,-0.00937,-0.03093,0.02041,-0.00062,-0.07317,-0.01518,118.95,128.846,109.991,53.471,118.424,92.932,48.96,,122.062,,,99.765,105.428,110.286,121.357,92.404,106.931,1.3026,1.1874,1.2886,1.0914,1.0224,1.1333,1.0122,1.073,1.2817,0.8466
B234,B234_GMS_1_2,3,triangulated,3,33,207.24,185,0.3,1020.0,smooth_all,71.007,70.983,71.653,71.62,6.961,6.959,7.025,7.022,41.471,46.471,-0.32051,0.00866,0.05509,0.09443,0.02509,-0.01471,-0.03889,-0.01048,0.03883,0.00793,76.211,89.338,57.427,39.126,70.064,75.754,49.889,,76.212,,,78.866,72.698,166.959,48.82,44.577,48.111,1.2995,1.161,1.2605,1.1509,1.0326,0.9868,1.037,1.0606,1.2852,0.8584
B234,B234_GMS_1_2,1,triangulated,3,185,257.95,185,0.3,1020.0,smooth_all,104.421,104.421,104.268,104.268,10.237,10.237,10.222,10.222,33.874,49.134,-0.16377,-0.05397,0.0109,0.00574,0.01278,-0.03146,0.00918,-0.00472,-0.06655,-0.00714,112.191,117.882,93.938,31.792,106.105,102.388,42.662,,157.166,,,152.311,119.547,120.857,135.944,79.328,75.23,1.3184,1.1364,1.2585,1.1247,1.0167,1.0143,1.0248,1.054,1.1751,0.854
B234,B234_GMS_1_2,2,triangulated,3,185,304.69,185,0.3,1020.0,smooth_all,116.515,116.515,117.122,117.122,11.423,11.423,11.483,11.483,35.905,47.057,-0.24988,-0.064,-0.00482,-0.02636,-0.00212,-0.02697,0.00896,-0.00348,-0.08143,-0.01644,131.881,141.583,105.87,58.413,131.624,109.673,52.63,,143.829,,,123.977,120.618,104.77,136.953,109.466,157.604,1.3011,1.1096,1.2672,1.1172,1.0584,1.0389,0.9825,1.077,1.3366,0.8679
B234,B234_GMS_1_4,1,triangulated,2,187,261.12,187,0.3,1020.0,smooth_all,110.437,110.437,114.596,114.596,10.827,10.827,11.235,11.235,36.165,54.598,-0.2838,-0.04523,0.00233,0.00514,0.01571,-0.0273,-0.00308,-0.00655,-0.05568,-0.00089,138.689,126.493,83.026,45.277,140.355,111.391,61.592,,150.438,,,145.134,122.22,125.364,131.22,90.62,87.058,1.3439,1.1599,1.3027,1.1766,1.0217,1.0476,1.0066,1.1,1.2413,0.8609
B234,B234_GMS_1_4,2,triangulated,2,187,306.54,187,0.3,1020.0,smooth_all,91.457,91.457,94.764,94.764,8.966,8.966,9.291,9.291,39.013,56.346,-0.1983,-0.05569,-0.00412,-0.02961,-0.00039,-0.0334,-0.00044,-0.00433,-0.07693,-0.00915,99.259,109.652,67.652,51.735,98.021,76.755,39.634,,133.013,,,103.136,69.591,48.061,132.471,96.567,145.858,1.3142,1.148,1.2715,1.2008,1.0552,1.0345,1.0093,1.0713,1.3482,0.8932
B234,B234_GMS_2_1,1,triangulated,2,258,260.86,258,0.3,1020.0,smooth_all,89.983,89.983,90.161,90.161,8.822,8.822,8.839,8.839,36.727,49.665,-0.2083,-0.00272,0.04489,0.0792,0.03108,-0.01771,-0.04234,-0.00846,0.03509,0.0156,110.651,134.727,87.457,31.655,91.842,65.889,60.536,,116.03,,,102.868,52.472,59.837,119.687,113.565,111.869,1.2975,1.15,1.2903,1.134,1.0619,1.0634,1.0378,1.0287,1.219,0.8063
B234,B234_GMS_2_1,2,triangulated,2,234,304.18,258,0.3,1020.0,smooth_all,70.824,70.824,69.027,69.027,6.944,6.944,6.767,6.767,38.626,42.905,-0.20385,0.01534,0.00689,0.00661,0.00838,-0.02794,-0.01503,-0.00494,-0.02291,-0.00622,82.688,92.599,89.741,25.733,84.773,75.098,43.37,,77.104,,,64.569,76.397,75.7,73.628,52.537,78.355,1.3077,1.1323,1.3217,1.0972,1.1134,1.0658,0.9704,1.0021,1.293,0.8888
B234,B234_GMS_2_3,3,triangulated,3,21,210.26,218,0.3,1020.0,smooth_all,60.877,60.124,66.547,65.536,5.968,5.894,6.524,6.425,47.842,54.838,-0.39053,-0.03741,-0.02282,0.01892,-0.00396,-0.02281,-0.00233,-0.00781,-0.07511,-0.00326,66.802,82.902,65.862,47.877,59.074,84.967,66.474,,40.732,,,40.942,43.722,94.12,38.849,58.221,61.362,1.3461,1.1426,1.3743,1.167,1.0462,1.0246,1.089,1.1346,1.2838,0.8303
B234,B234_GMS_2_3,1,triangulated,3,218,258.88,218,0.3,1020.0,smooth_all,74.931,74.931,83.884,83.884,7.346,7.346,8.224,8.224,40.417,62.05,-0.28126,-0.03719,0.00437,0.02025,0.00985,-0.03735,0.00854,-0.00829,-0.07771,-0.00484,66.348,72.345,74.492,90.297,60.055,77.109,70.06,,89.193,,,89.71,62.999,61.756,85.874,68.06,71.667,1.347,1.1018,1.3543,1.1645,1.0473,1.0646,1.0218,1.1478,1.1683,0.7939
B234,B234_GMS_2_3,2,triangulated,3,180,303.57,218,0.3,1020.0,smooth_all,74.657,74.25,80.686,80.233,7.319,7.279,7.91,7.866,41.25,51.865,-0.33008,-0.07124,-0.01877,0.03443,0.00141,-0.03537,0.0126,-0.01347,-0.10095,-0.00928,66.297,86.388,102.686,84.677,75.502,59.887,62.339,,73.406,,,65.879,65.37,69.17,76.487,61.103,96.201,1.3324,1.065,1.3835,1.1151,1.0733,1.0736,1.0137,1.0546,1.3065,0.8504
B234,B234_GMS_2_5,3,triangulated,3,16,210.41,160,0.3,1020.0,smooth_all,124.529,117.348,110.514,95.998,12.209,11.505,10.835,9.412,43.763,55.117,-0.31651,-0.02419,0.02356,0.06261,0.01258,-0.02502,-0.0112,-0.01317,-0.02777,0.00225,127.056,139.151,124.4,116.382,120.232,125.246,98.246,,132.08,,,141.365,125.06,185.728,98.385,105.023,100.547,1.3285,1.1783,1.3394,1.1706,1.0495,1.1309,1.0829,1.2051,1.3087,0.8393
B234,B234_GMS_2_5,1,triangulated,3,159,261.55,160,0.3,1020.0,smooth_all,60.344,60.344,63.696,63.696,5.916,5.916,6.245,6.245,32.405,45.104,-0.23614,-0.00843,0.03345,0.05187,0.01593,-0.02597,-0.01386,-0.0055,-0.01369,0.00909,57.39,77.789,44.71,70.717,61.596,43.62,49.99,,92.361,,,78.726,33.407,49.084,87.155,44.768,48.023,1.3331,1.1095,1.3342,1.1268,1.0351,1.1131,1.0628,1.096,1.2317,0.8065
B234,B234_GMS_2_5,2,triangulated,3,155,307.14,160,0.3,1020.0,smooth_all,107.779,107.779,110.95,110.95,10.567,10.567,10.877,10.877,35.503,46.635,-0.35621,-0.05246,0.00147,0.00945,-0.00088,-0.03947,0.00907,-0.00046,-0.07654,-0.00374,121.187,134.388,120.693,60.61,116.988,104.962,40.135,,132.339,,,106.472,98.87,95.223,129.379,103.685,139.528,1.3313,1.11,1.333,1.1594,1.098,1.1326,1.0411,1.0946,1.303,0.8722
B234,B234_GMS_3_1,1,triangulated,2,87,260.81,161,0.3,1020.0,smooth_all,67.178,67.213,67.627,67.665,6.586,6.59,6.63,6.634,31.571,46.879,-0.24686,-0.01044,0.00572,0.05437,0.00062,-0.02536,-0.02648,-0.01616,0.00366,0.01335,74.472,80.823,42.83,44.284,77.249,39.226,52.548,,96.361,,,86.067,62.772,55.098,94.631,66.952,64.406,1.3029,1.1813,1.3257,1.1722,1.004,1.04,0.959,1.0829,1.2153,0.8142
B234,B234_GMS_3_1,2,triangulated,2,136,307.11,161,0.3,1020.0,smooth_all,80.917,80.917,82.763,82.763,7.933,7.933,8.114,8.114,31.897,45.763,-0.25264,-0.0517,-0.0182,0.01552,-0.00789,-0.03327,0.00878,-0.01117,-0.09055,-0.00875,78.999,90.56,82.026,42.538,79.294,63.769,50.624,,102.873,,,76.278,78.746,70.115,106.721,87.576,119.581,1.3237,1.1223,1.3323,1.1436,1.0185,1.0667,0.9569,1.0728,1.2572,0.8865
B234,B234_GMS_3_2,3,triangulated,3,4,210.58,171,0.3,1020.0,smooth_all,66.743,64.171,73.845,70.601,6.543,6.291,7.24,6.922,40.36,47.764,-0.28249,0.04867,0.06293,0.16375,0.025,0.00338,-0.04511,-0.01791,0.08405,0.03541,82.822,90.329,53.319,54.193,85.202,48.037,64.138,,69.392,,,70.719,61.616,83.496,63.398,54.226,53.502,1.3074,1.2579,1.3182,1.1744,1.0332,1.0129,1.0602,1.1066,1.2893,0.8568
B234,B234_GMS_3_2,1,triangulated,3,85,261.26,171,0.3,1020.0,smooth_all,114.181,114.419,114.591,114.782,11.194,11.218,11.234,11.253,33.228,54.442,-0.2791,0.00112,0.03762,0.09282,0.00642,-0.02106,-0.04389,-0.01438,0.05326,0.02546,131.469,130.998,81.518,53.058,132.846,92.216,61.147,,158.14,,,158.737,138.705,117.953,150.892,115.541,90.202,1.2862,1.2256,1.3062,1.1603,1.0536,0.9976,1.0252,1.0852,1.2229,0.822
B234,B234_GMS_3_2,2,triangulated,3,154,306.63,171,0.3,1020.0,smooth_all,99.346,99.346,99.836,99.836,9.74,9.74,9.788,9.788,36.457,44.769,-0.24876,-0.04738,0.01559,0.04752,-0.0054,-0.03139,-0.00906,-0.01184,-0.04925,-0.00158,113.871,128.191,102.805,29.561,111.15,104.141,35.543,,124.875,,,101.738,95.596,84.512,123.333,101.787,135.952,1.3123,1.1614,1.3062,1.0995,1.093,1.0358,1.0047,1.0591,1.3068,0.866
B234,B234_GMS_3_3,3,triangulated,3,5,207.4,190,0.3,1020.0,smooth_all,55.942,54.956,59.974,58.84,5.484,5.388,5.88,5.769,38.839,47.085,-0.3633,0.00802,0.02422,0.08882,0.01167,-0.00473,-0.02345,-0.01239,0.00257,0.00888,65.858,74.712,29.162,44.649,66.883,43.843,43.499,,47.733,,,52.498,54.026,118.808,41.809,47.951,49.736,1.2901,1.1582,1.2916,1.1232,1.0063,0.9945,1.0667,1.0982,1.2912,0.8665
B234,B234_GMS_3_3,1,triangulated,3,160,260.17,190,0.3,1020.0,smooth_all,82.601,82.601,84.585,84.585,8.098,8.098,8.293,8.293,31.559,42.286,-0.14375,-0.02331,0.02896,0.04083,0.01583,-0.02565,-0.03554,-0.01464,0.01712,0.01395,103.418,118.015,74.032,44.187,79.181,85.874,39.813,,107.024,,,95.872,66.639,77.33,103.895,78.732,100.432,1.2893,1.1716,1.2939,1.1114,1.0202,1.0514,1.0338,1.155,1.1956,0.8207
B234,B234_GMS_3_3,2,triangulated,3,139,307.53,190,0.3,1020.0,smooth_all,114.411,114.488,114.918,115.025,11.217,11.224,11.266,11.277,35.834,49.544,-0.23454,-0.03265,0.00472,0.01835,0.00058,-0.03152,-0.00509,-0.00916,-0.05777,-0.00271,125.163,134.747,115.297,46.131,127.547,98.717,44.382,,150.249,,,118.805,104.719,83.612,153.018,122.772,179.578,1.2563,1.1359,1.2735,1.1056,1.0816,1.0234,1.0246,1.123,1.2802,0.8637
B234,B234_GMS_3_4,3,triangulated,3,12,207.78,178,0.3,1020.0,smooth_all,67.106,65.801,70.647,68.664,6.579,6.451,6.926,6.732,43.09,47.85,-0.28823,0.05863,0.05569,0.14445,0.02311,-0.00263,-0.04675,-0.01456,0.09085,0.03566,76.882,87.475,80.152,53.071,72.457,52.686,52.289,,66.729,,,68.12,58.399,106.633,52.434,57.399,55.266,1.3386,1.169,1.3101,1.1955,1.0249,1.0093,1.0579,1.0518,1.2993,0.8476
B234,B234_GMS_3_4,1,triangulated,3,101,259.78,178,0.3,1020.0,smooth_all,67.958,66.49,68.569,66.988,6.663,6.519,6.722,6.567,37.172,50.15,-0.24598,-0.03039,0.03553,0.10127,0.00605,-0.02139,-0.03122,-0.01632,0.02033,0.0236,74.637,78.505,59.611,40.507,87.29,34.257,47.975,,67.622,,,82.802,85.662,59.792,79.984,91.876,70.664,1.3274,1.1608,1.3117,1.1762,1.0207,1.009,0.9964,1.0356,1.2693,0.8459
B234,B234_GMS_3_4,2,triangulated,3,170,306.74,178,0.3,1020.0,smooth_all,68.059,68.059,69.248,69.248,6.672,6.672,6.789,6.789,36.526,42.364,-0.29614,-0.06122,0.00665,0.0541,-0.00843,-0.02667,-0.01485,-0.01422,-0.04457,-0.00114,71.85,80.574,101.505,51.814,79.562,69.287,51.402,,73.597,,,60.564,59.802,53.217,76.221,45.502,79.613,1.354,1.0976,1.3103,1.175,1.0924,1.0159,1.0112,1.0123,1.3147,0.8532
B234,B234_GMS_4_2,1,triangulated,2,171,261.12,171,0.3,1020.0,smooth_all,74.378,74.378,76.672,76.672,7.292,7.292,7.517,7.517,37.837,48.78,-0.32513,-0.01495,0.00822,0.00266,0.00636,-0.03073,-0.01364,-0.00243,-0.03895,-0.00527,81.68,87.074,53.224,48.876,82.736,65.093,50.111,,81.252,,,83.07,88.162,89.973,75.084,71.227,86.171,1.2494,1.2073,1.2943,1.148,1.0348,1.0812,0.9991,1.0384,1.2333,0.8566
B234,B234_GMS_4_2,2,triangulated,2,157,305.06,171,0.3,1020.0,smooth_all,75.674,75.674,75.158,75.158,7.419,7.419,7.368,7.368,34.198,39.943,-0.16703,-0.04389,-0.03404,-0.07312,-0.018,-0.03469,0.02228,-0.00045,-0.10704,-0.02655,90.579,100.958,85.083,40.621,93.347,67.785,36.86,,85.789,,,76.623,94.823,81.193,80.799,60.103,66.215,1.2493,1.1539,1.2766,1.1306,1.0454,1.1087,1.044,1.0209,1.3531,0.9153
B234,B234_GMS_4_3,3,triangulated,3,2,211.89,173,0.3,1020.0,smooth_all,71.74,71.789,72.605,72.641,7.033,7.038,7.118,7.122,35.559,42.237,-0.28984,0.02129,0.0582,0.11941,0.02776,-0.0098,-0.04744,-0.00908,0.05529,0.01927,80.45,92.822,46.07,43.03,77.593,60.341,56.625,,79.56,,,80.892,68.737,92.296,56.801,87.944,81.708,1.2371,1.2238,1.2926,1.1547,1.021,1.0395,1.1497,1.1104,1.3606,0.8488
B234,B234_GMS_4_3,1,triangulated,3,172,260.63,173,0.3,1020.0,smooth_all,105.539,105.539,105.152,105.152,10.347,10.347,10.309,10.309,37.201,51.807,-0.33854,-0.01468,0.00651,-0.01879,-0.00142,-0.02688,-0.02396,-0.00325,-0.0288,-0.00074,104.675,102.651,70.466,58.583,120.022,98.557,76.704,,135.011,,,142.455,134.997,141.911,117.8,82.694,90.334,1.2527,1.2016,1.2933,1.144,1.0112,1.0798,1.0686,1.0797,1.2117,0.8331
B234,B234_GMS_4_3,2,triangulated,3,167,304.82,173,0.3,1020.0,smooth_all,92.218,92.309,90.17,90.293,9.041,9.05,8.84,8.852,37.899,44.301,-0.20538,-0.05322,-0.01562,-0.0604,-0.01919,-0.03129,0.00927,-0.0049,-0.08292,-0.02458,94.296,101.911,78.945,53.149,99.162,68.655,61.75,,111.943,,,99.207,103.167,95.708,112.764,103.051,113.87,1.2583,1.1567,1.2809,1.1008,1.0003,1.119,1.0837,1.0386,1.3535,0.846
B234,B234_GMS_4_4,1,triangulated,2,142,260.72,142,0.3,1020.0,smooth_all,61.772,61.772,64.017,64.017,6.056,6.056,6.276,6.276,38.776,45.262,-0.28386,-0.01895,0.00582,-0.00854,0.00161,-0.02877,-0.01364,-0.00433,-0.04529,-0.006,71.02,77.684,43.653,49.077,85.052,61.701,44.601,,68.252,,,64.114,60.339,55.451,59.646,55.889,78.97,1.2649,1.2345,1.3124,1.1523,1.0287,1.1025,0.9971,0.9932,1.2043,0.855
B234,B234_GMS_4_4,2,triangulated,2,141,304.82,142,0.3,1020.0,smooth_all,71.72,72.025,74.158,74.401,7.031,7.061,7.27,7.294,43.13,47.232,-0.18235,-0.02642,-0.02327,-0.04682,-0.01089,-0.03712,0.018,-0.00017,-0.08568,-0.01619,98.327,113.792,99.404,35.499,94.221,82.241,31.88,,77.964,,,59.174,77.078,67.645,78.028,43.589,43.167,1.2877,1.1687,1.3005,1.0974,1.0491,1.1472,1.0433,0.9394,1.3653,0.9194
B234,B234_GMS_4_5,1,triangulated,2,158,260.35,166,0.3,1020.0,smooth_all,46.602,46.273,48.06,47.723,4.569,4.537,4.712,4.679,34.758,39.853,-0.12915,0.00476,0.00544,-0.04885,0.00926,-0.03536,0.00934,-0.00111,-0.05773,-0.00772,49.262,56.028,24.678,46.887,51.514,28.217,46.601,,44.177,,,44.569,62.158,60.247,42.54,41.687,59.484,1.2581,1.1923,1.249,1.1637,1.0795,1.0924,1.042,1.1028,1.1843,0.8494
B234,B234_GMS_4_5,2,triangulated,2,166,304.38,166,0.3,1020.0,smooth_all,57.522,57.428,58.845,58.769,5.639,5.63,5.769,5.762,38.028,40.526,-0.12297,-0.02529,-0.02184,-0.08298,-0.01397,-0.03586,0.02298,0.00223,-0.09638,-0.02783,77.957,94.195,74.383,27.805,75.43,48.921,31.858,,58.952,,,49.358,65.078,57.247,48.907,41.449,53.716,1.2638,1.1308,1.2467,1.1222,1.0649,1.1851,1.0374,1.0093,1.3506,0.8909
B238,B238_GMS_1_1,3,triangulated,3,94,221.34,217,0.3,1020.0,smooth_all,113.7,106.768,120.057,112.306,11.147,10.467,11.77,11.01,43.837,60.981,-0.3506,-0.04453,-0.00833,0.01057,0.01423,-0.03108,-0.00759,-0.00746,-0.06161,-0.00661,112.215,120.69,86.703,52.625,110.57,85.917,68.454,,139.864,,,150.711,152.557,195.082,111.782,104.006,93.383,1.2103,1.2556,1.2221,1.2518,0.9994,1.1114,1.0139,1.0495,1.2905,0.7991
B238,B238_GMS_1_1,1,triangulated,3,217,266.11,217,0.3,1020.0,smooth_all,109.169,109.169,119.542,119.542,10.703,10.703,11.72,11.72,38.024,57.452,-0.08965,-0.03533,0.00501,0.0016,0.01551,-0.03944,0.00553,-0.00583,-0.06699,0.00852,107.095,111.11,95.266,52.767,106.408,97.248,54.851,,157.746,,,158.444,109.336,115.192,143.333,109.636,113.29,1.2123,1.2415,1.1981,1.2293,0.9577,1.0984,0.9949,1.0037,1.2185,0.7797
B238,B238_GMS_1_1,2,triangulated,3,157,306.97,217,0.3,1020.0,smooth_all,136.431,132.072,150.708,146.673,13.376,12.948,14.775,14.38,41.67,59.695,-0.27928,-0.03673,-0.02273,-0.01943,0.00126,-0.04057,0.00392,0.00039,-0.06619,0.00052,134.408,148.911,132.791,60.518,129.182,112.81,48.439,,183.133,,,149.23,123.839,99.882,186.564,170.855,209.043,1.2109,1.2287,1.2049,1.2441,0.9861,1.0983,0.9926,1.0373,1.297,0.7895
B238,B238_GMS_2_1,3,triangulated,3,58,221.6,259,0.3,1020.0,smooth_all,129.137,116.167,133.92,120.14,12.66,11.389,13.129,11.778,47.173,61.887,-0.3744,-0.07638,-0.04703,-0.03274,0.00589,-0.04383,0.02701,-0.00405,-0.12194,-0.02178,118.822,129.956,98.691,66.514,112.864,113.974,89.834,,146.553,,,160.878,181.126,247.126,109.662,119.74,109.849,1.226,1.2167,1.2394,1.1821,1.0002,1.0779,1.0145,1.0501,1.3166,0.8047
B238,B238_GMS_2_1,1,triangulated,3,259,266.34,259,0.3,1020.0,smooth_all,100.891,100.891,109.291,109.291,9.891,9.891,10.715,10.715,37.784,51.953,-0.19268,-0.01492,-0.0096,0.01069,0.0229,-0.0431,0.02229,-0.00647,-0.0826,0.00971,102.827,108.046,76.273,71.487,102.514,99.708,60.366,,128.037,,,133.133,125.815,125.192,122.79,99.965,91.522,1.2233,1.2042,1.2494,1.15,0.9907,1.0717,0.9887,1.0426,1.2422,0.7722
B238,B238_GMS_2_1,2,triangulated,3,192,307.13,259,0.3,1020.0,smooth_all,106.14,104.479,113.463,112.149,10.406,10.243,11.124,10.995,41.146,53.615,-0.29047,-0.0492,-0.03413,-0.02255,-0.00192,-0.03823,0.02777,-0.00314,-0.12354,-0.00858,101.963,112.218,90.429,79.793,105.043,82.207,53.008,,127.405,,,102.709,186.744,171.721,132.509,121.385,125.384,1.201,1.1875,1.2336,1.1555,0.9947,1.0666,1.0205,1.0686,1.3278,0.8125
B238,B238_GMS_2_2,3,triangulated,3,118,218.14,247,0.3,1020.0,smooth_all,134.216,129.195,136.813,130.831,13.158,12.666,13.413,12.827,38.777,55.182,-0.2443,-0.00992,0.04413,0.08075,0.02113,-0.01856,-0.03801,-0.00943,0.01563,0.00803,140.287,150.664,104.649,57.9,133.84,108.137,76.55,,174.909,,,188.065,162.649,200.955,135.486,129.684,114.538,1.2565,1.2183,1.206,1.2235,0.9837,1.0317,0.9897,1.034,1.2508,0.7821
B238,B238_GMS_2_2,1,triangulated,3,247,265.16,247,0.3,1020.0,smooth_all,154.799,154.799,160.173,160.173,15.176,15.176,15.703,15.703,35.334,55.425,-0.19244,-0.02516,0.01822,0.02056,0.01243,-0.034,-0.00934,-0.00585,-0.03617,0.00616,160.485,162.822,132.517,70.243,156.702,145.559,63.754,,214.604,,,211.532,184.501,187.328,194.493,156.537,149.065,1.2416,1.2188,1.1949,1.2509,0.9703,1.0174,0.9532,1.0526,1.2085,0.7724
B238,B238_GMS_2_2,2,triangulated,3,247,308.14,247,0.3,1020.0,smooth_all,183.772,183.771,188.563,188.534,18.017,18.017,18.487,18.484,36.57,53.392,-0.22805,-0.03173,-0.01808,-0.03023,-0.00304,-0.04083,0.00822,0.00372,-0.07772,-0.00513,195.917,208.222,179.826,93.983,185.301,171.433,75.636,,238.537,,,201.771,193.912,156.723,244.404,203.721,218.861,1.2355,1.1551,1.1991,1.2364,0.9884,1.0422,0.9624,1.0428,1.2854,0.7723
B238,B238_GMS_3_1,3,triangulated,3,110,219.39,210,0.3,1020.0,smooth_all,139.666,132.009,145.497,137.381,13.693,12.942,14.264,13.469,44.44,61.942,-0.29775,0.02612,0.08348,0.1434,0.01999,-0.00095,-0.05603,-0.01846,0.09548,0.03183,141.424,150.473,112.582,83.629,137.806,102.528,73.173,,172.976,,,191.056,175.834,204.929,131.29,142.305,136.885,1.2344,1.2553,1.2362,1.2115,0.9872,1.0527,0.9845,1.0602,1.3005,0.8048
B238,B238_GMS_3_1,1,triangulated,3,206,265.37,210,0.3,1020.0,smooth_all,117.503,117.503,124.892,124.892,11.52,11.52,12.244,12.244,37.968,58.317,-0.22748,-0.01151,0.00648,0.02844,-0.00275,-0.0267,-0.03393,-0.01473,0.01136,0.01524,111.392,120.354,105.964,90.486,106.661,98.692,72.269,,155.314,,,149.817,131.199,129.678,144.794,119.437,117.461,1.231,1.2447,1.2261,1.2616,0.9945,1.0239,0.9692,1.0509,1.2452,0.7681
B238,B238_GMS_3_1,2,triangulated,3,179,307.41,210,0.3,1020.0,smooth_all,153.223,152.246,155.754,154.784,15.022,14.926,15.27,15.175,44.39,58.351,-0.30714,-0.04224,0.00852,0.03712,-0.01117,-0.03266,-0.01584,-0.01327,-0.03747,-0.00323,159.144,174.215,146.512,71.653,152.466,138.831,75.124,,186.949,,,154.812,157.49,156.527,191.312,174.378,208.031,1.2236,1.2104,1.2184,1.2548,1.0264,1.0525,0.9735,1.0445,1.3246,0.8032
B238,B238_GMS_3_2,3,triangulated,3,78,219.48,120,0.3,1020.0,smooth_all,76.601,74.585,78.602,76.451,7.51,7.312,7.706,7.495,41.736,54.447,-0.21736,0.05361,0.0981,0.17285,0.03105,-0.0013,-0.05054,-0.0179,0.11512,0.03845,82.663,94.678,48.687,91.36,80.343,55.229,91.645,,63.915,,,81.546,71.907,97.533,71.356,62.642,72.109,1.2301,1.2958,1.2641,1.2378,0.9994,1.007,0.9686,1.0708,1.296,0.7892
B238,B238_GMS_3_2,1,triangulated,3,106,265.16,120,0.3,1020.0,smooth_all,107.432,107.432,110.092,110.092,10.533,10.533,10.793,10.793,36.779,51.293,-0.20475,-0.04426,0.00036,0.03728,0.00314,-0.03429,-0.00724,-0.02001,-0.00993,0.0196,131.484,130.248,78.446,71.072,136.229,98.165,62.415,,126.302,,,127.337,120.241,114.937,140.226,69.396,52.716,1.2274,1.2465,1.2196,1.2536,1.0114,1.0142,0.9574,1.0649,1.2192,0.7473
B238,B238_GMS_3_2,2,triangulated,3,62,307.01,120,0.3,1020.0,smooth_all,122.805,113.215,121.055,111.183,12.04,11.099,11.868,10.9,56.381,64.723,-0.43123,0.02712,-0.0093,0.08033,-0.00289,-0.02919,-0.0172,-0.01233,0.02116,0.0167,107.634,112.438,80.897,81.791,116.718,132.78,92.568,,133.962,,,108.32,112.709,112.139,148.09,155.803,222.619,1.1964,1.2498,1.2217,1.212,1.049,1.0318,1.0017,1.1071,1.2859,0.7788
B238,B238_GMS_3_5,3,triangulated,3,63,214.76,169,0.3,1020.0,smooth_all,131.963,127.212,131.907,126.68,12.938,12.472,12.932,12.42,41.955,56.737,-0.24375,-0.00581,0.06931,0.12593,0.02385,0.00134,-0.03568,-0.01788,0.06358,0.01928,133.641,142.736,107.938,79.781,128.476,91.445,76.013,,152.573,,,157.592,153.26,180.572,128.312,162.478,190.513,1.2368,1.1702,1.2671,1.1412,0.967,1.0699,0.9596,1.0508,1.3177,0.7918
B238,B238_GMS_3_5,1,triangulated,3,135,265.86,169,0.3,1020.0,smooth_all,133.087,133.087,133.387,133.387,13.048,13.048,13.077,13.077,37.712,59.831,-0.17968,0.02132,-0.01063,0.02766,-0.00429,-0.01621,-0.01719,-0.01067,0.00282,0.01706,127.045,139.741,129.359,65.289,117.548,78.592,51.953,,188.459,,,179.22,155.77,141.487,182.818,172.573,169.77,1.2254,1.2041,1.2389,1.2097,0.9793,1.0576,0.9647,1.0704,1.2192,0.7492
B238,B238_GMS_3_5,2,triangulated,3,114,312.0,169,0.3,1020.0,smooth_all,125.009,124.513,123.866,123.254,12.256,12.207,12.144,12.084,40.177,48.029,-0.30648,-0.00923,-0.00639,0.03385,-0.00303,-0.02614,-0.02054,-0.00964,-0.01825,0.00988,127.191,134.549,104.413,44.878,128.024,123.386,86.378,,153.986,,,124.937,126.07,119.362,157.607,136.838,185.526,1.2232,1.1803,1.2591,1.1513,0.9968,1.074,0.9981,1.0348,1.2871,0.7902
B238,B238_GMS_4_1,3,triangulated,3,106,217.36,169,0.3,1020.0,smooth_all,104.994,100.162,107.99,102.874,10.294,9.82,10.587,10.086,41.164,52.628,-0.28684,-0.00427,0.04212,0.09023,0.01144,-0.00557,-0.02833,-0.0131,0.01374,0.01666,109.853,123.464,102.636,81.447,103.123,76.78,66.486,,122.774,,,138.315,121.772,140.648,93.778,97.812,90.995,1.2823,1.1998,1.2439,1.183,0.9678,1.0275,1.0,1.0551,1.3085,0.7815
B238,B238_GMS_4_1,1,triangulated,3,160,265.99,169,0.3,1020.0,smooth_all,86.249,86.326,94.723,94.61,8.456,8.463,9.287,9.275,38.168,47.652,-0.21883,-0.00749,0.01771,0.03953,0.00175,-0.0264,-0.03199,-0.00942,0.01201,0.0175,88.858,97.016,87.512,51.132,88.476,82.243,58.669,,107.08,,,113.985,94.958,100.654,93.628,69.447,74.624,1.2582,1.2201,1.2503,1.2278,0.9781,1.042,0.979,1.05,1.2365,0.7633
B238,B238_GMS_4_1,2,triangulated,3,165,310.05,169,0.3,1020.0,smooth_all,121.665,121.665,133.572,133.572,11.928,11.928,13.095,13.095,36.303,54.606,-0.25085,-0.04118,-0.02398,-0.01603,-0.02233,-0.0338,0.0069,-0.0063,-0.07622,-0.01409,124.732,137.078,94.226,45.639,121.543,98.476,56.031,,169.722,,,142.862,137.5,125.163,175.384,136.971,139.787,1.2678,1.1768,1.2685,1.1993,0.9992,1.0473,0.985,1.0191,1.3355,0.7852
B238,B238_GMS_4_2,3,triangulated,3,87,219.52,168,0.3,1020.0,smooth_all,95.223,94.736,94.963,94.179,9.336,9.288,9.31,9.233,39.465,49.379,-0.23462,0.04758,0.02242,0.05377,0.02172,-0.02048,-0.02485,-0.00278,0.01461,-0.00049,104.091,116.965,82.384,52.665,96.262,68.362,42.693,,127.392,,,135.501,98.096,104.846,102.487,116.431,95.81,1.2298,1.2271,1.2236,1.2363,1.0553,1.0576,1.0237,1.0391,1.3227,0.7864
B238,B238_GMS_4_2,1,triangulated,3,168,266.05,168,0.3,1020.0,smooth_all,77.19,77.19,78.628,78.628,7.568,7.568,7.709,7.709,42.227,53.64,-0.17718,0.00275,-0.07179,-0.11601,-0.0367,-0.03456,0.03201,0.0107,-0.12106,-0.02816,73.772,79.531,68.052,43.449,72.734,58.74,46.95,,76.792,,,85.651,120.809,120.423,75.618,93.269,81.047,1.2063,1.1962,1.1851,1.2533,1.0333,0.9902,0.9517,1.0357,1.2293,0.7972
B238,B238_GMS_4_2,2,triangulated,3,158,308.38,168,0.3,1020.0,smooth_all,172.093,172.188,175.268,174.766,16.872,16.881,17.183,17.134,36.867,52.884,-0.24922,-0.0473,0.00565,-0.01191,0.01662,-0.03391,0.01623,0.00152,-0.08198,-0.02606,178.238,183.577,161.036,83.624,178.032,133.587,88.377,,216.864,,,195.264,245.562,205.69,215.944,165.893,184.951,1.2057,1.2142,1.2679,1.1995,0.948,1.1098,0.9778,0.9993,1.3255,0.7783
B238,B238_GMS_4_3,3,triangulated,3,127,216.76,193,0.3,1020.0,smooth_all,144.141,143.517,139.616,138.593,14.132,14.07,13.688,13.588,39.27,54.475,-0.30098,-0.00374,-0.01263,0.01106,0.00064,-0.01535,-0.00885,-0.00428,-0.04189,-0.01275,151.636,161.868,125.101,77.23,145.653,124.858,74.595,,182.58,,,194.552,157.567,184.672,147.761,159.412,132.012,1.2155,1.2474,1.2058,1.2271,0.9742,1.0167,0.9602,1.0184,1.302,0.7902
B238,B238_GMS_4_3,1,triangulated,3,193,264.95,193,0.3,1020.0,smooth_all,147.152,147.152,144.097,144.097,14.427,14.427,14.127,14.127,41.474,55.912,-0.26835,-0.02293,-0.03549,-0.04156,-0.01824,-0.02529,-0.00063,-0.00437,-0.07786,-0.01575,142.112,149.367,139.908,91.333,143.311,131.846,72.746,,185.656,,,185.627,177.71,164.781,173.502,165.939,139.977,1.1869,1.2408,1.1891,1.2405,0.9932,1.0389,0.9761,1.0236,1.2112,0.7641
B238,B238_GMS_4_3,2,triangulated,3,169,308.99,193,0.3,1020.0,smooth_all,200.375,200.511,201.834,202.087,19.645,19.658,19.788,19.812,41.328,56.529,-0.32087,-0.08631,-0.03746,-0.06791,-0.01519,-0.03398,0.03319,-0.00052,-0.14183,-0.04364,214.603,223.949,200.567,125.628,210.171,177.932,106.068,,245.772,,,215.285,221.637,197.133,252.423,203.082,213.112,1.2156,1.1935,1.205,1.2123,1.0135,1.0307,0.9745,1.0255,1.3522,0.7948
B244,B244_GMS_1_1,3,triangulated,3,279,223.73,279,0.3,1020.0,smooth_all,59.276,59.276,60.123,60.123,5.811,5.811,5.894,5.894,34.325,36.72,-0.11203,0.03421,0.02769,0.05212,0.03019,-0.02482,-0.00598,0.00151,-0.01254,0.00415,71.906,82.062,41.225,48.486,74.677,42.64,43.267,,61.569,,,57.153,55.049,67.098,56.343,55.277,75.412,1.2181,1.2165,1.2581,1.1088,1.0575,0.9825,1.1559,0.9688,1.3895,0.8986
B244,B244_GMS_1_1,1,triangulated,3,279,269.42,279,0.3,1020.0,smooth_all,64.135,64.135,65.226,65.226,6.288,6.288,6.395,6.395,33.155,41.307,-0.13206,0.01889,-0.00863,0.00357,0.02895,-0.03522,0.00408,0.00176,-0.03768,-0.0009,69.52,74.187,46.234,47.467,73.214,59.116,42.456,,76.123,,,80.442,81.829,76.025,60.426,48.646,60.087,1.2513,1.2153,1.2307,1.1474,1.1516,0.9662,1.1625,0.9894,1.2843,0.8187
B244,B244_GMS_1_1,2,triangulated,3,211,309.15,279,0.3,1020.0,smooth_all,77.514,77.51,77.896,77.786,7.599,7.599,7.637,7.626,33.271,39.202,-0.21905,-0.00364,0.03736,0.06153,0.03284,-0.0378,-0.02297,-0.00768,-0.00841,0.0002,84.052,88.568,55.776,46.828,90.508,76.608,57.666,,91.635,,,74.736,99.37,114.756,87.039,58.899,58.76,1.2365,1.1932,1.2281,1.1649,1.1385,0.9822,1.1102,0.9638,1.397,0.8961
B244,B244_GMS_3_1,3,triangulated,3,248,221.55,248,0.3,1020.0,smooth_all,74.989,74.989,75.178,75.178,7.352,7.352,7.37,7.37,35.844,46.647,-0.17219,0.02541,0.05545,0.09578,0.04363,-0.02013,-0.04259,-0.00421,0.04884,0.01668,92.199,102.695,58.72,54.06,83.727,66.796,33.032,,103.1,,,92.784,52.943,47.47,92.138,96.351,83.3,1.1977,1.3018,1.216,1.1878,1.03,0.9717,1.135,1.0779,1.3322,0.9186
B244,B244_GMS_3_1,1,triangulated,3,248,266.9,248,0.3,1020.0,smooth_all,53.067,53.067,53.48,53.48,5.203,5.203,5.243,5.243,35.093,41.214,-0.05369,0.04804,-0.01804,-0.0662,0.01623,-0.02937,0.01779,0.01218,-0.05063,-0.00365,58.363,72.248,34.688,65.764,55.429,35.228,56.802,,45.565,,,45.777,45.642,61.528,41.523,48.14,79.134,1.2254,1.2582,1.2108,1.1979,1.0604,0.9804,1.086,1.0149,1.3325,0.8601
B244,B244_GMS_3_1,2,triangulated,3,57,306.31,248,0.3,1020.0,smooth_all,55.817,55.865,56.246,56.29,5.472,5.477,5.514,5.519,33.985,35.096,-0.1608,0.04798,-0.01654,-0.00487,0.02939,-0.02699,0.00274,0.00397,-0.0214,-0.01311,67.314,68.197,32.59,49.86,75.75,53.717,55.577,,58.371,,,35.37,72.405,106.519,55.31,28.299,22.164,1.2088,1.2542,1.242,1.1902,1.0937,0.971,1.0904,0.9611,1.3569,0.8904
B244,B244_GMS_4_1,3,triangulated,3,199,222.21,202,0.3,1020.0,smooth_all,119.711,119.711,120.818,120.818,11.736,11.736,11.845,11.845,39.222,45.577,-0.26085,0.00253,-0.02436,0.03153,-0.0085,-0.01541,-0.00228,-0.00973,-0.06561,0.00462,109.715,108.435,80.942,118.994,121.257,106.451,121.734,,105.617,,,109.27,168.711,203.807,120.845,90.826,108.127,1.2996,1.1405,1.3068,1.1074,1.0351,0.9843,1.1124,1.0343,1.4051,0.9313
B244,B244_GMS_4_1,1,triangulated,3,194,269.63,202,0.3,1020.0,smooth_all,303.385,304.216,304.206,304.779,29.744,29.825,29.824,29.88,47.961,72.506,-0.24897,-0.05685,-0.03387,0.01683,-0.00598,-0.03081,0.00276,-0.01241,-0.07922,0.00736,253.958,288.725,257.215,233.237,257.472,225.311,214.352,,341.886,,,339.053,308.049,340.53,363.146,396.438,412.19,1.3132,1.1172,1.3003,1.1003,1.0847,0.9945,1.1093,0.9888,1.2667,0.8672
B244,B244_GMS_4_1,2,triangulated,3,183,310.69,202,0.3,1020.0,smooth_all,102.649,102.649,103.151,103.151,10.064,10.064,10.113,10.113,38.957,44.097,-0.27479,-0.04535,-0.01674,0.04671,-0.00552,-0.03047,0.02059,-0.0109,-0.097,-0.01111,99.701,112.207,73.956,84.774,103.446,74.514,88.321,,111.382,,,111.247,102.079,108.516,109.364,131.21,124.655,1.3127,1.1217,1.3405,1.1368,1.1314,0.9782,1.0897,0.9636,1.3843,0.9274
B244,B244_GMS_4_2,3,triangulated,3,204,224.1,209,0.3,1020.0,smooth_all,100.205,100.205,100.851,100.851,9.824,9.824,9.887,9.887,43.556,53.818,-0.26702,0.04047,0.0615,0.11224,0.02097,-0.01143,-0.04559,-0.01297,0.03832,0.02171,100.818,113.359,78.446,40.526,100.034,81.694,61.241,,121.094,,,121.346,129.342,147.626,110.535,100.291,96.648,1.263,1.2542,1.2861,1.1351,1.0646,0.9981,1.0957,1.0862,1.3493,0.9255
B244,B244_GMS_4_2,1,triangulated,3,209,270.52,209,0.3,1020.0,smooth_all,106.733,106.733,107.434,107.434,10.464,10.464,10.533,10.533,38.808,51.575,-0.24416,-0.0262,-0.00484,0.00817,-0.00854,-0.03249,-0.00508,-0.00709,-0.05305,-0.00335,109.692,117.979,87.143,66.265,106.96,75.453,58.433,,127.934,,,123.266,106.666,98.023,128.229,140.392,148.988,1.2508,1.2159,1.233,1.1787,1.1204,1.0274,1.1092,1.0306,1.2586,0.8159
B244,B244_GMS_4_2,2,triangulated,3,158,310.8,209,0.3,1020.0,smooth_all,85.996,85.829,92.059,91.745,8.431,8.415,9.025,8.995,41.278,46.363,-0.26261,-0.04314,0.00996,0.03344,0.00658,-0.03275,-0.00109,-0.01061,-0.07166,-0.0167,94.188,99.515,72.365,40.021,98.259,91.572,58.79,,101.264,,,79.195,111.403,104.778,99.552,57.465,96.23,1.2402,1.1987,1.2198,1.1851,1.1274,1.0026,1.0876,0.9672,1.3432,0.8861
B244,B244_GMS_4_3,3,triangulated,3,115,225.95,154,0.3,1020.0,smooth_all,102.333,102.333,103.884,103.884,10.033,10.033,10.185,10.185,48.064,73.78,-0.20756,0.00648,0.0764,0.12208,0.04097,-0.01881,-0.04966,-0.00803,0.05057,0.01832,78.035,92.983,48.483,56.135,79.524,52.014,86.471,,124.42,,,123.361,178.592,200.14,130.865,95.227,99.13,1.2586,1.2258,1.2702,1.1246,1.0393,0.8746,1.1853,1.0398,1.3897,0.9271
B244,B244_GMS_4_3,1,triangulated,3,144,271.18,154,0.3,1020.0,smooth_all,80.085,80.085,81.104,81.104,7.851,7.851,7.951,7.951,39.056,49.416,-0.14768,-0.00711,-0.00911,-0.00194,0.01364,-0.02838,0.00823,0.00031,-0.04843,-0.00618,75.661,90.188,49.98,81.995,66.309,40.752,76.999,,73.215,,,71.609,58.65,68.295,99.036,128.698,143.574,1.2389,1.2172,1.2367,1.2188,1.0933,0.983,1.1183,1.0382,1.2604,0.8408
B244,B244_GMS_4_3,2,triangulated,3,113,310.61,154,0.3,1020.0,smooth_all,76.445,76.445,77.914,77.914,7.495,7.495,7.639,7.639,36.76,41.757,-0.21619,-0.01044,0.03728,0.06291,0.03163,-0.03214,-0.00982,-0.00863,-0.03422,-0.00736,88.113,93.924,49.269,44.451,94.481,77.433,58.086,,91.607,,,72.253,99.756,107.604,87.081,44.023,61.85,1.2547,1.2385,1.2481,1.242,1.1149,0.9822,1.1434,0.914,1.3459,0.8822
B244,B244_GMS_4_4,3,triangulated,3,154,226.23,172,0.3,1020.0,smooth_all,83.113,83.113,83.768,83.768,8.148,8.148,8.213,8.213,33.076,40.582,-0.18756,-0.01673,-0.00425,-0.00523,-0.00755,-0.03523,-0.00804,-0.00532,-0.04947,-0.00388,91.601,95.19,68.238,85.079,98.934,76.718,82.961,,81.662,,,80.542,91.093,83.695,85.389,66.988,75.105,1.3117,1.1432,1.3051,1.1374,1.0572,1.0197,1.0753,1.0798,1.4346,0.9062
B244,B244_GMS_4_4,1,triangulated,3,151,270.49,172,0.3,1020.0,smooth_all,97.17,97.154,101.571,101.483,9.526,9.525,9.958,9.949,37.351,53.266,-0.21479,-0.05015,-0.02869,-0.01361,-0.01043,-0.03867,0.0166,-0.0066,-0.09167,-0.00992,94.688,104.12,72.751,84.056,89.524,64.916,59.801,,112.462,,,112.114,108.779,97.809,104.314,119.596,137.071,1.264,1.2575,1.2717,1.1478,1.1071,1.0184,1.0933,1.0337,1.2752,0.8365
B244,B244_GMS_4_4,2,triangulated,3,119,309.19,172,0.3,1020.0,smooth_all,79.364,79.147,79.208,78.947,7.781,7.759,7.766,7.74,37.331,46.416,-0.24258,-0.01729,-0.00655,0.00406,0.01095,-0.03507,0.01111,-0.00741,-0.07049,-0.01433,81.29,91.038,43.044,50.98,87.035,60.271,49.012,,97.804,,,68.119,94.172,77.954,97.987,70.21,145.584,1.2659,1.2237,1.2381,1.193,1.1304,1.0159,1.1105,1.0426,1.3841,0.8695
B244,B244_GMS_4_5,3,triangulated,3,129,225.27,170,0.3,1020.0,smooth_all,71.935,71.935,67.675,67.675,7.052,7.052,6.635,6.635,42.002,47.922,-0.26494,0.0204,0.00278,0.04637,-0.00081,-0.01787,-0.03341,-0.00605,-0.00111,0.005,64.031,68.964,39.399,59.536,68.436,36.21,67.446,,62.547,,,68.104,146.482,173.148,57.48,45.028,52.942,1.2418,1.1927,1.2589,1.1306,1.0512,0.9399,1.2379,0.9649,1.3102,0.973
B244,B244_GMS_4_5,1,triangulated,3,137,269.32,170,0.3,1020.0,smooth_all,201.003,201.003,196.401,196.401,19.706,19.706,19.255,19.255,45.659,58.621,-0.27212,0.02165,-0.02342,-0.02682,-0.01306,-0.02355,-0.01306,-0.00505,-0.01591,-0.00113,202.158,194.382,121.586,160.526,208.411,131.038,172.642,,246.522,,,248.467,205.222,208.741,242.269,232.948,240.985,1.2576,1.2165,1.2281,1.2093,1.1206,1.0169,1.1438,1.045,1.2923,0.8858
B244,B244_GMS_4_5,2,triangulated,3,119,307.79,170,0.3,1020.0,smooth_all,99.72,99.72,101.101,101.101,9.776,9.776,9.912,9.912,47.427,53.001,-0.29464,-0.04507,0.00713,0.03624,0.01649,-0.03199,0.00827,-0.00772,-0.0944,-0.0221,114.788,117.015,97.603,51.374,119.03,116.314,73.195,,115.547,,,106.131,148.804,127.997,102.031,41.848,62.808,1.2734,1.2381,1.232,1.2347,1.223,0.9773,1.1969,0.9463,1.3571,0.9338
B277,B277_GMS_1_2,3,triangulated,3,186,228.19,186,0.3,1020.0,smooth_all,82.901,82.901,83.325,83.325,8.128,8.128,8.169,8.169,38.636,61.552,-0.33155,-0.03185,0.02274,0.04136,0.02932,-0.03228,-0.0097,-0.00577,-0.03826,-0.0019,69.464,83.605,48.979,50.098,74.495,89.056,66.592,,101.751,,,116.325,105.22,142.023,81.168,73.828,54.56,1.2319,1.2212,1.2747,1.1534,1.044,1.0511,1.0378,1.1733,1.1679,0.76
B277,B277_GMS_1_2,1,triangulated,3,186,268.66,186,0.3,1020.0,smooth_all,107.268,107.268,108.558,108.558,10.516,10.516,10.643,10.643,38.556,62.709,-0.17221,-0.04805,-0.00567,0.05472,0.02442,-0.03344,-0.00114,-0.00591,-0.02867,0.00834,82.4,88.584,151.804,120.306,76.868,136.792,107.579,,118.564,,,103.395,87.869,97.723,111.267,87.027,132.515,1.2628,1.1986,1.2359,1.1555,1.0527,1.0358,1.032,1.0751,1.044,0.747
B277,B277_GMS_1_2,2,triangulated,3,177,312.12,186,0.3,1020.0,smooth_all,121.242,120.844,127.22,126.787,11.886,11.847,12.473,12.43,44.79,65.412,-0.39807,-0.00014,-0.00861,0.06075,0.00812,-0.03865,-0.00563,-0.00309,-0.05834,-0.00836,114.615,145.982,155.106,80.53,99.348,115.098,71.796,,141.043,,,103.588,82.566,71.288,150.897,145.686,219.838,1.239,1.1648,1.229,1.1713,1.09,1.0605,1.0668,1.0365,1.1173,0.7512
B277,B277_GMS_1_3,3,triangulated,3,152,226.17,159,0.3,1020.0,smooth_all,81.961,79.96,87.964,85.944,8.035,7.839,8.624,8.426,48.112,58.101,-0.36266,-0.06152,-0.05794,-0.00902,0.0243,-0.03149,0.02636,-0.00227,-0.1029,-0.02737,92.876,102.401,72.835,84.836,90.249,77.407,85.223,,54.749,,,58.683,68.916,136.226,71.486,92.422,58.482,1.2675,1.1743,1.2596,1.1297,1.1543,1.0754,1.089,1.1825,1.1417,0.7265
B277,B277_GMS_1_3,1,triangulated,3,159,267.51,159,0.3,1020.0,smooth_all,107.689,107.689,103.359,103.359,10.558,10.558,10.133,10.133,45.37,85.211,-0.18897,-0.06604,-0.07229,-0.0245,0.03973,-0.03671,0.0442,-0.00805,-0.09482,-0.03688,66.016,68.271,221.755,254.397,63.772,195.356,197.607,,51.748,,,54.836,41.154,74.943,70.135,67.706,63.964,1.3074,1.129,1.3552,1.1193,1.028,1.0267,0.9869,1.1439,1.0756,0.7197
B277,B277_GMS_1_3,2,triangulated,3,159,312.34,159,0.3,1020.0,smooth_all,199.344,199.344,205.792,205.792,19.544,19.544,20.176,20.176,51.564,71.04,-0.40992,-0.07216,-0.05315,0.01133,0.01477,-0.04033,0.02614,0.00043,-0.12244,-0.03976,163.331,183.434,309.181,267.769,161.343,216.149,188.158,,159.59,,,141.088,162.67,175.531,172.996,183.066,300.908,1.2933,1.0771,1.3131,1.0586,1.0885,1.0674,1.0749,1.079,1.1411,0.7079
B277,B277_GMS_1_5,3,triangulated,3,96,227.69,194,0.3,1020.0,smooth_all,145.341,141.579,147.807,144.083,14.249,13.88,14.491,14.126,56.261,80.243,-0.31844,-0.01512,0.08415,0.15196,0.02861,-0.01684,-0.03687,-0.01474,0.04155,0.01778,132.265,136.379,136.92,93.009,135.123,166.71,169.508,,154.521,,,171.77,171.201,268.324,114.63,90.093,93.291,1.2153,1.1893,1.2313,1.1633,1.0662,1.0822,1.0373,1.1144,1.1477,0.7494
B277,B277_GMS_1_5,1,triangulated,3,186,271.59,194,0.3,1020.0,smooth_all,107.845,107.845,107.785,107.785,10.573,10.573,10.567,10.567,37.421,46.542,-0.23382,-0.04243,-0.00365,0.0318,0.00752,-0.0293,0.00316,-0.01299,-0.00976,0.00474,89.607,95.534,105.418,41.282,85.598,109.947,63.053,,143.819,,,133.059,117.724,162.354,133.75,96.571,124.734,1.2104,1.1795,1.2259,1.1692,1.0782,1.0464,1.0147,1.1094,1.0159,0.7101
B277,B277_GMS_1_5,2,triangulated,3,178,315.47,194,0.3,1020.0,smooth_all,185.08,185.08,191.14,191.14,18.145,18.145,18.739,18.739,48.54,77.387,-0.35693,-0.04296,-0.02356,0.03063,0.00178,-0.03951,0.02865,-0.00918,-0.08405,-0.00992,178.986,219.587,204.264,135.111,152.271,125.838,99.049,,223.935,,,169.776,135.117,117.592,249.017,239.99,328.607,1.2155,1.1358,1.2108,1.1255,1.0726,1.1211,1.0265,1.0248,1.1456,0.7399
B277,B277_GMS_2_3,3,triangulated,3,183,229.28,272,0.3,1020.0,smooth_all,97.84,97.783,105.56,105.226,9.592,9.587,10.349,10.316,42.879,56.764,-0.34391,-0.06524,-0.03009,0.00138,0.0033,-0.03833,0.02266,-0.00913,-0.09887,-0.00274,99.391,99.848,62.582,79.195,105.258,115.317,84.168,,104.083,,,118.901,117.112,167.852,77.568,66.784,69.968,1.2598,1.2547,1.3251,1.1882,1.0205,1.0614,1.0155,1.1281,1.1256,0.7731
B277,B277_GMS_2_3,1,triangulated,3,254,270.06,272,0.3,1020.0,smooth_all,133.767,133.767,129.85,129.85,13.114,13.114,12.73,12.73,39.118,64.961,-0.26591,-0.07242,-0.04203,-0.01121,-0.00266,-0.04953,0.04149,-0.00629,-0.13224,-0.01025,114.322,116.551,115.446,107.64,128.657,124.737,113.531,,159.736,,,152.47,110.821,143.57,173.432,142.661,159.214,1.2325,1.1903,1.3784,1.1275,1.0093,1.0808,1.0757,1.0199,1.0833,0.7405
B277,B277_GMS_2_3,2,triangulated,3,253,312.88,272,0.3,1020.0,smooth_all,109.334,109.334,99.071,99.071,10.719,10.719,9.713,9.713,43.492,62.144,-0.35798,-0.06789,-0.06403,-0.02806,-0.01275,-0.05469,0.04647,-0.00763,-0.1545,-0.01892,102.956,120.372,115.825,86.836,115.314,92.509,90.574,,112.826,,,107.811,83.29,86.617,121.152,117.371,173.377,1.2283,1.1827,1.2641,1.1568,1.0261,1.0646,1.007,1.0334,1.1253,0.7625
B277,B277_GMS_2_4,3,triangulated,3,252,228.35,279,0.3,1020.0,smooth_all,95.901,91.179,103.604,98.289,9.402,8.939,10.157,9.636,42.582,64.708,-0.22917,-0.08848,-0.00944,0.00465,0.01264,-0.03668,0.01915,-0.01057,-0.10629,-0.01665,90.866,101.118,44.876,92.477,90.635,77.76,93.849,,114.872,,,136.621,145.876,153.376,82.085,51.601,57.953,1.3029,1.2242,1.3337,1.2453,1.0472,1.1106,1.0193,1.1501,1.1847,0.7589
B277,B277_GMS_2_4,1,triangulated,3,279,269.14,279,0.3,1020.0,smooth_all,102.94,102.94,106.295,106.295,10.092,10.092,10.421,10.421,35.341,52.66,-0.22063,-0.10029,-0.04026,-0.0218,0.00347,-0.04597,0.03289,-0.00962,-0.14132,-0.0279,99.075,102.757,67.181,68.624,97.112,89.219,72.972,,142.617,,,142.144,121.997,116.015,134.61,85.49,103.364,1.3723,1.2034,1.3095,1.1882,1.0024,1.1329,0.9943,1.1126,1.1008,0.7293
B277,B277_GMS_2_4,2,triangulated,3,251,312.53,279,0.3,1020.0,smooth_all,123.789,123.793,130.598,130.417,12.136,12.137,12.804,12.786,39.119,59.886,-0.42097,-0.0816,-0.04195,-0.00643,-0.01448,-0.03883,0.03057,-0.01322,-0.15459,-0.03105,132.954,150.478,106.195,78.501,124.559,85.076,88.822,,151.281,,,124.555,94.033,100.484,156.058,145.959,184.591,1.3669,1.1494,1.3238,1.1591,1.0441,1.1331,0.9901,1.118,1.1802,0.7531
B277,B277_GMS_3_1,3,triangulated,3,106,226.97,252,0.3,1020.0,smooth_all,113.316,109.433,116.842,112.403,11.109,10.729,11.455,11.02,42.043,65.37,-0.16871,-0.02757,0.00309,0.01544,0.00449,-0.01448,0.01447,-0.01509,-0.04456,0.00253,115.087,114.412,68.056,72.128,120.109,80.828,81.232,,136.52,,,150.873,150.408,177.961,114.924,98.6,93.983,1.1934,1.2446,1.2623,1.2383,1.0404,1.1345,1.028,1.1021,1.1001,0.745
B277,B277_GMS_3_1,1,triangulated,3,106,269.56,252,0.3,1020.0,smooth_all,90.16,88.532,95.123,93.887,8.839,8.68,9.326,9.205,39.74,57.15,-0.141,-0.03294,-0.00303,0.01365,0.00346,-0.03879,0.00643,-0.01189,-0.05978,0.00274,85.379,83.86,73.287,78.364,86.738,73.142,76.914,,111.73,,,115.488,80.374,98.124,113.277,92.836,90.196,1.2234,1.1663,1.2407,1.2047,0.9943,1.0898,1.0379,1.0587,1.0767,0.7273
B277,B277_GMS_3_1,2,triangulated,3,202,313.93,252,0.3,1020.0,smooth_all,164.57,164.766,170.922,171.142,16.134,16.154,16.757,16.779,36.293,64.581,-0.23536,-0.04785,-0.03543,-0.00422,-0.00795,-0.03387,0.0273,-0.00933,-0.10132,-0.00431,159.495,182.95,148.854,81.578,143.016,118.374,60.691,,237.862,,,198.616,134.342,144.914,249.321,203.087,210.726,1.1794,1.1221,1.209,1.1931,1.0148,1.1338,0.9748,1.0393,1.1214,0.7472
B277,B277_GMS_3_2,3,triangulated,3,104,227.28,221,0.3,1020.0,smooth_all,105.631,102.574,108.42,104.756,10.356,10.056,10.629,10.27,40.629,59.822,-0.26675,0.01839,0.05982,0.09751,0.02072,-0.01112,-0.04096,-0.01288,0.06526,0.02498,104.713,108.847,65.404,68.786,105.982,81.443,61.715,,125.983,,,145.681,143.388,202.732,92.849,86.45,71.06,1.2294,1.184,1.2531,1.1857,1.0318,1.1085,1.0223,1.1443,1.124,0.7465
B277,B277_GMS_3_2,1,triangulated,3,131,269.73,221,0.3,1020.0,smooth_all,111.558,107.559,115.042,111.086,10.937,10.545,11.279,10.891,38.348,58.491,-0.12421,-0.01805,0.03866,0.05548,0.01957,-0.02799,-0.01756,-0.01075,0.00192,0.01339,104.273,104.417,65.423,48.626,110.217,88.936,64.183,,154.197,,,153.86,134.256,165.888,133.32,108.47,135.07,1.2102,1.1703,1.2245,1.2003,1.0272,1.1024,1.0269,1.1473,1.0301,0.728
B277,B277_GMS_3_2,2,triangulated,3,197,313.89,221,0.3,1020.0,smooth_all,99.975,99.975,104.495,104.495,9.802,9.802,10.245,10.245,39.748,65.274,-0.16622,-0.03849,0.03096,0.05326,0.00129,-0.02611,-0.01157,-0.01294,-0.01873,0.00961,93.301,109.812,65.166,83.339,98.879,73.151,123.218,,112.985,,,100.809,57.151,77.053,117.979,108.513,156.192,1.2266,1.1312,1.2644,1.1547,1.0329,1.0957,0.9929,1.0662,1.125,0.7634
B277,B277_GMS_3_4,3,triangulated,3,82,227.6,213,0.3,1020.0,smooth_all,79.111,79.111,80.864,80.864,7.756,7.756,7.928,7.928,42.165,53.637,-0.25777,0.02263,0.05288,0.09561,0.02223,-0.01667,-0.04198,-0.01374,0.05613,0.02826,74.398,84.636,80.884,38.959,70.959,93.256,48.806,,98.369,,,118.89,111.114,152.447,50.254,46.241,38.349,1.3641,1.1488,1.2944,1.2213,1.022,1.1123,0.9799,1.2121,1.1385,0.7655
B277,B277_GMS_3_4,1,triangulated,3,82,271.38,213,0.3,1020.0,smooth_all,112.147,107.049,115.966,111.508,10.995,10.495,11.369,10.932,43.463,64.183,-0.14283,-0.04454,0.00902,0.05441,-0.00224,-0.0252,-0.02597,-0.01328,-0.01513,0.0091,107.388,125.238,73.189,75.014,108.51,78.917,101.243,,146.779,,,144.403,125.466,146.948,140.93,106.766,85.947,1.2597,1.1654,1.2597,1.2057,1.0121,1.1019,0.9668,1.1926,1.0682,0.7247
B277,B277_GMS_3_4,2,triangulated,3,141,315.32,213,0.3,1020.0,smooth_all,115.423,115.274,116.649,116.51,11.316,11.301,11.436,11.423,43.027,64.807,-0.25541,-0.03409,-0.00838,0.0397,-0.00991,-0.02623,-0.00231,-0.00944,-0.05101,-0.00156,106.032,127.542,91.674,56.246,99.868,60.679,63.585,,142.345,,,119.217,101.943,104.235,146.834,149.077,238.232,1.2874,1.1214,1.3068,1.1886,1.0398,1.1049,0.9778,1.103,1.1356,0.7683
B278,B278_GMS_1_1,3,triangulated,3,200,236.31,206,0.3,1020.0,smooth_all,103.709,103.797,104.755,104.827,10.168,10.176,10.27,10.277,36.566,43.233,-0.29403,0.05141,-0.00361,0.02625,0.00751,-0.0192,-0.02615,-0.00024,0.04062,0.02715,122.892,120.877,130.829,143.41,134.365,84.086,77.143,,97.634,,,95.253,97.497,63.363,97.52,77.631,83.147,1.2219,1.1182,1.1672,1.0324,1.0531,1.0285,1.0407,1.1406,1.3066,0.8861
B278,B278_GMS_1_1,1,triangulated,3,206,272.25,206,0.3,1020.0,smooth_all,120.409,120.409,122.177,122.177,11.805,11.805,11.978,11.978,33.449,45.601,-0.22978,0.0131,-0.00031,0.04662,0.01682,-0.0291,-0.02516,-0.00641,0.02786,0.03027,149.69,154.163,135.973,146.691,149.304,82.616,76.761,,125.863,,,126.344,107.318,74.742,135.061,114.635,79.71,1.1954,1.0619,1.1252,1.0857,1.0627,1.0289,1.0389,1.1092,1.2817,0.9124
B278,B278_GMS_1_1,2,triangulated,3,113,310.7,206,0.3,1020.0,smooth_all,71.166,68.235,75.817,72.398,6.977,6.69,7.433,7.098,30.303,42.024,-0.28102,0.01168,0.02144,0.03636,0.01095,-0.03566,-0.0273,-0.00505,0.00404,0.01682,61.122,68.225,48.267,41.865,65.872,46.825,39.654,,103.433,,,84.985,82.057,67.143,94.094,83.639,105.604,1.1438,1.1133,1.1265,1.1276,1.0383,1.0714,1.0736,1.0881,1.3164,0.8873
B278,B278_GMS_2_1,3,triangulated,3,231,236.98,248,0.3,1020.0,smooth_all,73.005,69.173,89.316,83.863,7.157,6.782,8.756,8.222,32.015,46.115,-0.27465,0.02231,0.02864,0.04787,0.00949,-0.02359,-0.0332,-0.00931,0.04658,0.01985,64.519,66.856,52.463,80.316,70.625,60.906,74.673,,80.682,,,84.292,96.121,94.649,69.974,48.173,57.276,1.1623,1.1462,1.1582,1.0907,1.0549,1.0809,1.035,1.0716,1.2719,0.8935
B278,B278_GMS_2_1,1,triangulated,3,215,275.75,248,0.3,1020.0,smooth_all,78.648,77.663,87.777,86.839,7.711,7.614,8.606,8.514,31.587,38.765,-0.22838,-0.00656,0.00245,2e-05,-0.00696,-0.03255,-0.01821,-0.00894,0.00066,0.01372,87.475,99.753,67.232,82.916,80.378,57.454,77.466,,81.045,,,82.223,62.34,61.675,91.031,94.553,86.809,1.1594,1.1246,1.1418,1.1196,1.0621,1.0771,1.0403,1.053,1.2716,0.8887
B278,B278_GMS_2_1,2,triangulated,3,150,315.22,248,0.3,1020.0,smooth_all,108.082,105.823,109.568,107.027,10.596,10.375,10.742,10.493,37.213,48.865,-0.34073,0.00312,-0.02751,-0.00635,-0.02056,-0.02936,-0.00416,-0.01274,-0.0385,-0.00058,103.894,106.645,101.506,96.133,111.58,83.266,96.99,,125.792,,,108.332,121.641,108.731,117.159,99.047,139.967,1.18,1.103,1.159,1.1164,1.0641,1.1105,1.0348,1.0697,1.3117,0.898
B278,B278_GMS_2_5,3,triangulated,3,97,231.21,136,0.3,1020.0,smooth_all,134.93,135.186,144.99,145.008,13.228,13.254,14.215,14.216,28.912,38.459,-0.34275,-0.00314,0.03751,0.06645,0.01943,-0.02239,-0.02795,-0.01137,0.02715,0.01505,124.174,116.468,138.584,165.665,136.389,127.056,171.153,,100.34,,,97.873,115.545,124.392,125.826,186.156,217.618,1.2229,1.0918,1.1185,1.1483,1.0579,1.0506,1.0816,1.1344,1.2934,0.8902
B278,B278_GMS_2_5,1,triangulated,3,136,269.93,136,0.3,1020.0,smooth_all,151.73,151.73,152.996,152.996,14.875,14.875,15.0,15.0,33.719,47.405,-0.27044,0.01067,-0.01082,-0.00416,-0.0014,-0.0335,-0.01701,-0.00651,-0.00394,0.01662,174.703,181.193,130.799,126.453,168.289,115.395,174.499,,163.412,,,161.54,132.087,101.853,190.079,175.233,128.952,1.2037,1.0669,1.1449,1.1277,1.0435,1.0598,1.0818,1.0889,1.224,0.8507
B278,B278_GMS_2_5,2,triangulated,3,56,312.77,136,0.3,1020.0,smooth_all,76.204,71.18,78.946,74.133,7.471,6.978,7.74,7.268,42.268,47.702,-0.37951,0.00698,-0.00896,0.0385,-0.01617,-0.02908,-0.01198,-0.0107,-0.02961,-0.003,58.004,62.681,75.564,58.772,73.726,45.357,107.537,,81.747,,,64.471,72.556,74.607,70.958,74.381,148.485,1.199,0.9993,1.1796,1.1327,1.1239,1.0702,1.1082,1.074,1.3369,0.9061
B278,B278_GMS_3_1,3,triangulated,3,154,234.55,180,0.3,1020.0,smooth_all,65.587,63.167,72.982,69.855,6.43,6.193,7.155,6.849,30.177,44.246,-0.2155,0.02563,0.05091,0.08356,0.01345,-0.00713,-0.02921,-0.01539,0.02001,0.01781,51.389,50.391,63.4,102.129,60.629,54.889,99.299,,64.192,,,59.178,77.845,86.706,49.278,47.247,52.011,1.1916,1.1881,1.1806,1.1445,1.0092,1.0966,1.0362,1.1153,1.2176,0.8814
B278,B278_GMS_3_1,1,triangulated,3,180,270.35,180,0.3,1020.0,smooth_all,64.726,64.726,64.259,64.259,6.346,6.346,6.3,6.3,29.093,42.838,-0.24333,0.02148,0.01407,0.03292,-0.00188,-0.03252,-0.03038,-0.0125,0.02142,0.02015,48.456,56.866,60.295,116.718,53.553,63.839,135.991,,52.087,,,47.16,56.205,63.086,53.467,51.556,47.788,1.1258,1.2065,1.1348,1.1476,1.0354,1.0143,1.0638,1.0588,1.2476,0.8725
B278,B278_GMS_3_1,2,triangulated,3,165,309.62,180,0.3,1020.0,smooth_all,69.578,69.44,72.21,71.945,6.821,6.808,7.079,7.053,33.726,49.333,-0.31366,-0.00542,0.01684,0.05685,-0.00232,-0.0312,-0.01972,-0.00958,-0.01136,0.00186,55.044,60.584,34.841,49.307,61.357,41.115,76.457,,94.341,,,83.52,88.003,79.399,78.213,69.219,108.682,1.172,1.0811,1.168,1.1341,1.0487,1.032,1.024,1.0421,1.2306,0.8955
B278,B278_GMS_3_2,3,triangulated,3,59,235.2,175,0.3,1020.0,smooth_all,86.822,86.702,91.183,90.248,8.512,8.5,8.939,8.848,33.074,39.627,-0.22119,0.07212,0.07469,0.14377,0.02859,0.0012,-0.03499,-0.01636,0.09214,0.03351,76.335,69.905,82.261,119.232,86.041,90.643,140.8,,74.719,,,71.898,84.856,74.504,84.889,74.927,81.941,1.2228,1.1793,1.2058,1.1789,1.045,1.0719,1.0032,1.1086,1.2723,0.8944
B278,B278_GMS_3_2,1,triangulated,3,130,271.99,175,0.3,1020.0,smooth_all,89.579,89.384,98.52,98.318,8.782,8.763,9.659,9.639,35.603,43.437,-0.38692,0.06208,0.00104,0.05568,-0.00709,-0.02859,-0.03974,-0.01195,0.05498,0.02834,91.012,80.079,50.987,85.625,110.103,61.599,108.757,,106.323,,,114.838,90.707,79.105,106.912,83.331,84.343,1.2097,1.1709,1.2141,1.1688,1.0758,1.1039,1.0557,1.0783,1.2628,0.8569
B278,B278_GMS_3_2,2,triangulated,3,114,311.48,175,0.3,1020.0,smooth_all,137.936,137.954,144.222,144.447,13.523,13.525,14.139,14.161,32.403,39.39,-0.45692,0.10052,-0.01253,0.06649,-0.01029,-0.02809,-0.01881,-0.01457,0.0535,0.03388,137.89,135.745,122.535,169.544,147.101,122.946,172.964,,149.093,,,165.058,99.883,79.593,150.139,136.438,101.011,1.165,1.1371,1.2309,1.1446,1.0491,1.1309,1.034,1.0335,1.3217,0.9081
B278,B278_GMS_3_3,3,triangulated,3,88,235.4,157,0.3,1020.0,smooth_all,68.114,67.764,66.64,66.571,6.678,6.644,6.533,6.527,34.783,46.528,-0.21203,0.07036,0.08695,0.15501,0.02924,-0.00251,-0.03283,-0.01666,0.09967,0.03489,57.515,57.351,39.787,64.262,64.301,34.746,70.967,,74.589,,,69.073,68.131,115.168,67.265,75.935,95.72,1.1165,1.2545,1.1701,1.1286,1.0494,0.9907,1.0374,1.0768,1.2863,0.9058
B278,B278_GMS_3_3,1,triangulated,3,127,271.76,157,0.3,1020.0,smooth_all,85.075,85.075,83.635,83.635,8.341,8.341,8.2,8.2,35.529,47.338,-0.28796,0.02019,-0.01481,0.0209,-0.01278,-0.03152,-0.03435,-0.01357,0.02229,0.02643,86.172,85.352,50.979,75.174,100.776,77.472,118.829,,79.81,,,83.404,73.887,73.643,84.928,93.847,105.446,1.1387,1.1975,1.1792,1.1449,1.0685,1.003,1.0345,1.0822,1.2351,0.8864
B278,B278_GMS_3_3,2,triangulated,3,94,310.91,157,0.3,1020.0,smooth_all,55.509,55.509,63.227,63.227,5.442,5.442,6.199,6.199,34.57,45.026,-0.32876,0.06386,-0.00851,0.06133,-0.01402,-0.0277,-0.02737,-0.01202,0.04021,0.01958,52.678,47.725,24.849,75.969,69.154,54.488,109.49,,61.299,,,51.153,43.127,38.895,39.227,34.687,71.31,1.1025,1.1223,1.2144,1.1464,1.0362,1.0139,1.0411,1.0748,1.3145,0.8996
B278,B278_GMS_4_1,3,triangulated,3,238,230.01,238,0.3,1020.0,smooth_all,nan,nan,nan,nan,nan,nan,nan,nan,nan,nan,-0.19796,0.08458,0.01795,0.05541,0.01471,-0.00197,-0.03628,-0.00338,0.06286,0.01379,,,,,,,,,,,,,,,,,,,,,,,,,,,
B278,B278_GMS_4_1,1,triangulated,3,238,269.36,238,0.3,1020.0,smooth_all,249.517,249.51,249.803,249.805,24.462,24.462,24.491,24.491,24.695,46.712,-0.09519,0.02912,-0.02151,-0.02791,-0.01341,-0.01818,0.00085,0.00187,-0.03963,-0.01549,240.103,231.611,227.732,252.014,250.225,235.229,256.722,,245.827,,,269.84,270.708,262.905,261.439,248.907,241.137,1.0626,1.1014,1.0396,1.1065,1.0355,1.0812,1.0569,1.1143,1.2229,0.915
B278,B278_GMS_4_1,2,triangulated,3,238,313.31,238,0.3,1020.0,smooth_all,nan,nan,nan,nan,nan,nan,nan,nan,nan,nan,-0.2852,0.0235,0.03001,0.04967,0.01749,-0.02544,-0.01721,-0.00287,0.00839,0.00376,,,,,,,,,,,,,,,,,,,,,,,,,,,
B278,B278_GMS_4_2,3,triangulated,3,127,229.93,142,0.3,1020.0,smooth_all,65.301,64.117,66.187,65.065,6.402,6.286,6.489,6.379,35.921,39.31,-0.21776,0.08057,-0.03768,0.01839,0.00179,-0.00887,-0.01327,0.00311,0.0138,-0.00204,59.485,64.675,25.678,48.214,68.632,38.641,61.5,,53.884,,,42.631,153.257,152.739,65.915,35.434,44.805,0.9761,1.1931,1.0301,1.1122,1.0822,0.9197,1.0768,0.9854,1.3713,0.8886
B278,B278_GMS_4_2,1,triangulated,3,140,269.46,142,0.3,1020.0,smooth_all,153.388,153.388,155.758,155.758,15.038,15.038,15.27,15.27,30.654,48.009,-0.11675,0.02529,-0.05681,-0.05948,-0.02256,-0.02319,0.01063,0.00377,-0.062,-0.03117,156.13,141.975,84.875,83.272,170.751,97.145,114.36,,186.102,,,190.026,266.617,257.343,166.27,150.211,152.479,1.0332,1.1308,1.037,1.119,1.1132,1.0215,1.1034,1.0,1.1981,0.8563
B278,B278_GMS_4_2,2,triangulated,3,139,313.55,142,0.3,1020.0,smooth_all,51.025,51.025,51.482,51.482,5.002,5.002,5.047,5.047,43.205,45.028,-0.34101,0.01757,0.00189,0.03281,0.0106,-0.03007,0.00182,0.00014,-0.03164,-0.00489,22.863,53.197,40.301,28.791,39.886,50.79,38.704,,33.39,,,29.02,66.112,43.489,23.989,121.216,139.706,1.0534,1.0696,0.9968,1.1348,1.1056,1.0049,1.0448,0.9161,1.4369,0.9438
B278,B278_GMS_4_4,3,triangulated,3,200,231.07,201,0.3,1020.0,smooth_all,122.782,122.782,124.652,124.652,12.037,12.037,12.221,12.221,30.76,38.053,-0.25145,0.04592,-0.05045,-0.05804,-0.03497,-0.01922,0.0058,-0.00151,-0.0511,-0.01709,131.884,145.546,75.472,87.424,124.54,77.589,100.794,,136.619,,,135.702,158.707,164.517,125.968,125.08,130.545,1.0126,1.2032,1.0314,1.122,1.0115,0.9198,0.9565,0.9842,1.3542,0.956
B278,B278_GMS_4_4,1,triangulated,3,180,271.05,201,0.3,1020.0,smooth_all,66.44,65.867,66.915,66.311,6.514,6.458,6.56,6.501,48.655,54.095,-0.27416,-0.00614,0.02837,0.03716,0.01998,-0.0243,-0.00405,-0.00152,-0.01192,-0.00393,52.494,62.241,55.811,31.036,52.337,55.707,31.14,,58.435,,,57.246,69.269,55.392,41.823,148.867,172.337,1.0363,1.247,1.0373,1.1044,1.0799,0.9057,1.0743,0.8782,1.222,0.951
B278,B278_GMS_4_4,2,triangulated,3,145,314.57,201,0.3,1020.0,smooth_all,108.45,107.852,107.45,106.653,10.632,10.574,10.534,10.456,38.475,44.516,-0.27173,0.00574,-0.00084,0.02625,0.01708,-0.02205,0.01748,-0.00414,-0.06564,-0.0268,107.798,112.883,98.574,62.759,109.469,114.783,107.5,,127.391,,,122.38,139.192,134.867,121.113,70.601,95.653,1.0157,1.1901,1.0087,1.1297,1.1209,0.9269,1.092,0.9599,1.3131,0.9623
B278,B278_GMS_4_5,3,triangulated,3,180,236.11,272,0.3,1020.0,smooth_all,75.379,74.431,83.681,83.248,7.39,7.297,8.204,8.162,43.834,51.407,-0.2365,0.0507,0.00657,0.04107,0.01307,-0.01117,-0.01924,-0.00645,0.00775,0.00682,52.088,57.988,61.843,78.09,58.081,50.492,67.324,,66.026,,,66.854,110.518,160.964,62.398,59.477,106.302,1.0591,1.2181,1.1083,1.1137,1.103,0.9841,1.1453,1.026,1.3235,0.9361
B278,B278_GMS_4_5,1,triangulated,3,257,279.98,272,0.3,1020.0,smooth_all,153.114,153.238,153.682,153.82,15.011,15.023,15.067,15.08,33.223,46.694,-0.2044,0.02426,-0.02319,-0.03294,-0.02638,-0.02358,-0.00625,-0.00334,-0.04599,-0.00474,153.927,151.562,94.609,95.735,157.568,102.528,96.384,,189.669,,,183.137,175.865,174.769,182.938,183.188,179.407,1.0841,1.1603,1.0836,1.0774,1.1081,0.9953,1.1307,1.0366,1.2335,0.9025
B278,B278_GMS_4_5,2,triangulated,3,272,321.52,272,0.3,1020.0,smooth_all,69.11,69.11,73.856,73.856,6.776,6.776,7.241,7.241,36.558,44.454,-0.31633,0.03055,0.0158,0.02885,-0.00477,-0.02799,-0.02095,-0.0069,0.01267,0.01485,59.532,77.965,43.077,43.636,61.564,56.625,52.692,,85.252,,,81.901,60.602,85.553,70.998,83.531,94.26,1.1249,1.0887,1.0838,1.1196,1.0878,0.9894,1.1248,0.9955,1.3531,0.9022
B280,B280_GMS_1_1,3,triangulated,3,177,231.07,179,0.3,1020.0,smooth_all,66.639,66.639,70.329,70.329,6.533,6.533,6.895,6.895,49.724,63.078,-0.40527,-0.04719,-0.03736,0.02528,0.00784,-0.02984,0.00333,0.00223,-0.09069,-0.02441,52.351,57.665,30.598,51.527,57.753,36.92,43.784,,36.304,,,23.513,48.176,141.202,62.145,142.577,148.431,1.3501,1.0946,1.2799,1.1068,1.0887,0.8878,1.2403,0.9221,1.2261,0.7944
B280,B280_GMS_1_1,1,triangulated,3,179,274.21,179,0.3,1020.0,smooth_all,89.046,89.046,94.767,94.767,8.73,8.73,9.291,9.291,52.114,61.542,-0.26583,-0.05535,-0.05545,-0.00954,0.02631,-0.03447,0.0132,-0.0139,-0.04904,-0.00061,63.886,72.637,102.658,175.021,67.521,60.659,52.96,,90.464,,,95.376,109.859,102.82,84.408,86.529,81.359,1.2028,1.0041,1.1457,1.0856,1.0166,1.0641,1.1755,0.9333,1.2199,0.7559
B280,B280_GMS_1_1,2,triangulated,3,179,313.68,179,0.3,1020.0,smooth_all,78.255,78.255,89.525,89.525,7.672,7.672,8.777,8.777,45.007,57.116,-0.38383,-0.07058,-0.00029,0.00315,0.02962,-0.03537,0.01089,-0.01441,-0.0836,-0.03388,87.413,88.595,72.452,54.896,93.084,60.064,80.31,,63.734,,,58.482,89.787,64.399,70.761,60.422,151.173,1.358,1.0429,1.4063,1.1072,1.1603,0.9577,1.2404,0.9032,1.1795,0.7854
B280,B280_GMS_2_1,3,triangulated,3,58,228.76,175,0.3,1020.0,smooth_all,232.045,210.385,239.702,218.414,22.75,20.626,23.5,21.413,54.376,92.788,-0.28863,-0.01669,0.07456,0.10636,0.02642,-0.02863,-0.04255,-0.01585,0.03447,0.01818,230.796,227.431,160.092,101.198,237.565,195.579,119.933,,292.734,,,312.06,348.343,449.048,239.481,198.682,167.309,1.2794,1.2224,1.2529,1.2285,1.0194,1.1127,1.0635,1.1776,1.2419,0.8056
B280,B280_GMS_2_1,1,triangulated,3,175,271.67,175,0.3,1020.0,smooth_all,110.904,110.904,115.142,115.142,10.873,10.873,11.288,11.288,36.451,55.702,-0.18856,-0.03888,0.01581,0.014,0.01676,-0.03295,-0.00731,-0.0107,-0.03608,0.0099,126.009,130.807,78.879,36.922,122.603,79.01,61.013,,155.343,,,147.45,112.307,128.684,151.981,118.983,116.843,1.3055,1.1791,1.2609,1.2202,1.0096,1.1538,1.0674,1.1149,1.1352,0.7661
B280,B280_GMS_2_1,2,triangulated,3,175,312.36,175,0.3,1020.0,smooth_all,170.611,170.611,174.412,174.412,16.727,16.727,17.099,17.099,38.212,57.645,-0.29377,-0.05345,-0.04313,-0.04182,-0.00696,-0.04401,0.01931,-0.00513,-0.10448,-0.00938,175.641,187.734,145.548,91.706,170.345,142.127,100.694,,216.244,,,188.858,158.685,121.367,220.978,192.698,232.836,1.2602,1.2186,1.277,1.2483,1.0422,1.1999,1.0437,1.1037,1.2489,0.7868
B280,B280_GMS_2_3,3,triangulated,3,146,228.75,240,0.3,1020.0,smooth_all,104.515,99.406,108.083,102.896,10.247,9.746,10.596,10.088,51.594,66.263,-0.3592,-0.05298,0.04949,0.07052,0.02106,-0.03335,-0.02225,-0.01518,-0.01351,0.00969,107.46,109.296,81.056,99.776,109.136,87.861,79.105,,119.235,,,126.262,148.427,216.26,88.055,87.448,84.693,1.3043,1.1426,1.3126,1.1431,1.0684,1.0096,1.0347,1.05,1.2347,0.8156
B280,B280_GMS_2_3,1,triangulated,3,187,271.56,240,0.3,1020.0,smooth_all,113.903,113.903,121.695,121.695,11.167,11.167,11.931,11.931,40.798,59.387,-0.28013,-0.04158,-3e-05,0.02757,0.0199,-0.03306,-0.0056,-0.01083,-0.04154,0.01079,120.7,124.891,89.158,88.95,119.442,101.757,102.232,,127.599,,,134.732,97.137,111.246,130.364,143.806,106.091,1.2867,1.1744,1.3145,1.1169,1.0518,1.0362,1.039,1.0317,1.195,0.8055
B280,B280_GMS_2_3,2,triangulated,3,187,312.24,240,0.3,1020.0,smooth_all,126.36,122.082,144.08,140.595,12.388,11.969,14.125,13.784,48.163,66.007,-0.34249,-0.04066,-0.02076,-0.00068,0.01818,-0.0421,0.01735,-0.01455,-0.09496,-0.00566,114.519,122.516,132.388,132.946,120.872,111.072,76.026,,139.466,,,121.614,155.48,158.399,143.071,91.05,151.861,1.2956,1.176,1.3121,1.1524,1.0646,1.1036,1.073,1.0404,1.2569,0.8242
B280,B280_GMS_2_4,3,triangulated,3,73,229.25,196,0.3,1020.0,smooth_all,98.118,89.461,118.607,108.255,9.619,8.771,11.628,10.613,46.254,62.991,-0.42043,-0.02375,0.00629,0.03737,0.00377,-0.02443,-0.02316,-0.01268,-0.02163,0.01348,96.841,102.286,80.229,76.01,97.513,80.955,61.777,,114.215,,,123.442,145.036,195.167,86.646,64.636,67.95,1.304,1.2611,1.2476,1.2187,1.0507,1.0525,1.0685,1.1808,1.2653,0.8056
B280,B280_GMS_2_4,1,triangulated,3,187,271.66,196,0.3,1020.0,smooth_all,89.803,89.803,98.89,98.89,8.804,8.804,9.695,9.695,40.113,45.637,-0.22283,-0.03096,0.01228,0.03324,0.01748,-0.03452,-0.01724,-0.01344,-0.00455,0.01825,102.509,94.123,55.226,81.469,115.419,61.326,95.981,,89.76,,,111.47,81.099,55.265,99.708,92.929,96.799,1.2987,1.219,1.316,1.2028,1.0398,1.054,1.0573,1.1481,1.2238,0.7581
B280,B280_GMS_2_4,2,triangulated,3,196,312.02,196,0.3,1020.0,smooth_all,114.739,112.791,126.9,125.166,11.249,11.058,12.441,12.271,40.842,50.978,-0.29905,-0.04391,-0.00109,0.02004,-0.00499,-0.03303,0.00083,-0.00834,-0.05927,-0.00911,118.036,121.887,93.824,84.421,127.276,95.029,118.712,,123.479,,,125.034,126.098,102.214,123.944,119.12,126.923,1.3083,1.1062,1.2881,1.1754,1.0156,1.0122,1.0606,1.0577,1.2792,0.8026
B280,B280_GMS_2_5,3,triangulated,3,58,234.3,213,0.3,1020.0,smooth_all,155.108,141.401,166.46,152.012,15.207,13.863,16.32,14.903,46.924,73.725,-0.3564,-0.02306,0.06652,0.09769,0.03233,-0.01418,-0.04282,-0.01504,0.03736,0.01485,161.867,158.55,135.418,71.648,170.321,145.865,69.412,,205.951,,,220.268,218.186,231.011,160.397,56.843,70.398,1.2928,1.1919,1.2536,1.277,1.0655,1.0413,1.125,1.1039,1.2407,0.7869
B280,B280_GMS_2_5,1,triangulated,3,160,276.08,213,0.3,1020.0,smooth_all,85.874,85.874,105.08,105.08,8.419,8.419,10.302,10.302,43.308,56.128,-0.23679,-0.04366,0.04292,0.05287,0.01982,-0.0295,-0.03366,-0.02033,0.00696,0.01671,88.592,94.266,79.368,69.971,90.111,80.235,78.516,,93.469,,,100.61,44.057,110.553,89.638,77.222,91.161,1.3177,1.1738,1.3153,1.1961,1.0205,1.0914,1.0441,1.0762,1.19,0.7818
B280,B280_GMS_2_5,2,triangulated,3,211,313.79,213,0.3,1020.0,smooth_all,117.784,116.565,125.729,125.111,11.547,11.428,12.326,12.266,44.915,57.789,-0.31097,-0.07784,0.02634,0.03284,-0.00884,-0.03657,-0.00992,-0.0155,-0.05552,-0.00169,116.404,122.647,115.496,85.455,126.851,110.354,135.498,,121.988,,,116.648,96.227,130.358,126.102,112.613,124.992,1.2818,1.1613,1.2723,1.2192,1.074,1.0917,1.0294,0.995,1.2618,0.7814
B280,B280_GMS_3_2,3,triangulated,3,209,230.76,289,0.3,1020.0,smooth_all,79.826,78.8,81.641,80.638,7.826,7.725,8.004,7.906,37.773,54.337,-0.28757,0.02584,0.04608,0.09442,0.0242,-0.01066,-0.03516,-0.01002,0.04735,0.02066,81.374,89.681,44.831,59.637,81.887,60.007,79.979,,101.829,,,116.267,87.176,94.019,81.726,72.081,67.274,1.2684,1.2383,1.197,1.2383,1.0355,1.0092,1.0194,1.0231,1.2864,0.8044
B280,B280_GMS_3_2,1,triangulated,3,259,272.39,289,0.3,1020.0,smooth_all,147.394,147.394,149.599,149.599,14.45,14.45,14.667,14.667,37.811,53.766,-0.17127,0.00941,0.02619,0.05836,0.02371,-0.02726,-0.01985,-0.00803,0.00067,0.01685,143.494,156.29,131.47,64.435,133.521,145.875,80.233,,194.344,,,181.368,166.221,160.544,189.894,161.433,159.966,1.2686,1.2615,1.2302,1.2276,1.0393,1.058,0.9842,1.0382,1.2428,0.76
B280,B280_GMS_3_2,2,triangulated,3,286,311.85,289,0.3,1020.0,smooth_all,125.944,125.944,131.839,131.839,12.347,12.347,12.925,12.925,36.984,55.994,-0.1422,0.03075,0.02214,0.04751,0.0148,-0.03293,-0.02557,-0.00327,0.02574,0.01916,126.708,144.331,136.38,78.318,125.627,97.087,72.236,,147.802,,,127.838,115.918,121.203,161.925,146.205,160.028,1.2498,1.2565,1.2213,1.2122,1.0784,1.0207,0.9781,1.0167,1.2771,0.8187
B280,B280_GMS_3_3,3,triangulated,3,77,231.6,171,0.3,1020.0,smooth_all,96.016,94.773,103.138,100.93,9.413,9.291,10.112,9.895,42.104,55.944,-0.29201,-0.01671,0.01538,0.08019,0.03172,-0.01836,-0.01222,-0.01541,0.00074,0.01511,105.644,115.803,78.929,60.137,104.702,75.063,61.874,,118.617,,,128.106,110.222,106.005,101.143,95.849,70.525,1.2458,1.2604,1.2659,1.1713,1.0715,1.0599,1.0203,1.1144,1.2636,0.8061
B280,B280_GMS_3_3,1,triangulated,3,87,275.9,171,0.3,1020.0,smooth_all,113.037,113.037,113.074,113.074,11.082,11.082,11.086,11.086,40.503,54.938,-0.1721,-0.05002,0.01955,0.0115,0.01831,-0.03457,-0.01476,-0.01019,-0.03677,0.00338,127.477,130.72,107.307,60.513,127.206,70.345,86.675,,142.35,,,147.927,146.474,143.381,126.299,102.838,99.888,1.2787,1.2045,1.274,1.2508,1.0305,1.0357,1.037,1.079,1.1907,0.7713
B280,B280_GMS_3_3,2,triangulated,3,104,315.17,171,0.3,1020.0,smooth_all,156.709,158.983,158.554,160.337,15.364,15.587,15.545,15.719,44.306,60.194,-0.23017,-0.1111,0.00176,-0.00502,0.00296,-0.03693,0.0214,-0.01703,-0.13398,-0.01549,158.177,174.879,152.547,112.946,152.865,118.118,89.247,,189.874,,,160.038,162.386,192.538,199.136,164.206,194.225,1.2322,1.2174,1.2547,1.2608,1.0724,1.0313,1.0206,1.0655,1.2847,0.8234
B280,B280_GMS_3_4,3,triangulated,3,10,233.59,171,0.3,1020.0,smooth_all,220.753,190.295,221.323,190.994,21.642,18.656,21.698,18.725,48.026,100.289,-0.45125,-0.04111,0.01181,0.08556,-0.00013,-0.02258,-0.02911,-0.0171,-0.00044,0.02038,208.369,193.675,133.558,67.391,234.896,187.74,85.57,,289.935,,,326.305,371.897,407.345,223.041,159.431,121.911,1.2687,1.3001,1.2235,1.2693,1.0204,1.082,1.0138,1.0887,1.3189,0.8039
B280,B280_GMS_3_4,1,triangulated,3,93,272.88,171,0.3,1020.0,smooth_all,126.187,126.187,126.834,126.834,12.371,12.371,12.435,12.435,39.166,56.114,-0.04109,-0.00166,0.03207,0.04137,0.03132,-0.03566,-0.01584,-0.00947,0.00764,0.0244,132.847,133.044,111.67,44.913,134.461,121.893,50.705,,173.264,,,164.44,,,167.478,142.403,137.131,1.2543,1.2669,1.2018,1.285,,,1.0157,1.0668,1.1939,0.7518
B280,B280_GMS_3_4,2,triangulated,3,102,310.54,171,0.3,1020.0,smooth_all,145.413,143.77,141.573,139.933,14.256,14.095,13.88,13.719,42.372,62.85,-0.21224,-0.07153,0.02617,0.02969,0.0006,-0.04046,0.00225,-0.01001,-0.07728,-0.02305,144.046,158.9,155.498,75.668,147.836,105.209,64.357,,194.202,,,169.652,,,203.14,163.061,163.39,1.2602,1.1502,1.1937,1.2504,,,1.0088,1.0428,1.3422,0.7989
B280,B280_GMS_3_5,3,triangulated,3,51,231.23,189,0.3,1020.0,smooth_all,197.19,185.318,204.637,191.409,19.332,18.168,20.062,18.766,40.976,67.306,-0.3119,0.00802,0.07038,0.13542,0.02521,-0.00667,-0.04175,-0.01537,0.08151,0.0285,194.213,195.248,181.379,92.681,196.139,199.297,109.182,,265.276,,,281.484,250.729,253.948,217.927,108.53,120.215,1.2513,1.2552,1.1744,1.3129,0.9881,1.0397,1.0281,1.0426,1.2099,0.7813
B280,B280_GMS_3_5,1,triangulated,3,118,272.04,189,0.3,1020.0,smooth_all,196.722,196.722,198.749,198.749,19.286,19.286,19.485,19.485,38.066,64.779,-0.08445,-0.04114,0.00973,0.03324,0.01236,-0.03192,0.00204,-0.0067,-0.05706,0.00698,202.25,211.567,173.631,101.228,194.415,180.546,89.074,,260.338,,,248.878,225.2,256.841,247.8,208.771,199.71,1.2796,1.2034,1.229,1.2625,1.0301,1.0668,1.0353,1.0447,1.1946,0.7606
B280,B280_GMS_3_5,2,triangulated,3,166,311.13,189,0.3,1020.0,smooth_all,187.96,183.576,185.593,180.808,18.427,17.998,18.195,17.726,36.764,64.648,-0.28981,-0.00494,-0.02469,0.00244,-0.01067,-0.02998,-0.00704,-0.00642,-0.04801,-0.00564,195.427,216.273,177.019,92.345,182.379,140.943,80.43,,248.002,,,204.037,195.315,242.009,264.426,222.239,220.174,1.1997,1.2548,1.2163,1.265,1.0271,1.0512,1.0141,0.9908,1.2081,0.7743
B280,B280_GMS_4_1,3,triangulated,3,190,231.67,213,0.3,1020.0,smooth_all,84.731,84.731,84.326,84.326,8.307,8.307,8.267,8.267,43.285,48.574,-0.30299,-0.01272,-0.00053,0.03101,-0.00135,-0.01408,0.00026,-0.00184,-0.07263,-0.0139,92.966,101.063,77.824,48.836,89.467,87.465,69.492,,80.033,,,81.577,72.975,96.574,73.485,115.763,100.261,1.1935,1.2716,1.2095,1.2906,1.1056,0.974,1.1546,1.0129,1.2689,0.8614
B280,B280_GMS_4_1,1,triangulated,3,197,273.31,213,0.3,1020.0,smooth_all,63.156,62.944,68.665,68.271,6.192,6.171,6.732,6.693,38.141,44.301,-0.23246,0.03129,-0.0105,0.00217,-0.01627,-0.01598,-0.01829,-0.00086,-0.01743,0.00197,71.365,75.993,53.811,58.62,71.795,42.664,55.341,,50.546,,,49.661,67.495,71.392,60.887,79.482,79.18,1.2662,1.2306,1.2777,1.2196,1.1256,1.0359,1.0902,1.0061,1.1805,0.832
B280,B280_GMS_4_1,2,triangulated,3,210,312.3,213,0.3,1020.0,smooth_all,93.501,93.501,92.935,92.935,9.167,9.167,9.111,9.111,54.678,61.162,-0.25357,-0.00862,0.01939,0.03748,-0.00521,-0.01357,-0.01304,-0.0081,-0.01737,-0.00678,90.593,107.339,104.864,48.83,85.774,66.015,75.403,,85.262,,,92.22,125.588,128.38,82.469,98.197,146.227,1.2254,1.2233,1.2462,1.2495,1.1456,1.0112,1.0404,0.9904,1.2119,0.8221
B280,B280_GMS_4_3,3,triangulated,3,148,231.02,175,0.3,1020.0,smooth_all,99.048,98.777,96.203,95.893,9.711,9.684,9.432,9.401,45.204,49.116,-0.23152,0.00985,0.06001,0.10694,0.02198,-0.00232,-0.02576,-0.01069,0.00935,-0.00149,100.831,114.212,93.561,44.937,89.94,112.781,77.238,,88.989,,,95.308,57.898,154.135,78.908,127.967,148.318,1.1631,1.3064,1.1794,1.2502,1.1398,1.0329,1.0493,1.0057,1.2513,0.8847
B280,B280_GMS_4_3,1,triangulated,3,165,272.84,175,0.3,1020.0,smooth_all,80.415,80.501,80.151,80.178,7.884,7.892,7.858,7.861,49.391,54.531,-0.17986,0.0613,0.03931,0.03715,0.00576,-0.01566,-0.03052,-0.01003,0.03034,0.01636,91.829,106.211,94.302,47.329,81.894,111.163,69.861,,57.882,,,52.917,83.356,63.808,77.667,100.661,86.39,1.2102,1.2371,1.1867,1.2442,0.9669,0.9631,1.123,0.9517,1.1656,0.8248
B280,B280_GMS_4_3,2,triangulated,3,169,312.19,175,0.3,1020.0,smooth_all,97.782,97.782,107.532,107.532,9.586,9.586,10.542,10.542,44.901,55.932,-0.21191,0.02165,0.0294,0.02656,0.0026,-0.01932,-0.00597,-0.01137,-0.01921,-0.00602,104.235,110.887,94.024,49.909,107.816,91.323,69.988,,121.07,,,125.689,176.055,139.639,120.616,30.224,54.151,1.1657,1.2084,1.1459,1.2234,1.1377,1.0033,1.0197,0.9296,1.178,0.8456
B280,B280_GMS_4_4,3,triangulated,3,228,230.97,242,0.3,1020.0,smooth_all,88.974,88.569,92.104,91.57,8.723,8.683,9.03,8.977,43.309,56.366,-0.26182,0.02281,0.0508,0.09035,0.02439,-0.02058,-0.04634,-0.00947,0.05308,0.01864,87.053,95.148,68.146,77.3,85.216,85.597,75.084,,107.387,,,111.679,99.3,105.596,85.946,78.752,81.92,1.2283,1.2328,1.2311,1.2265,1.0448,1.044,1.0926,1.0257,1.2338,0.8292
B280,B280_GMS_4_4,1,triangulated,3,242,272.57,242,0.3,1020.0,smooth_all,98.219,98.219,99.44,99.44,9.629,9.629,9.749,9.749,40.532,54.063,-0.09487,-0.01517,-0.04791,-0.09126,-0.01073,-0.03838,0.02273,-0.00044,-0.09744,-0.01928,100.183,103.649,74.532,44.995,97.949,75.776,46.325,,127.73,,,125.058,129.28,132.057,119.205,99.778,106.093,1.259,1.1925,1.2351,1.2303,1.1051,1.0613,1.094,1.0504,1.2103,0.7691
B280,B280_GMS_4_4,2,triangulated,3,236,311.92,242,0.3,1020.0,smooth_all,120.497,120.622,125.582,125.556,11.813,11.826,12.312,12.309,43.926,56.868,-0.28072,-0.0275,0.02616,0.02629,0.00719,-0.02734,-0.0191,-0.00856,-0.02167,-0.00117,127.45,138.331,121.051,74.172,124.575,96.597,72.097,,144.419,,,127.825,147.431,138.862,144.451,107.538,126.73,1.2389,1.1862,1.2157,1.2053,1.094,1.018,1.0246,0.9931,1.2476,0.8169
B280,B280_GMS_4_5,3,triangulated,3,200,231.09,200,0.3,1020.0,smooth_all,66.049,66.049,65.753,65.753,6.475,6.475,6.446,6.446,49.797,51.082,-0.15153,0.02775,0.02341,0.00345,0.01393,-0.02699,-0.01303,-0.00246,-0.00862,0.0077,69.333,79.487,91.165,76.753,69.416,56.807,38.648,,63.242,,,58.77,55.245,58.699,50.811,68.027,88.755,1.2236,1.2869,1.2929,1.1417,0.9986,1.0117,1.1706,0.9344,1.2025,0.8174
B280,B280_GMS_4_5,1,triangulated,3,200,273.79,200,0.3,1020.0,smooth_all,222.822,222.788,219.384,219.232,21.845,21.842,21.508,21.493,45.722,63.411,-0.31956,-0.02486,0.03113,0.03531,0.01956,-0.02974,-0.02092,-0.00536,0.00154,0.00653,233.766,234.501,220.769,140.754,234.441,198.125,119.352,,254.341,,,256.311,269.957,251.868,237.27,236.848,253.879,1.2432,1.2919,1.256,1.1504,1.005,1.0019,1.1493,1.0161,1.2222,0.818
B280,B280_GMS_4_5,2,triangulated,3,179,313.21,200,0.3,1020.0,smooth_all,207.361,208.272,204.813,205.717,20.33,20.419,20.08,20.168,44.895,56.547,-0.29107,-0.03128,0.02226,0.03203,0.02122,-0.03473,0.00215,-0.00906,-0.06269,-0.02132,216.559,215.557,187.73,117.732,221.451,187.605,137.855,,237.268,,,213.053,253.458,222.656,245.447,182.416,262.911,1.1956,1.2934,1.2485,1.2228,1.1214,0.9633,1.1668,1.0016,1.2549,0.8251
B307,B307_GMS_1_1,3,triangulated,3,199,225.17,219,0.3,1020.0,smooth_all,58.186,58.322,67.906,67.879,5.705,5.718,6.657,6.655,37.583,45.223,-0.30471,-0.00621,0.01463,0.05877,0.00604,-0.02537,0.02473,-0.01053,-0.04906,0.00024,51.277,67.279,58.589,60.748,50.698,65.116,102.007,,52.029,,,43.778,52.577,49.539,48.787,50.625,61.162,1.2193,1.0577,1.2664,1.0923,1.1141,1.0303,1.0788,1.0969,1.3375,0.8164
B307,B307_GMS_1_1,1,triangulated,3,209,264.07,219,0.3,1020.0,smooth_all,89.042,88.637,96.758,96.34,8.73,8.69,9.486,9.445,40.509,51.961,-0.36841,-0.00763,0.01909,0.06375,0.00318,-0.02783,-0.00488,-0.01234,-0.01863,0.01445,89.103,98.537,77.158,81.095,89.158,73.936,73.318,,92.912,,,100.388,108.431,114.085,95.157,75.837,78.565,1.2046,1.1007,1.2714,1.0926,1.1026,1.0413,1.0513,1.0496,1.2797,0.782
B307,B307_GMS_1_1,2,triangulated,3,206,313.19,219,0.3,1020.0,smooth_all,64.891,64.473,71.214,70.812,6.362,6.321,6.982,6.942,37.242,41.188,-0.35802,0.0149,-0.05711,0.02,-0.012,-0.03579,0.01968,-0.01113,-0.07344,0.0054,77.774,89.406,54.582,61.889,80.251,47.976,52.526,,62.89,,,65.338,59.965,65.289,54.287,59.532,76.336,1.2357,1.0926,1.2486,1.0963,1.1289,1.107,1.0983,1.0978,1.3501,0.7845
B307,B307_GMS_1_3,3,triangulated,3,219,220.7,237,0.3,1020.0,smooth_all,77.467,77.467,77.803,77.803,7.595,7.595,7.628,7.628,41.245,47.881,-0.35758,-0.01816,0.01388,0.05629,0.00577,-0.02132,0.01364,-0.00666,-0.05453,-9e-05,72.951,88.337,97.335,83.649,70.806,93.999,116.359,,63.94,,,54.239,65.701,80.628,66.052,60.689,76.705,1.1584,1.0952,1.2109,1.0233,1.1423,0.9951,1.1014,1.1111,1.3487,0.8054
B307,B307_GMS_1_3,1,triangulated,3,234,265.55,237,0.3,1020.0,smooth_all,91.794,91.951,95.69,95.864,8.999,9.015,9.381,9.398,41.704,49.073,-0.38459,0.00967,-0.02839,0.02471,0.00058,-0.02755,0.01274,-0.0027,-0.06009,-0.00324,84.378,97.845,101.83,80.298,74.656,76.874,45.58,,112.613,,,114.327,88.912,128.903,97.7,88.528,120.535,1.1658,1.1639,1.1531,1.1092,1.1263,1.0757,1.1711,1.0862,1.2215,0.7459
B307,B307_GMS_1_3,2,triangulated,3,236,322.13,237,0.3,1020.0,smooth_all,58.742,58.742,59.075,59.075,5.759,5.759,5.792,5.792,36.935,40.879,-0.3686,-0.00893,-0.06078,-0.02725,-0.00624,-0.04125,0.03908,-0.00534,-0.12565,-0.02259,61.485,80.033,44.031,48.582,65.564,60.508,48.719,,55.674,,,59.847,52.44,64.56,47.994,55.25,75.657,1.1914,1.0983,1.2347,1.0746,1.1194,1.1129,1.0625,1.019,1.3666,0.8143
B307,B307_GMS_1_4,3,triangulated,3,201,228.27,228,0.3,1020.0,smooth_all,63.839,62.24,70.719,69.011,6.259,6.102,6.933,6.766,40.188,48.234,-0.35967,-0.03253,-0.01237,0.02852,0.00775,-0.02577,0.01414,-0.00615,-0.09587,-0.00764,60.816,72.815,76.475,73.625,63.115,47.009,68.905,,53.293,,,44.843,67.229,82.762,61.479,57.57,64.057,1.1917,1.1015,1.198,1.1205,1.1083,1.0229,1.0567,1.1311,1.3159,0.8309
B307,B307_GMS_1_4,1,triangulated,3,223,269.76,228,0.3,1020.0,smooth_all,75.772,75.772,81.386,81.386,7.429,7.429,7.979,7.979,39.204,53.03,-0.31707,-0.03143,0.01086,0.03784,0.01051,-0.02752,-0.01096,-0.01181,-0.03595,0.01078,76.48,84.842,75.79,75.918,73.963,51.019,72.457,,84.634,,,89.983,86.171,83.724,78.408,58.334,71.57,1.2078,1.0919,1.2294,1.1302,1.0695,1.0646,1.0427,1.0919,1.2382,0.7826
B307,B307_GMS_1_4,2,triangulated,3,216,318.65,228,0.3,1020.0,smooth_all,74.689,73.554,77.653,76.648,7.322,7.211,7.613,7.515,40.558,47.934,-0.33124,-0.01102,-0.0324,0.02563,-0.00545,-0.03189,2e-05,-0.0085,-0.07542,-0.00083,76.177,81.677,79.106,57.0,83.961,71.949,67.75,,81.139,,,63.481,65.643,65.645,78.722,64.396,106.39,1.1948,1.098,1.2359,1.1286,1.1068,1.1272,1.0431,1.0717,1.333,0.8381
B307,B307_GMS_2_3,3,triangulated,3,131,232.49,166,0.3,1020.0,smooth_all,77.878,76.429,81.265,80.142,7.635,7.493,7.967,7.857,44.845,50.993,-0.35919,-0.03467,0.03426,0.06763,0.01739,-0.02421,-0.02439,-0.01134,0.01294,0.01896,73.782,81.457,52.337,73.339,75.64,73.587,84.163,,66.891,,,68.208,92.968,128.914,61.993,68.401,88.36,1.2711,1.0893,1.2588,1.0973,1.0934,1.0272,1.0455,1.1362,1.2863,0.7934
B307,B307_GMS_2_3,1,triangulated,3,158,275.31,166,0.3,1020.0,smooth_all,98.199,97.93,108.451,108.339,9.627,9.601,10.632,10.621,44.817,54.265,-0.39771,0.01346,0.02209,0.05454,0.00281,-0.03735,-0.03629,-0.01704,0.02875,0.02477,91.316,94.548,68.548,81.454,92.442,69.656,77.678,,101.927,,,118.551,117.283,126.977,103.122,109.699,127.009,1.2316,1.091,1.253,1.0641,1.0936,1.1199,1.032,1.1151,1.2612,0.7892
B307,B307_GMS_2_3,2,triangulated,3,144,322.32,166,0.3,1020.0,smooth_all,152.799,152.817,154.319,154.536,14.98,14.982,15.129,15.151,44.154,49.946,-0.2985,-0.06715,0.04702,0.07226,-0.00645,-0.03165,-0.0135,-0.01836,-0.06289,-0.01329,153.89,152.641,189.096,154.848,160.086,183.258,130.652,,145.404,,,118.712,142.124,141.6,150.587,126.225,192.717,1.2427,1.0526,1.2508,1.112,1.1746,1.1831,1.0107,1.093,1.3316,0.815
B307,B307_GMS_3_2,3,triangulated,3,97,246.31,180,0.3,1020.0,smooth_all,93.195,92.367,94.431,93.163,9.137,9.056,9.258,9.134,36.186,42.72,-0.27744,0.0302,0.05378,0.10725,0.01691,-0.00578,-0.03443,-0.01431,0.05379,0.01946,101.285,111.402,77.81,48.669,96.999,86.289,81.678,,105.281,,,111.973,84.724,118.083,91.863,89.779,98.748,1.238,1.1778,1.2072,1.155,1.0568,1.0594,1.0323,1.1182,1.3826,0.8
B307,B307_GMS_3_2,1,triangulated,3,161,287.28,180,0.3,1020.0,smooth_all,167.043,167.043,167.596,167.596,16.377,16.377,16.431,16.431,36.956,51.621,-0.27756,-0.00541,0.03108,0.0908,0.01476,-0.02255,-0.04217,-0.0153,0.03857,0.02481,184.053,195.364,154.224,86.021,176.138,156.843,114.968,,223.209,,,212.493,173.745,151.593,211.127,159.615,137.423,1.176,1.1717,1.1342,1.1911,1.0643,1.0392,1.0474,1.0645,1.2895,0.795
B307,B307_GMS_3_2,2,triangulated,3,172,327.23,180,0.3,1020.0,smooth_all,137.218,137.555,134.982,135.196,13.453,13.486,13.234,13.255,33.79,40.7,-0.27458,0.02346,0.00599,0.07821,0.00096,-0.02572,-0.02495,-0.01784,0.01149,0.01473,155.773,166.104,142.207,94.603,152.554,126.437,87.081,,164.215,,,148.825,135.982,130.148,159.526,128.455,127.405,1.1942,1.1675,1.1781,1.1742,1.0575,1.0861,1.0337,1.06,1.319,0.7961
B352,B352_GMS_1_1,3,triangulated,3,34,247.43,291,0.3,1020.0,smooth_all,167.838,161.229,168.742,161.476,16.455,15.807,16.543,15.831,40.585,64.359,-0.26381,-0.03999,-0.02182,-0.03511,-0.01184,-0.02942,0.0113,0.00332,-0.10361,-0.02605,173.123,175.502,129.309,66.877,174.525,137.12,83.003,,226.561,,,249.985,219.416,247.389,170.771,143.955,150.782,1.2308,1.3593,1.3219,1.2237,1.0326,1.0963,1.0034,1.2062,1.286,0.7268
B352,B352_GMS_1_1,1,triangulated,3,290,273.98,291,0.3,1020.0,smooth_all,188.383,188.383,189.341,189.341,18.469,18.469,18.563,18.563,40.264,64.0,-0.23271,-0.01696,0.01,0.01769,0.01489,-0.03435,0.00101,0.00167,-0.05736,-0.00501,198.081,196.686,174.486,74.38,201.421,177.363,77.99,,274.616,,,287.103,214.177,235.209,229.671,167.797,168.91,1.2461,1.3041,1.3278,1.2583,1.0184,1.1029,0.973,1.2117,1.2611,0.7287
B352,B352_GMS_1_1,2,triangulated,3,291,320.84,291,0.3,1020.0,smooth_all,164.984,164.984,165.938,165.938,16.175,16.175,16.268,16.268,41.992,61.316,-0.14373,-0.04947,-0.02831,-0.01815,-0.01548,-0.0414,0.02478,0.01063,-0.10497,-0.01551,165.606,181.619,161.621,49.442,160.56,155.809,55.117,,228.666,,,190.931,171.133,142.976,234.674,191.385,212.576,1.2788,1.2579,1.2993,1.3098,1.033,1.1585,0.9772,1.176,1.3995,0.7182
B352,B352_GMS_2_1,3,triangulated,3,53,247.03,281,0.3,1020.0,smooth_all,111.942,110.994,116.031,114.887,10.975,10.882,11.376,11.263,40.129,53.052,-0.29459,-0.04864,0.02093,0.01747,0.0215,-0.02805,-0.01615,-0.00453,-0.04809,-0.01527,126.134,135.502,88.201,51.38,121.246,88.626,67.56,,139.344,,,155.554,135.54,157.507,101.603,94.494,105.406,1.268,1.3148,1.2904,1.2441,1.0268,1.0723,1.0366,1.1223,1.3203,0.7588
B352,B352_GMS_2_1,1,triangulated,3,277,273.39,281,0.3,1020.0,smooth_all,147.906,147.906,149.277,149.277,14.501,14.501,14.635,14.635,38.065,53.489,-0.11462,-0.03028,-0.00944,-0.03841,0.00932,-0.03144,0.02477,0.00612,-0.10307,-0.01046,157.045,171.186,141.585,59.47,147.217,124.39,50.912,,191.421,,,194.855,188.219,180.921,165.42,155.662,163.713,1.2743,1.3389,1.2874,1.299,1.0147,1.0971,1.0265,1.098,1.2686,0.7447
B352,B352_GMS_2_1,2,triangulated,3,276,320.04,281,0.3,1020.0,smooth_all,218.702,218.351,213.143,212.831,21.441,21.407,20.896,20.866,44.103,68.31,-0.19688,-0.07195,-0.01361,-0.02566,-0.01439,-0.03288,0.00843,0.00533,-0.11113,-0.02822,234.577,253.103,212.51,95.802,221.535,180.018,82.073,,281.518,,,244.206,227.228,200.807,284.788,254.536,288.913,1.2873,1.2864,1.3162,1.403,0.9944,1.1184,0.9853,1.0999,1.3705,0.7663
B352,B352_GMS_2_2,3,triangulated,3,93,247.23,304,0.3,1020.0,smooth_all,107.952,106.136,108.708,106.753,10.584,10.406,10.658,10.466,37.669,58.195,-0.24921,-0.01543,-0.00179,-0.01352,0.02175,-0.03453,0.0042,0.00283,-0.06251,-0.01212,116.381,127.093,69.99,62.798,110.869,66.968,58.944,,146.672,,,165.459,142.69,148.114,100.214,87.636,107.5,1.3032,1.4462,1.337,1.2781,0.9986,1.0984,1.0191,1.1306,1.3687,0.7337
B352,B352_GMS_2_2,1,triangulated,3,303,273.83,304,0.3,1020.0,smooth_all,174.824,174.824,174.951,174.951,17.14,17.14,17.152,17.152,37.578,65.82,-0.14218,-0.05859,-0.00268,-0.01328,0.02096,-0.03553,0.02221,0.00241,-0.10182,-0.01608,184.691,192.389,150.302,64.86,179.278,131.495,61.79,,251.594,,,255.813,225.447,202.693,214.304,169.556,177.992,1.3268,1.3678,1.3518,1.3112,1.0112,1.0502,0.9994,1.1267,1.3625,0.7357
B352,B352_GMS_2_2,2,triangulated,3,304,320.81,304,0.3,1020.0,smooth_all,119.194,119.194,119.76,119.76,11.686,11.686,11.741,11.741,41.104,60.991,-0.12377,-0.05458,-0.02711,-0.0179,-2e-05,-0.04503,0.02034,0.00085,-0.09507,-0.01225,122.723,138.257,99.42,66.588,125.289,88.907,76.119,,151.619,,,114.427,97.541,95.887,163.676,143.279,178.284,1.3329,1.3584,1.391,1.3385,1.0079,1.0972,1.014,1.0497,1.4097,0.754
B352,B352_GMS_2_3,3,triangulated,3,66,246.96,275,0.3,1020.0,smooth_all,109.089,107.163,111.586,109.214,10.695,10.506,10.94,10.707,36.43,51.062,-0.29475,-0.02172,0.00986,0.0185,0.02407,-0.02058,-0.01423,-0.00158,-0.02695,-0.0172,120.338,132.49,92.941,48.824,111.48,71.784,40.366,,148.333,,,163.964,127.828,164.633,104.26,100.991,99.021,1.272,1.2489,1.267,1.2865,1.0421,1.0642,0.9938,1.1325,1.3099,0.764
B352,B352_GMS_2_3,1,triangulated,3,275,273.06,275,0.3,1020.0,smooth_all,165.68,165.68,167.441,167.441,16.243,16.243,16.416,16.416,37.357,57.547,-0.26481,-0.02677,0.00547,-0.00481,0.00965,-0.02818,-0.00216,0.00113,-0.06008,-0.00743,181.335,190.466,155.547,79.997,173.997,135.364,46.636,,231.58,,,234.775,204.097,200.754,199.847,159.331,147.279,1.2836,1.3106,1.2701,1.3683,1.0271,1.1183,0.979,1.108,1.2942,0.75
B352,B352_GMS_2_3,2,triangulated,3,275,319.32,275,0.3,1020.0,smooth_all,149.751,149.751,151.815,151.815,14.681,14.681,14.884,14.884,41.468,58.021,-0.11753,-0.05056,-0.02745,-0.03503,-0.02058,-0.04017,0.02345,0.0127,-0.12169,-0.02534,161.896,179.847,159.613,69.225,150.861,143.63,50.598,,206.851,,,164.187,123.06,110.177,215.827,168.966,181.401,1.3436,1.2359,1.3156,1.3678,1.0485,1.0831,0.9824,1.1094,1.3604,0.8
B352,B352_GMS_3_1,3,triangulated,3,55,253.18,295,0.3,1020.0,smooth_all,124.016,124.0,124.106,124.075,12.158,12.157,12.167,12.164,35.784,57.437,-0.24352,-0.02476,0.02042,0.01246,0.02482,-0.02492,-0.02144,-0.00138,-0.01935,-0.01294,136.307,139.459,89.841,39.877,137.708,94.472,45.037,,179.643,,,198.182,161.919,175.359,132.03,110.358,96.032,1.2331,1.3837,1.309,1.3165,1.0368,1.0491,0.9978,1.068,1.2751,0.7498
B352,B352_GMS_3_1,1,triangulated,3,295,279.0,295,0.3,1020.0,smooth_all,187.046,187.046,187.081,187.081,18.338,18.338,18.341,18.341,35.51,61.987,-0.07658,-0.01464,-0.01376,-0.03308,0.00931,-0.04293,0.03043,0.00949,-0.09582,-0.00844,194.453,193.337,187.768,66.12,198.403,167.887,56.992,,274.414,,,281.997,238.791,213.233,233.876,169.851,145.428,1.2115,1.3426,1.2997,1.3067,1.03,1.0755,0.9982,1.0578,1.2482,0.7453
B352,B352_GMS_3_1,2,triangulated,3,295,324.28,295,0.3,1020.0,smooth_all,180.665,180.665,180.246,180.246,17.712,17.712,17.671,17.671,38.369,64.286,-0.14015,-0.05388,-0.0137,-0.03049,-0.01534,-0.03922,0.00941,0.00602,-0.10566,-0.01946,192.269,209.925,190.666,63.86,181.425,140.898,51.702,,264.331,,,223.458,179.243,147.383,269.134,209.382,205.488,1.2232,1.3614,1.3333,1.2896,1.0423,1.0546,0.9798,1.0653,1.3921,0.7667
B352,B352_GMS_3_2,1,triangulated,2,258,277.18,272,0.3,1020.0,smooth_all,246.073,246.073,245.771,245.771,24.125,24.125,24.095,24.095,38.719,73.498,-0.22222,-0.03701,0.02847,0.02051,0.02702,-0.02837,-0.01329,-0.00049,-0.03202,-0.01293,268.501,273.753,214.057,100.62,265.746,220.111,109.981,,344.935,,,360.934,335.604,325.356,294.84,240.339,231.893,1.2471,1.3364,1.258,1.3466,1.0161,1.085,1.0167,1.0617,1.302,0.7309
B352,B352_GMS_3_2,2,triangulated,2,272,322.48,272,0.3,1020.0,smooth_all,225.59,225.59,225.641,225.641,22.117,22.117,22.122,22.122,43.358,65.59,-0.07879,-0.0525,-0.02505,-0.04978,-0.01356,-0.03946,0.02247,0.00915,-0.11598,-0.02231,227.936,252.703,251.344,125.394,209.666,192.727,81.168,,298.397,,,260.351,234.528,235.877,300.734,251.964,251.539,1.2904,1.3342,1.2923,1.3747,1.0166,1.2122,0.9969,1.0602,1.4221,0.7777
B352,B352_GMS_4_1,3,triangulated,3,25,243.47,198,0.3,1020.0,smooth_all,68.102,67.492,71.272,70.413,6.677,6.617,6.987,6.903,42.322,45.682,-0.29687,-0.0225,0.05071,0.09312,0.02655,-0.0249,-0.03027,-0.01346,0.01238,0.00977,84.658,94.366,47.262,32.879,78.122,75.902,69.934,,68.59,,,83.013,68.883,102.258,31.034,50.214,66.361,1.226,1.34,1.2668,1.254,0.9911,1.0658,1.0663,1.0577,1.2583,0.7339
B352,B352_GMS_4_1,1,triangulated,3,145,271.44,198,0.3,1020.0,smooth_all,144.062,144.062,146.102,146.102,14.124,14.124,14.324,14.324,39.454,52.992,-0.26629,-0.03588,0.04227,0.05846,0.02668,-0.0307,-0.02733,-0.01047,-0.0161,0.00162,164.316,148.667,120.165,53.61,165.87,171.641,110.817,,179.445,,,183.761,152.713,168.339,148.429,133.795,139.085,1.2735,1.258,1.3051,1.2296,1.0001,1.0954,1.0594,1.0293,1.2582,0.7301
B352,B352_GMS_4_1,2,triangulated,3,185,321.0,198,0.3,1020.0,smooth_all,135.059,135.059,137.101,137.101,13.241,13.241,13.441,13.441,44.733,58.146,-0.11789,-0.08546,-0.01632,-0.0273,-0.01986,-0.041,0.01254,-0.00171,-0.11418,-0.02234,146.839,161.207,157.025,89.733,133.733,109.663,43.375,,170.903,,,137.751,109.56,97.245,177.669,156.966,188.371,1.2748,1.2256,1.3601,1.2586,0.9878,1.1338,1.0454,0.9877,1.3466,0.7853
B352,B352_GMS_4_2,3,triangulated,3,81,243.7,179,0.3,1020.0,smooth_all,176.594,168.603,179.358,170.332,17.313,16.53,17.584,16.699,42.78,64.672,-0.40499,-0.02178,0.02262,0.05402,0.01166,-0.01815,-0.02265,-0.0115,-0.00809,0.00413,184.334,187.196,146.54,98.708,183.982,157.49,107.971,,226.206,,,241.078,211.051,242.918,184.596,155.506,145.2,1.2629,1.4134,1.2989,1.3773,1.0757,1.0224,1.0405,1.0923,1.306,0.7545
B352,B352_GMS_4_2,1,triangulated,3,178,267.96,179,0.3,1020.0,smooth_all,201.105,201.105,200.789,200.789,19.716,19.716,19.685,19.685,42.514,66.613,-0.35545,-0.02984,0.03529,0.06859,0.02223,-0.02274,-0.02885,-0.01243,0.0093,0.0155,213.477,213.741,181.949,117.877,214.462,189.638,125.231,,273.652,,,283.377,183.949,166.512,242.12,198.093,180.038,1.2414,1.3266,1.3191,1.3661,1.0788,1.0908,1.0188,1.0933,1.2985,0.7498
B352,B352_GMS_4_2,2,triangulated,3,172,311.38,179,0.3,1020.0,smooth_all,149.686,149.686,146.487,146.487,14.675,14.675,14.361,14.361,48.263,62.905,-0.18048,-0.07429,-0.00525,0.00847,-0.00909,-0.03132,-0.00025,-0.00689,-0.08101,-0.01608,149.212,166.838,193.697,102.934,140.443,126.018,60.726,,189.466,,,150.724,162.324,171.748,197.044,159.143,152.068,1.2771,1.2805,1.3876,1.4039,1.0261,1.1561,0.9886,1.0706,1.3475,0.8047
B352,B352_GMS_4_3,3,triangulated,3,120,242.15,169,0.3,1020.0,smooth_all,89.418,89.418,90.568,90.568,8.766,8.766,8.879,8.879,41.81,48.493,-0.33253,-0.04995,0.05273,0.09101,0.02863,-0.02631,-0.02977,-0.01,-0.0055,0.00635,100.87,110.325,84.101,42.11,96.918,109.604,57.235,,106.205,,,113.02,87.012,129.785,74.242,67.135,72.646,1.3354,1.2778,1.3328,1.2931,1.1081,1.095,1.1263,1.0424,1.2794,0.7748
B352,B352_GMS_4_3,1,triangulated,3,162,267.36,169,0.3,1020.0,smooth_all,140.116,140.116,141.455,141.455,13.737,13.737,13.868,13.868,40.232,54.022,-0.33902,-0.05944,0.02457,0.03596,0.01917,-0.03222,-0.01975,-0.00919,-0.04155,-0.00152,148.157,153.81,116.857,61.367,144.348,147.648,80.172,,186.519,,,182.553,158.167,156.31,165.087,130.369,128.753,1.3603,1.2382,1.3228,1.2908,1.0852,1.1453,1.0858,1.0414,1.2308,0.7738
B352,B352_GMS_4_3,2,triangulated,3,147,312.6,169,0.3,1020.0,smooth_all,117.515,117.515,120.998,120.998,11.521,11.521,11.863,11.863,44.286,55.713,-0.20653,-0.07576,0.0131,0.00219,-0.00561,-0.03366,-0.01093,-0.00892,-0.06864,-0.01352,128.091,146.523,135.812,51.821,120.963,83.729,38.143,,151.6,,,113.871,105.997,89.088,156.076,130.6,183.959,1.3331,1.2613,1.3467,1.2382,1.0948,1.1639,1.1271,0.9964,1.3565,0.7697
B352,B352_GMS_4_4,3,triangulated,3,99,238.65,176,0.3,1020.0,smooth_all,81.293,81.293,81.201,81.201,7.97,7.97,7.961,7.961,40.746,49.104,-0.26266,0.01043,0.05848,0.12164,0.03154,-0.00727,-0.04734,-0.01232,0.05414,0.01695,93.135,101.312,57.025,52.84,88.633,71.054,73.103,,87.001,,,97.912,83.802,111.169,64.907,75.648,77.759,1.3742,1.2968,1.3692,1.4338,0.9877,1.1409,1.0604,1.0471,1.2827,0.7315
B352,B352_GMS_4_4,1,triangulated,3,137,265.67,176,0.3,1020.0,smooth_all,86.084,85.878,87.795,87.695,8.44,8.419,8.607,8.598,42.465,54.285,-0.3191,-0.02439,0.062,0.11058,0.02807,-0.02042,-0.04226,-0.01161,0.02366,0.01539,93.993,102.779,86.984,50.897,88.523,103.738,68.892,,89.286,,,97.586,86.882,103.015,80.647,75.083,81.571,1.3725,1.2296,1.3721,1.3825,1.0192,1.1346,1.0924,1.0295,1.2652,0.7366
B352,B352_GMS_4_4,2,triangulated,3,129,314.61,176,0.3,1020.0,smooth_all,91.772,91.772,107.07,107.07,8.997,8.997,10.497,10.497,43.794,51.726,-0.16882,-0.08723,0.018,0.0205,-0.00738,-0.0323,-0.02226,-0.01121,-0.05841,-0.01544,101.68,105.969,86.845,69.311,115.43,67.513,85.551,,103.46,,,116.055,79.262,72.944,103.125,83.408,84.985,1.2682,1.1292,1.4456,1.2893,0.9583,1.188,0.9868,1.0012,1.3434,0.7654
B352,B352_GMS_4_5,3,triangulated,3,123,238.34,182,0.3,1020.0,smooth_all,107.711,107.711,107.657,107.657,10.56,10.56,10.555,10.555,44.955,58.984,-0.37158,-0.04076,0.00055,0.0573,0.00328,-0.02265,-0.0255,-0.01373,-0.01958,-0.00109,113.709,122.172,69.329,63.284,110.849,92.09,74.167,,133.831,,,140.394,129.456,151.008,119.161,99.719,85.187,1.3336,1.3194,1.3465,1.2913,1.0441,1.0924,1.0705,1.081,1.2474,0.7529
B352,B352_GMS_4_5,1,triangulated,3,164,263.93,182,0.3,1020.0,smooth_all,154.65,154.65,155.837,155.837,15.162,15.162,15.278,15.278,44.551,67.246,-0.33734,-0.03554,-0.00291,0.03558,0.00494,-0.02642,-0.01699,-0.01441,-0.02812,-0.00407,156.281,158.999,149.416,76.245,156.149,180.057,105.967,,192.663,,,202.555,177.97,183.625,170.416,123.911,127.112,1.3565,1.2882,1.3307,1.3148,1.0415,1.1354,1.0519,1.0919,1.2203,0.7373
B352,B352_GMS_4_5,2,triangulated,3,125,310.26,182,0.3,1020.0,smooth_all,85.651,85.651,86.323,86.323,8.397,8.397,8.463,8.463,48.749,54.787,-0.29198,-0.05176,0.00694,0.04756,-0.00734,-0.02807,-0.01988,-0.01264,-0.03844,-0.00975,87.571,94.359,160.698,80.986,97.076,87.124,50.219,,87.924,,,74.687,61.799,66.038,91.195,75.042,83.627,1.356,1.2765,1.3523,1.3454,1.0429,1.1425,1.0406,1.0609,1.3071,0.7871
B356,B356_GMS_1_1,1,triangulated,2,264,276.33,268,0.3,1020.0,smooth_all,nan,nan,nan,nan,nan,nan,nan,nan,nan,nan,-0.28368,-0.07813,0.01425,0.02054,0.03067,-0.0337,-0.00453,-0.0077,-0.04596,-0.0112,,,,,,,,,,,,,,,,,,,,,,,,,,,
B356,B356_GMS_1_1,2,triangulated,2,234,313.33,268,0.3,1020.0,smooth_all,nan,nan,nan,nan,nan,nan,nan,nan,nan,nan,-0.19501,-0.06085,-0.01731,-0.03818,0.01212,-0.03556,0.01815,-0.00384,-0.07607,-0.02193,,,,,,,,,,,,,,,,,,,,,,,,,,,
B356,B356_GMS_1_4,1,triangulated,2,160,277.41,160,0.3,1020.0,smooth_all,nan,nan,nan,nan,nan,nan,nan,nan,nan,nan,-0.3104,-0.04214,0.00781,0.04195,0.0265,-0.04297,0.01369,-0.0003,-0.07046,0.00016,,,,,,,,,,,,,,,,,,,,,,,,,,,
B356,B356_GMS_1_4,2,triangulated,2,160,314.31,160,0.3,1020.0,smooth_all,nan,nan,nan,nan,nan,nan,nan,nan,nan,nan,-0.17657,-0.09137,-0.03344,-0.01024,-0.01161,-0.04733,0.02698,0.00361,-0.09615,0.00261,,,,,,,,,,,,,,,,,,,,,,,,,,,
B356,B356_GMS_2_3,3,triangulated,3,77,239.15,168,0.3,1020.0,smooth_all,76.069,74.539,76.84,75.291,7.458,7.308,7.533,7.381,44.492,65.62,-0.29215,-0.06057,-0.0033,0.03405,0.02228,-0.04863,0.00617,-0.00059,-0.09153,-0.01856,77.459,91.644,69.252,57.709,74.697,92.048,65.974,,72.733,,,68.72,87.683,75.0,101.041,70.963,58.076,1.3103,1.2274,1.4053,1.0484,0.9974,0.9928,1.0213,1.1368,1.3755,0.8491
B356,B356_GMS_2_3,1,triangulated,3,168,276.69,168,0.3,1020.0,smooth_all,130.08,130.08,131.387,131.387,12.753,12.753,12.881,12.881,34.613,46.976,-0.098,-0.04694,0.00245,0.0383,0.02144,-0.04749,0.02622,-0.00289,-0.08136,0.01232,162.387,145.299,53.582,94.12,183.936,102.858,111.172,,140.308,,,166.406,167.205,149.125,145.486,117.193,86.889,1.3356,1.2038,1.462,1.0508,0.984,0.9987,0.9842,1.0897,1.2907,0.8062
B356,B356_GMS_2_3,2,triangulated,3,151,313.5,168,0.3,1020.0,smooth_all,98.812,99.167,103.724,104.15,9.687,9.722,10.169,10.211,39.461,56.529,-0.21197,-0.04676,-0.03791,-0.01402,-0.00963,-0.04946,0.02179,-0.00097,-0.12071,-0.0127,103.919,112.218,83.708,141.174,110.898,101.897,102.851,,84.951,,,97.62,97.334,107.341,79.347,83.263,79.734,1.3292,1.2265,1.4694,1.0773,1.0089,1.0273,0.9991,1.0548,1.3447,0.8297
B356,B356_GMS_2_4,3,triangulated,3,178,238.14,274,0.3,1020.0,smooth_all,87.432,87.559,93.534,94.52,8.572,8.584,9.17,9.267,40.209,54.035,-0.37468,-0.04086,0.01971,0.06615,0.01204,-0.02848,-0.03898,1e-05,-0.02224,0.0024,101.838,117.983,65.616,93.748,99.361,75.656,85.36,,79.925,,,61.392,73.935,60.455,101.901,110.535,98.181,1.5829,0.9665,1.293,1.1652,0.9961,0.9789,1.0242,1.0387,1.3165,0.834
B356,B356_GMS_2_4,1,triangulated,3,274,275.51,274,0.3,1020.0,smooth_all,127.026,127.026,130.01,130.01,12.454,12.454,12.746,12.746,51.178,83.341,-0.14097,-0.01368,0.02878,0.06747,0.01689,-0.02707,-0.03587,0.00025,0.01663,0.01311,112.958,116.557,140.649,158.735,113.667,104.356,99.032,,173.847,,,175.206,134.365,108.273,158.907,115.25,74.705,1.5473,1.0502,1.3195,1.1136,0.9969,0.9628,0.997,0.9768,1.2238,0.8281
B356,B356_GMS_2_4,2,triangulated,3,274,312.4,274,0.3,1020.0,smooth_all,130.416,130.416,132.452,132.452,12.786,12.786,12.986,12.986,50.14,61.826,-0.32499,-0.07286,0.00475,0.02515,0.00647,-0.04386,-0.02272,-0.00475,-0.06869,-0.00454,115.673,122.632,78.75,68.875,117.436,130.189,57.432,,170.422,,,149.644,140.235,129.782,158.098,144.964,236.249,1.4481,1.0671,1.3457,1.0749,1.0037,0.9749,1.0013,0.9623,1.3452,0.8379
B356,B356_GMS_3_2,3,triangulated,3,73,236.32,180,0.3,1020.0,smooth_all,53.376,52.827,55.597,54.955,5.233,5.179,5.451,5.388,41.142,45.509,-0.29902,-0.05646,0.02827,0.05045,0.01692,-0.02539,-0.02799,-0.0083,-0.02143,0.00033,69.792,85.099,37.796,41.212,65.051,34.117,76.474,,37.925,,,35.977,44.244,56.875,48.83,46.849,67.018,1.377,1.0812,1.2925,1.247,0.9672,0.9664,1.0852,1.1383,1.3931,0.8336
B356,B356_GMS_3_2,1,triangulated,3,122,274.38,180,0.3,1020.0,smooth_all,108.01,108.01,110.284,110.284,10.589,10.589,10.812,10.812,35.363,53.31,-0.16047,-0.02409,0.00065,0.01509,0.00873,-0.035,-0.00103,-0.00665,-0.03718,0.00285,95.819,95.141,76.561,64.319,101.545,82.732,44.402,,166.541,,,165.955,152.469,142.177,140.656,103.962,79.346,1.4528,1.0771,1.3119,1.2625,0.9694,0.9832,1.0549,1.0774,1.2922,0.803
B356,B356_GMS_3_2,2,triangulated,3,166,311.97,180,0.3,1020.0,smooth_all,159.294,159.294,163.039,163.039,15.617,15.617,15.984,15.984,37.947,56.875,-0.21333,-0.04719,-0.00279,0.06276,0.00826,-0.03103,-0.00526,-0.00858,-0.04055,0.00052,152.126,158.537,109.119,57.824,151.137,136.053,88.859,,220.134,,,188.094,180.459,163.617,215.001,188.692,217.324,1.4372,1.0746,1.3525,1.2344,0.9997,1.02,1.0825,1.038,1.356,0.8067
B356,B356_GMS_4_1,3,triangulated,3,98,238.77,201,0.3,1020.0,smooth_all,75.482,75.482,67.856,67.856,7.4,7.4,6.653,6.653,39.122,43.353,-0.34917,-0.01978,0.07653,0.09342,0.04444,-0.03083,-0.0385,-0.00386,0.04613,0.00958,75.036,87.798,49.025,64.601,75.466,52.107,62.381,,87.435,,,77.64,71.822,70.933,78.837,95.002,108.67,1.2381,1.3193,1.308,1.1754,1.0934,0.8642,1.0003,0.9726,1.3858,0.8501
B356,B356_GMS_4_1,1,triangulated,3,175,276.42,201,0.3,1020.0,smooth_all,113.533,113.533,109.585,109.585,11.131,11.131,10.744,10.744,38.028,50.816,-0.22085,0.00326,-0.01247,-0.02561,0.00823,-0.03876,0.01208,0.0044,-0.03798,0.00335,125.027,143.756,69.566,133.083,114.447,59.32,105.959,,111.729,,,109.275,72.285,100.314,136.89,151.996,170.481,1.2423,1.2747,1.2472,1.2264,1.0742,0.9108,1.0455,1.0157,1.2892,0.8225
B356,B356_GMS_4_1,2,triangulated,3,191,313.35,201,0.3,1020.0,smooth_all,81.198,81.046,94.127,93.972,7.961,7.946,9.228,9.213,40.366,46.812,-0.28173,-0.0552,0.03829,0.02333,0.02201,-0.04574,-0.0052,-0.00649,-0.06546,-0.02022,89.347,99.451,60.686,36.939,92.986,79.517,48.953,,95.961,,,74.782,93.592,82.085,87.75,93.657,102.218,1.3146,1.2325,1.2285,1.2624,1.05,0.9059,1.0359,0.8544,1.3836,0.849
B356,B356_GMS_4_2,3,triangulated,3,105,238.38,160,0.3,1020.0,smooth_all,95.286,95.286,99.906,99.906,9.342,9.342,9.795,9.795,41.406,52.892,-0.29185,-0.07968,-0.00885,0.04897,0.01188,-0.03461,0.00502,-0.0025,-0.09146,-0.00147,68.389,85.192,111.171,58.247,68.854,114.652,73.782,,109.756,,,115.641,126.28,136.656,84.731,86.069,87.711,1.3363,1.2566,1.4167,1.1448,1.0013,0.9368,1.0736,1.0855,1.4059,0.842
B356,B356_GMS_4_2,1,triangulated,3,133,276.47,160,0.3,1020.0,smooth_all,107.679,107.679,112.502,112.502,10.557,10.557,11.03,11.03,38.392,51.724,-0.20155,-0.03385,-0.03527,-0.04145,-0.00242,-0.04437,0.03098,0.00351,-0.10902,-0.01564,100.228,103.348,94.348,61.887,100.917,90.735,64.111,,141.543,,,141.719,131.043,126.56,130.285,115.58,103.301,1.3274,1.2621,1.348,1.2101,1.0102,0.9391,1.1021,1.0815,1.3421,0.7784
B356,B356_GMS_4_2,2,triangulated,3,111,313.7,160,0.3,1020.0,smooth_all,90.513,90.513,93.772,93.772,8.874,8.874,9.193,9.193,41.746,51.134,-0.27593,-0.09557,-0.04318,-0.05452,-0.01417,-0.05211,0.03648,-0.00656,-0.16774,-0.04655,97.962,105.181,53.403,53.145,102.462,78.686,63.389,,118.732,,,90.624,94.515,93.802,114.754,91.396,109.766,1.3367,1.2799,1.3343,1.2498,1.0263,0.9587,1.1366,1.0682,1.3719,0.7986
B356,B356_GMS_4_3,3,triangulated,3,93,238.98,176,0.3,1020.0,smooth_all,97.369,97.057,100.684,100.133,9.546,9.515,9.871,9.817,65.473,71.337,-0.38674,-0.00222,0.05842,0.08335,0.02827,-0.02955,-0.04367,-0.00422,0.05425,0.0172,74.724,95.555,62.79,75.656,84.59,97.844,72.403,,92.484,,,92.332,86.112,126.03,87.021,116.593,191.303,1.3204,1.3126,1.3379,1.2669,1.077,0.9219,1.0813,1.0581,1.4681,0.8605
B356,B356_GMS_4_3,1,triangulated,3,167,277.34,176,0.3,1020.0,smooth_all,100.254,100.254,101.231,101.231,9.829,9.829,9.925,9.925,53.687,73.592,-0.19804,-0.01107,-0.00255,-0.01548,-0.00431,-0.03528,0.00894,0.00075,-0.04848,-0.00346,81.394,84.414,100.043,92.759,89.718,111.276,81.027,,116.128,,,115.277,94.52,115.123,97.154,88.384,127.005,1.3013,1.327,1.303,1.2367,1.1061,0.9555,1.0565,1.0172,1.3306,0.8134
B356,B356_GMS_4_3,2,triangulated,3,130,314.6,176,0.3,1020.0,smooth_all,94.269,94.269,96.063,96.063,9.242,9.242,9.418,9.418,45.229,51.914,-0.35081,-0.05069,-0.01095,-0.01095,-0.00737,-0.04168,0.00769,-0.0043,-0.07927,-0.01334,108.243,124.492,82.821,43.215,109.313,112.639,60.316,,124.046,,,93.384,109.916,73.837,126.651,61.208,88.064,1.2732,1.3178,1.2704,1.3146,1.145,1.0382,1.0726,0.9691,1.4445,0.8478
B356,B356_GMS_4_4,3,triangulated,3,91,237.63,176,0.3,1020.0,smooth_all,73.826,73.826,74.372,74.372,7.238,7.238,7.291,7.291,40.197,49.26,-0.27399,-0.02894,-0.00752,0.02066,0.01638,-0.03225,-0.02212,-0.00293,-0.0407,-0.01404,77.266,92.098,68.63,36.116,76.134,96.113,36.684,,99.0,,,110.463,88.5,65.947,73.203,58.834,54.578,1.3471,1.1944,1.2869,1.2373,0.9787,0.9914,1.0046,1.0599,1.4185,0.862
B356,B356_GMS_4_4,1,triangulated,3,146,276.37,176,0.3,1020.0,smooth_all,172.455,172.455,173.226,173.226,16.907,16.907,16.983,16.983,38.649,56.614,-0.12806,-0.0279,-0.04804,-0.03479,-0.01701,-0.04281,0.01608,0.00254,-0.10117,-0.00663,179.213,180.483,143.816,84.63,181.68,161.868,80.142,,266.746,,,261.197,199.791,150.639,237.269,165.295,121.597,1.3845,1.215,1.2785,1.2831,0.9717,0.9941,1.003,1.0123,1.3519,0.7886
B356,B356_GMS_4_4,2,triangulated,3,103,314.06,176,0.3,1020.0,smooth_all,195.176,194.263,196.985,196.251,19.135,19.045,19.312,19.24,38.747,54.666,-0.29608,-0.10266,-0.0835,-0.05217,-0.04155,-0.05302,0.03488,-0.00401,-0.21277,-0.05004,202.61,209.538,172.873,97.771,202.824,199.178,139.935,,253.506,,,223.977,200.051,165.859,251.689,207.033,206.057,1.3677,1.2024,1.31,1.2346,1.021,1.0407,0.9895,1.0051,1.3999,0.8483
B356,B356_GMS_4_5,3,triangulated,3,13,240.81,182,0.3,1020.0,smooth_all,151.805,149.93,157.017,154.689,14.883,14.699,15.394,15.166,40.787,61.527,-0.27239,-0.00924,0.03819,0.07311,0.01522,-0.0225,-0.04176,-0.00842,0.01984,0.01106,151.122,151.421,126.289,45.912,158.863,175.293,92.871,,207.799,,,221.692,200.582,187.18,160.336,132.465,112.23,1.3055,1.2727,1.3272,1.2756,0.9809,1.0142,1.0012,1.1196,1.3391,0.8406
B356,B356_GMS_4_5,1,triangulated,3,111,277.05,182,0.3,1020.0,smooth_all,105.476,105.476,107.369,107.369,10.341,10.341,10.526,10.526,39.851,56.276,-0.06845,-0.02741,-0.01454,-0.00591,-0.00709,-0.04179,0.00566,-0.00198,-0.05845,-0.00308,105.14,104.576,112.788,37.39,109.552,123.857,52.368,,159.657,,,154.977,131.767,107.405,132.439,87.535,72.501,1.3254,1.2991,1.3278,1.2594,0.9711,1.0172,1.0117,1.0899,1.2738,0.7843
B356,B356_GMS_4_5,2,triangulated,3,113,312.9,182,0.3,1020.0,smooth_all,209.124,209.124,209.647,209.647,20.502,20.502,20.554,20.554,39.123,63.278,-0.25007,-0.05324,-0.0389,-0.03527,-0.02655,-0.0463,0.01195,-0.00261,-0.11473,-0.01737,216.404,229.937,174.252,64.637,208.358,187.246,104.982,,284.393,,,240.335,246.588,215.244,288.757,241.529,253.123,1.3074,1.2926,1.3046,1.2504,0.9848,1.0206,1.0132,1.0428,1.3541,0.8207
B374,B374_GMS_1_2,3,triangulated,3,188,220.09,266,0.3,1020.0,smooth_all,111.19,111.19,110.205,110.205,10.901,10.901,10.804,10.804,31.518,37.909,-0.19901,0.01154,0.01244,0.01998,0.01799,-0.02016,-0.02871,0.00054,-0.00196,0.00656,122.905,119.227,113.654,119.723,130.502,94.686,130.084,,96.145,,,81.064,99.118,74.471,117.996,125.115,131.977,1.2433,1.1407,1.2352,1.2388,1.0221,1.0357,1.0599,1.1287,1.2845,0.8471
B374,B374_GMS_1_2,1,triangulated,3,266,266.6,266,0.3,1020.0,smooth_all,104.053,104.053,104.983,104.983,10.201,10.201,10.292,10.292,27.821,46.487,-0.04142,-0.0183,0.01323,0.00245,0.01856,-0.03787,0.00136,-0.00066,-0.05054,0.00486,108.906,116.287,100.435,101.65,105.563,81.415,111.212,,114.438,,,119.008,95.824,82.744,106.794,105.542,105.443,1.2512,1.15,1.2078,1.2022,1.0162,1.0299,1.0349,1.0901,1.2293,0.8455
B374,B374_GMS_1_2,2,triangulated,3,266,307.15,266,0.3,1020.0,smooth_all,108.837,108.837,109.093,109.093,10.67,10.67,10.695,10.695,26.9,46.784,-0.19067,-0.03013,-0.01135,-0.02987,-0.00057,-0.04466,-2e-05,0.00021,-0.08197,-0.01856,113.544,117.62,88.284,57.603,116.669,65.78,67.371,,145.324,,,130.503,125.292,106.067,140.713,115.822,126.892,1.2745,1.1188,1.229,1.1814,1.0749,1.0461,1.0858,1.0693,1.2824,0.8333
B374,B374_GMS_1_3,3,triangulated,3,121,220.63,174,0.3,1020.0,smooth_all,76.452,76.73,78.768,79.0,7.495,7.523,7.722,7.745,31.582,41.125,-0.16683,-0.00233,0.00914,0.02607,0.02226,-0.03101,-0.00384,-0.00539,-0.03229,-0.00728,77.053,73.9,94.476,127.711,85.511,70.851,74.696,,64.711,,,55.463,77.782,65.432,72.241,62.569,70.567,1.1922,1.229,1.26,1.1407,1.0265,1.0507,1.0163,1.1007,1.2525,0.8492
B374,B374_GMS_1_3,1,triangulated,3,174,267.73,174,0.3,1020.0,smooth_all,82.433,82.433,84.121,84.121,8.082,8.082,8.247,8.247,28.254,39.002,-0.0079,-0.02294,-0.00181,0.00103,0.00769,-0.04761,0.01823,-0.00021,-0.07377,-0.00065,100.218,105.345,66.98,125.356,99.423,84.302,106.737,,66.056,,,77.84,65.354,58.457,66.532,73.326,57.934,1.1911,1.1823,1.1914,1.1661,1.0256,1.0372,1.0097,1.0473,1.1976,0.8415
B374,B374_GMS_1_3,2,triangulated,3,163,308.45,174,0.3,1020.0,smooth_all,68.976,69.045,70.539,70.614,6.762,6.769,6.916,6.923,28.137,42.688,-0.17917,-0.0041,-0.02033,-0.00879,0.00173,-0.04573,0.00318,0.00031,-0.06336,-0.00667,65.611,65.158,51.958,72.066,77.954,72.681,74.466,,75.564,,,60.372,74.168,60.101,72.963,58.724,85.132,1.2075,1.1389,1.263,1.1181,1.0823,1.0497,1.0238,1.0499,1.2591,0.8372
B374,B374_GMS_1_4,3,triangulated,3,187,220.4,241,0.3,1020.0,smooth_all,72.369,72.369,81.591,81.591,7.095,7.095,7.999,7.999,30.406,51.249,-0.15536,-0.01775,0.00922,0.01823,0.00772,-0.02177,-0.02297,-0.00057,-0.02042,0.00239,69.113,72.577,66.303,104.388,75.047,52.718,100.307,,70.777,,,76.854,79.9,59.617,58.209,57.901,71.383,1.2191,1.1949,1.231,1.2035,0.9744,1.0318,1.0117,1.0893,1.2667,0.8611
B374,B374_GMS_1_4,1,triangulated,3,241,268.7,241,0.3,1020.0,smooth_all,74.034,74.034,74.685,74.685,7.258,7.258,7.322,7.322,27.767,45.121,-0.09579,-0.01929,-0.01737,-0.03838,-0.0038,-0.04111,0.01099,0.00201,-0.07519,-0.00759,73.574,84.732,48.22,33.33,66.184,47.153,52.11,,119.182,,,115.665,88.034,72.965,100.25,64.886,55.823,1.2619,1.1863,1.2357,1.2239,1.0052,1.0259,1.0244,1.0467,1.2153,0.8353
B374,B374_GMS_1_4,2,triangulated,3,241,310.11,241,0.3,1020.0,smooth_all,109.283,109.378,109.92,110.006,10.714,10.723,10.776,10.785,28.855,42.773,-0.17119,-0.01373,-0.00487,-0.02577,0.00658,-0.04046,-0.00378,-0.00269,-0.06215,-0.02055,119.155,117.956,92.174,46.432,125.639,69.169,36.71,,145.037,,,115.959,130.72,114.102,146.076,113.435,156.813,1.243,1.1594,1.2839,1.137,1.0209,1.0678,1.0516,1.0428,1.2505,0.8483
B374,B374_GMS_2_3,3,triangulated,3,159,221.19,186,0.3,1020.0,smooth_all,60.368,60.368,67.281,67.281,5.918,5.918,6.596,6.596,32.541,45.383,-0.1792,-0.01511,-0.0034,-0.00923,0.00862,-0.02489,-0.00075,-0.0011,-0.05939,-0.01317,62.18,69.916,35.979,84.735,61.427,36.173,68.061,,62.645,,,65.967,63.091,65.799,53.525,59.51,55.843,1.2072,1.2561,1.2267,1.2276,1.0131,1.0672,1.0575,1.1482,1.2371,0.8412
B374,B374_GMS_2_3,1,triangulated,3,186,267.91,186,0.3,1020.0,smooth_all,88.998,88.894,93.257,92.922,8.725,8.715,9.143,9.11,29.55,45.191,-0.06323,-0.00588,-0.002,-0.03161,0.00857,-0.04349,0.00355,-0.00017,-0.05745,0.00124,90.218,90.406,70.861,34.834,93.142,75.97,36.461,,135.779,,,132.811,114.671,106.481,115.422,72.934,73.115,1.2503,1.2325,1.2194,1.2472,1.0236,1.026,1.018,1.1106,1.1731,0.8367
B374,B374_GMS_2_3,2,triangulated,3,184,308.24,186,0.3,1020.0,smooth_all,126.853,126.826,127.897,127.83,12.437,12.434,12.539,12.532,32.251,52.915,-0.17046,-0.04351,0.01831,-0.01322,0.00963,-0.03722,-0.00702,-0.00832,-0.0781,-0.02164,140.193,151.061,99.603,34.732,134.005,83.59,40.471,,182.271,,,151.585,147.239,132.483,180.991,129.426,169.102,1.2471,1.1771,1.2264,1.2104,1.063,1.059,1.0335,1.077,1.232,0.835
B374,B374_GMS_2_4,3,triangulated,3,171,220.01,209,0.3,1020.0,smooth_all,64.748,64.748,71.563,71.563,6.348,6.348,7.016,7.016,30.966,50.544,-0.15725,-0.01243,-0.00308,-0.00639,0.00994,-0.02494,0.00303,-0.00181,-0.05988,-0.01412,58.078,68.709,40.804,79.775,58.593,39.408,66.97,,82.33,,,87.458,85.872,66.139,63.152,57.445,51.553,1.1841,1.2213,1.2372,1.2025,0.9994,1.0469,1.0378,1.136,1.3054,0.8623
B374,B374_GMS_2_4,1,triangulated,3,209,267.47,209,0.3,1020.0,smooth_all,92.248,92.248,96.874,96.874,9.044,9.044,9.497,9.497,27.84,45.395,-0.04746,-0.01887,0.00039,-0.01664,0.00616,-0.039,0.00688,-0.00084,-0.06842,-0.00481,90.93,95.147,86.849,31.989,91.264,66.273,39.962,,149.471,,,141.073,112.537,93.225,132.267,84.512,72.701,1.2198,1.2069,1.2046,1.2401,1.0104,1.0193,0.9961,1.0933,1.2479,0.8498
B374,B374_GMS_2_4,2,triangulated,3,209,308.59,209,0.3,1020.0,smooth_all,99.362,99.362,100.16,100.16,9.741,9.741,9.82,9.82,32.84,43.679,-0.14761,-0.02315,0.01712,-0.00334,0.01201,-0.03858,-0.01559,-0.00619,-0.05323,-0.01222,108.127,114.319,91.839,24.349,108.416,76.607,49.969,,135.997,,,108.138,102.226,92.364,134.898,99.264,145.429,1.2051,1.1966,1.2172,1.228,1.0705,1.07,1.0206,1.0598,1.27,0.8513
B374,B374_GMS_3_1,3,triangulated,3,37,218.19,171,0.3,1020.0,smooth_all,83.798,83.798,89.742,89.742,8.215,8.215,8.798,8.798,32.029,45.74,-0.24095,0.03274,0.02645,0.0755,0.00054,-0.00384,-0.0369,-0.01084,0.03063,0.01028,88.406,101.014,83.545,134.809,81.315,68.057,117.129,,49.744,,,41.757,55.45,49.813,74.263,110.263,117.603,1.1742,1.2851,1.2116,1.1991,1.015,1.053,1.0202,1.0986,1.2211,0.84
B374,B374_GMS_3_1,1,triangulated,3,95,267.2,171,0.3,1020.0,smooth_all,99.268,97.676,95.297,93.77,9.732,9.576,9.343,9.193,28.715,48.192,-0.08515,-0.02981,0.01399,0.03109,0.00704,-0.03342,-0.02104,-0.00923,-0.02007,0.01442,88.811,94.632,74.406,50.421,99.505,83.012,53.76,,148.609,,,148.012,130.375,121.359,132.176,82.053,66.954,1.195,1.19,1.1897,1.2336,1.0205,1.0227,0.9811,1.0868,1.1439,0.8454
B374,B374_GMS_3_1,2,triangulated,3,94,309.77,171,0.3,1020.0,smooth_all,125.263,125.263,125.909,125.909,12.281,12.281,12.344,12.344,33.502,45.294,-0.17881,-0.07734,0.0005,0.0137,-0.00753,-0.03356,0.01628,-0.0128,-0.09075,-0.03068,127.218,142.171,115.208,38.676,118.835,115.022,53.88,,170.368,,,146.011,135.821,132.858,164.135,122.737,170.737,1.222,1.1366,1.1863,1.231,1.0882,1.0344,1.019,1.0258,1.2042,0.8414
B374,B374_GMS_3_2,3,triangulated,3,53,219.02,154,0.3,1020.0,smooth_all,97.684,98.577,100.113,100.997,9.577,9.664,9.815,9.902,31.706,46.021,-0.21958,0.0269,0.01723,0.08107,0.00573,-0.00772,-0.03234,-0.01318,0.03467,0.01735,103.68,112.765,108.371,148.565,100.476,78.275,122.334,,62.405,,,56.431,71.391,68.703,89.933,118.784,126.342,1.2036,1.2296,1.235,1.204,1.0123,1.0895,1.0339,1.1503,1.2273,0.847
B374,B374_GMS_3_2,1,triangulated,3,133,267.3,154,0.3,1020.0,smooth_all,74.899,74.899,74.719,74.719,7.343,7.343,7.325,7.325,27.945,46.754,-0.06609,0.00364,0.03441,0.03881,0.01159,-0.03441,-0.02729,-0.0096,0.02099,0.01518,71.484,72.721,35.464,57.712,73.788,52.498,48.681,,116.291,,,115.326,88.256,84.521,97.083,52.712,48.015,1.2388,1.2097,1.2478,1.2139,1.0172,1.0361,0.9992,1.0997,1.1925,0.8437
B374,B374_GMS_3_2,2,triangulated,3,135,309.19,154,0.3,1020.0,smooth_all,113.536,113.536,113.054,113.054,11.131,11.131,11.084,11.084,34.036,47.018,-0.15704,-0.08304,0.02458,0.01484,-0.0061,-0.03952,0.00245,-0.01136,-0.10005,-0.02992,117.666,130.322,112.253,19.04,112.151,87.332,44.528,,161.874,,,139.826,121.771,125.268,154.343,114.996,153.345,1.2684,1.1582,1.2732,1.1879,1.0774,1.0363,1.0177,1.0479,1.2258,0.8509
B374,B374_GMS_4_1,3,triangulated,3,129,217.11,170,0.3,1020.0,smooth_all,68.683,68.683,73.768,73.768,6.734,6.734,7.232,7.232,36.168,51.339,-0.2223,-0.01282,-0.00283,0.01921,0.02129,-0.02765,-0.00503,-0.00048,-0.04322,-0.00936,70.519,90.193,72.682,125.915,61.416,36.753,76.792,,39.416,,,34.418,48.696,50.762,62.081,92.822,99.095,1.202,1.2586,1.2584,1.1665,1.0522,1.0286,1.0953,1.1003,1.2862,0.862
B374,B374_GMS_4_1,1,triangulated,3,170,265.92,170,0.3,1020.0,smooth_all,71.721,71.721,76.886,76.886,7.031,7.031,7.538,7.538,30.819,40.54,-0.04497,-0.04162,-0.00376,-0.03415,0.00261,-0.03954,0.02076,0.0008,-0.09071,-0.01377,77.061,81.089,54.142,74.584,75.121,51.586,66.959,,88.06,,,86.517,65.687,64.94,84.305,66.162,62.231,1.2386,1.2109,1.2398,1.1774,1.051,1.0452,1.0406,1.089,1.1708,0.8269
B374,B374_GMS_4_1,2,triangulated,3,170,308.82,170,0.3,1020.0,smooth_all,95.222,95.222,96.04,96.04,9.336,9.336,9.416,9.416,37.228,49.151,-0.17248,-0.03401,0.01781,0.00185,0.01497,-0.04211,-0.0035,-0.00539,-0.07041,-0.02036,102.099,118.007,71.159,30.014,98.072,55.467,50.709,,119.282,,,88.967,96.771,86.727,119.178,102.898,192.901,1.2185,1.2003,1.2573,1.1504,1.1026,1.0432,1.0536,1.0565,1.2178,0.8417
B374,B374_GMS_4_4,3,triangulated,3,154,217.12,179,0.3,1020.0,smooth_all,78.151,78.151,78.936,78.936,7.662,7.662,7.739,7.739,38.306,43.264,-0.30258,0.02278,0.05216,0.0826,0.02456,-0.0183,-0.04003,-0.00892,0.04382,0.01276,87.752,91.478,49.231,84.101,91.152,71.273,93.341,,56.173,,,54.511,101.785,116.422,69.105,45.665,78.83,1.1668,1.2395,1.2315,1.1176,1.0454,0.9253,1.0497,0.9465,1.2845,0.8852
B374,B374_GMS_4_4,1,triangulated,3,179,265.52,179,0.3,1020.0,smooth_all,54.191,54.191,55.545,55.545,5.313,5.313,5.446,5.446,31.974,41.707,-0.16929,-0.03162,0.02307,0.03038,0.00496,-0.02263,-0.00434,-0.01039,-0.02712,-0.00822,50.779,54.145,32.188,61.354,51.459,29.904,63.747,,40.867,,,52.16,77.333,70.763,37.757,73.601,66.878,1.2026,1.2134,1.2179,1.1733,1.0458,1.0546,1.1415,1.0793,1.1973,0.8578
B374,B374_GMS_4_4,2,triangulated,3,169,308.2,179,0.3,1020.0,smooth_all,87.917,87.89,85.899,85.803,8.619,8.617,8.422,8.412,38.723,46.637,-0.24198,-0.08066,-0.00064,-0.04697,0.00801,-0.04685,0.02283,-0.00651,-0.12622,-0.03686,101.145,99.421,67.914,26.438,107.329,77.608,53.327,,112.774,,,97.833,145.987,135.09,110.815,43.201,58.501,1.1854,1.1997,1.2025,1.1742,1.0576,0.9351,1.1028,0.9915,1.2611,0.8729
B374,B374_GMS_4_5,3,triangulated,3,119,222.03,164,0.3,1020.0,smooth_all,132.098,131.454,133.342,132.827,12.951,12.888,13.073,13.022,35.695,47.319,-0.26755,-0.01535,-0.0218,-0.01001,-0.00332,-0.03276,0.00708,-0.00423,-0.0832,-0.01573,135.666,142.541,130.669,172.164,133.122,101.532,148.039,,113.917,,,101.577,125.49,102.855,150.808,145.691,148.534,1.2843,1.282,1.28,1.2407,1.0929,1.0569,1.0645,1.1494,1.1993,0.8643
B374,B374_GMS_4_5,1,triangulated,3,164,268.3,164,0.3,1020.0,smooth_all,163.389,163.389,170.942,170.942,16.019,16.019,16.759,16.759,35.159,44.83,-0.16617,-0.04669,-0.00707,-0.00738,0.01175,-0.04315,0.01821,-0.0062,-0.10051,-0.00734,165.367,171.507,98.882,187.322,155.809,138.598,192.323,,160.863,,,156.563,122.253,115.528,185.719,187.552,198.158,1.264,1.2156,1.2579,1.2242,1.0514,1.0634,1.079,1.0949,1.1629,0.826
B374,B374_GMS_4_5,2,triangulated,3,151,308.13,164,0.3,1020.0,smooth_all,86.097,85.747,90.368,89.984,8.441,8.407,8.86,8.822,32.91,55.106,-0.21885,-0.05008,0.00429,0.00135,0.0164,-0.04347,0.01537,-0.0073,-0.08951,-0.01824,77.898,93.242,58.593,77.693,76.465,56.107,104.764,,108.43,,,87.453,84.259,88.476,103.999,75.566,112.129,1.319,1.1324,1.2745,1.1892,1.1181,1.0577,1.0331,1.0835,1.1894,0.8573
